,Rainfall (mm),Temperature (°C),Humidity (%),Flood Occurred,Risk_encoded
0,218.99949329699112,34.144337051165216,43.91296329635332,1,4
1,55.35359867961347,28.778773606025798,27.58542201296464,0,2
2,103.99190831096584,43.934955745918224,30.10873799777728,1,3
3,198.98419105734547,21.569353529527145,34.45369025447374,0,4
4,144.626803357344,32.63569247996822,36.29226674919587,0,4
5,221.57131159046816,36.00630044970668,39.38094473684352,1,4
6,288.362370366858,39.766934680361445,40.436802317079554,1,4
7,34.96400631455925,27.20913091284021,56.45730763900288,1,1
8,212.8703149194183,35.607657229724445,60.7658552660833,0,4
9,69.10324668963436,24.096044141528484,44.71033665010848,0,3
10,124.34301822227076,28.06428277085461,92.58371359365826,1,3
11,9.858817738541948,41.86881393610197,64.25117786711637,1,1
12,40.77221468780968,43.49722827992863,82.99815424267254,0,2
13,95.9331867146699,36.56452040781794,93.93902659366746,0,3
14,102.59574158639548,26.230556723285552,33.05080916606442,0,3
15,269.8755649386287,39.60173369923992,54.229958697250765,1,4
16,222.5438727799545,15.776012451762606,54.65683213716871,0,4
17,291.6548904561123,18.082377316182637,48.35778003506833,1,4
18,179.72145310057215,34.84121209126083,20.712469324131195,1,4
19,72.51411962739539,23.73745725810172,85.2777686222476,0,3
20,98.29650897649286,43.54158655201434,28.924745724312224,1,3
21,95.95077698759012,28.08181836276914,99.63844783374071,0,3
22,97.94829829897547,27.88094461167531,81.83667935289452,0,3
23,201.8892519335447,35.34238530572794,66.40080140852116,0,4
24,159.24237842712486,38.027056869185685,32.3685134193278,0,4
25,115.62725342599327,29.266762143754093,61.23143771145976,1,3
26,44.72693061861498,21.420027051351724,40.88869926862471,0,2
27,6.641748882643772,38.19925928176865,40.18580196344556,0,0
28,65.65040327630778,24.610538246208822,86.36233995059884,0,3
29,32.24142119060438,20.25332307881573,50.451553916754776,1,1
30,235.6335092556718,33.9492056977504,56.05790427126433,1,4
31,33.74938734416561,17.71361000971051,87.43717902240947,1,1
32,217.26847119205084,44.14058025258165,27.023250057507404,0,4
33,115.6976069328248,33.97191793236411,67.56942824728397,1,3
34,22.01351692313279,44.57686562765267,66.25725450984302,1,1
35,243.8190148294757,25.16680270435908,54.017165541334016,0,4
36,173.889171070984,44.136154835711935,86.38197131392744,1,4
37,70.72845385907192,19.366867431858708,95.4312049068554,1,3
38,268.4043522998004,16.220843170410852,57.22686895308886,1,4
39,13.577494161165438,15.989521813638078,56.49176407987198,0,1
40,60.54588245932887,28.94611111797681,60.16509837365958,1,2
41,225.6140783417583,17.490125924357844,77.84992246664493,0,4
42,212.8133790929668,30.365036525028053,73.44482325591699,0,4
43,86.7815081173434,24.825015105267013,37.826795936550965,0,3
44,18.607462605834936,25.06886977422347,25.111627887947463,0,1
45,257.4234216674831,34.06826989635509,95.94033038534316,0,4
46,94.10929142097078,19.892940184548607,40.88558077869634,0,3
47,58.714024478479566,37.99660111019193,71.08773477524734,1,2
48,154.81854670829313,32.460927593359045,86.27504021949778,0,4
49,273.0681597847342,42.44833886542533,44.0221400437749,0,4
50,13.063973353012605,25.9452196130257,70.8346730925543,0,1
51,229.74122640926632,44.48144976201377,28.632019291937997,1,4
52,171.74196838161268,32.274829401420696,97.59451555005286,0,4
53,127.63473496554508,44.202058685626014,24.65266200405007,0,4
54,223.224133231518,15.81181962141346,55.053973907278106,0,4
55,289.7473273324897,36.83928967237164,62.94553936480186,1,4
56,68.76186334880731,39.49864572878209,83.23854229306912,0,3
57,43.09420952163588,16.595198600294626,29.690281365793695,0,2
58,273.8645235668091,32.36908992048737,55.26463790841412,1,4
59,200.6859232371911,39.05826880768345,43.976925563476186,1,4
60,131.3958064685898,31.831161756692183,44.9608572554672,1,4
61,171.97787107928494,16.914407712164,82.30303328522007,1,4
62,223.6841715528732,35.80341722694934,20.43687560254665,1,4
63,231.9095696117152,16.81790744019926,79.9266913068773,1,4
64,275.96825424568937,39.52406685049316,84.8318744098485,1,4
65,128.0528366686868,16.29102549920083,92.10897950736552,0,4
66,88.02327300581851,19.12192143031113,70.15054425843869,1,3
67,191.89928003695255,23.253227715698053,46.6764262617793,1,4
68,124.7183697838591,34.000943767824,54.178778603909656,0,4
69,178.37953618469336,44.29077298893918,97.57888658299434,0,4
70,125.99573953678504,18.534685578598037,90.49494611486818,1,4
71,45.89873600345234,19.28123007641755,57.08207272795536,1,2
72,140.82802549768752,26.06611190102941,95.4450405688738,1,4
73,207.27534658230985,40.08657413265961,85.83639003251672,0,4
74,239.78514230029492,29.016928582524425,92.08718893278358,1,4
75,147.99788303896406,24.64831800767465,74.63817876607368,1,4
76,49.57136706312028,31.83611496626584,88.6123234769596,0,2
77,124.40631289482948,22.815695923372505,91.34129130674606,0,4
78,235.88817865250948,27.034797217425627,27.361326763253714,1,4
79,123.85778118512184,24.978154476961254,97.21735813285268,1,3
80,208.9592380812667,39.12423067243938,46.689047901125065,1,4
81,152.16410450342693,42.727671793140026,55.19196076666844,0,4
82,72.36693753281901,37.78716576470735,83.35230073542522,1,3
83,238.8451524069223,28.172507280899502,73.19170444579981,1,4
84,25.26403622120611,30.130049324899915,91.44479299488458,1,1
85,157.46708482654518,18.75221081788307,52.04590006214177,1,4
86,62.667310273021485,37.40594133403613,49.863053094092685,1,2
87,20.119688562412698,32.89427038185132,22.53510796330557,0,1
88,150.88018112497463,42.07319988412309,57.01803013357264,1,4
89,149.86864678047706,21.0183343072546,77.92566162632869,1,4
90,212.07027050271623,37.79178365797837,44.09429741009728,1,4
91,223.42520791557143,35.54014985157569,57.01812109390731,0,4
92,218.33744660786903,22.975366014292565,37.55182147882224,0,4
93,122.8676198750265,35.02135918622476,81.82302446971686,0,3
94,189.5069361679688,42.73120141729949,24.840924907291768,1,4
95,173.0835727931881,42.55307963001357,76.43064440003985,1,4
96,126.46852683507588,36.58879723548424,50.31520093959868,0,4
97,179.16380825579796,16.4421933760218,23.32768555096966,1,4
98,284.1743630118788,41.16793011960485,88.27756698334287,1,4
99,57.86812310441321,34.7333582101362,59.017749054493216,1,2
100,271.7316287356579,24.313027595482037,67.94551756929033,0,4
101,16.03665419495951,20.61751085117098,78.56245532195655,0,1
102,92.5167638704982,18.486115889919517,72.4059546400951,1,3
103,86.44357458345847,16.50710697773283,78.46854966516892,1,3
104,187.9095323642717,37.62309743852269,80.98253476622861,1,4
105,39.36748553318709,22.075289968298257,67.13212244516887,0,2
106,264.7042835519261,15.727588081297652,49.25102647262054,1,4
107,248.5654225395124,26.91811955525968,39.45137197730741,1,4
108,195.61974590558333,29.47821241777017,92.23225893222298,1,4
109,137.52414953765933,20.076906927003808,97.59398757105762,1,4
110,279.8868126426235,16.321450084876492,48.61302040785671,1,4
111,249.2239664161668,20.673764492942063,28.984858325784018,0,4
112,149.79454442437347,35.37308285509723,37.8029861693145,1,4
113,210.56200633629336,17.467310317536192,73.65338767897516,1,4
114,170.07898565390536,31.65111091670981,33.83466959666646,0,4
115,176.38267151647935,19.392359637245,82.40978184487905,0,4
116,99.2928208312414,20.87067520741258,93.84241918997708,0,3
117,138.62538138746902,26.79233649800096,97.09212120630778,1,4
118,23.43642923692326,18.02476008161194,20.74604047799125,1,1
119,107.20460749937774,20.196105083466385,96.65233319635333,1,3
120,208.7485546086456,25.46857234354062,79.21555353036942,0,4
121,285.9648091518559,24.890070164951005,26.724018581104183,0,4
122,288.9192338289061,37.47814457027196,53.219237502298114,0,4
123,166.7168607374675,17.24346915379273,76.00363796636073,0,4
124,181.98667554287465,40.8135220699903,96.53483941288394,0,4
125,55.716355650290254,39.48696512218365,33.13131148891141,1,2
126,208.59243242805923,37.97974919075816,30.21866255415632,1,4
127,21.19763780231587,24.281170873893977,57.78776426095028,1,1
128,85.40570573983337,39.686453566223626,97.44791149907914,0,3
129,200.50900418563268,20.484062408678422,97.71033722064084,0,4
130,93.0930394630468,18.73227617565085,38.23317928423275,1,3
131,14.954062234336297,16.34869000468462,45.54777183771659,0,1
132,249.56112280528916,43.17931089016727,92.64255885157236,1,4
133,93.09900214036892,24.240326931158208,78.78731926816513,1,3
134,18.931567457603528,42.52853640533718,97.78531429260946,0,1
135,22.436449350859554,23.178406845579893,91.45186904124436,1,1
136,75.52763963662609,42.22697878009049,37.20768402509947,1,3
137,53.40478416645787,42.117871585382645,80.77814875301468,1,2
138,232.29003533404529,42.71028135032139,23.88521852480933,1,4
139,96.50521400011031,29.88460317852581,85.42662229931791,0,3
140,241.40873551194971,40.97838860396676,68.12454099556865,0,4
141,52.15379934694584,43.5229768850196,96.48807701091694,0,2
142,147.86375386322513,24.738508256915384,96.80259643752628,0,4
143,206.41114006593864,27.566232170476653,24.065208721948423,1,4
144,195.59725615975643,36.57720562007232,32.841718844461425,0,4
145,180.33882297908065,24.010794651699022,58.73656378549533,0,4
146,277.4464805793509,37.61427926737977,90.35948199569194,0,4
147,68.55754431202331,17.216764356406017,85.15561138368452,1,3
148,148.1157613386316,30.704951528656267,97.14960210814228,1,4
149,265.1977650217226,18.669404522512355,69.44672936890726,0,4
150,23.368129678547117,23.79970429310029,40.52508156492965,1,1
151,16.766480475922574,22.75876177459416,22.008531160414183,1,1
152,69.99068626748742,40.16796220687998,37.83411925764391,1,3
153,189.90636586140556,20.805517662185924,74.02185583628997,1,4
154,77.96388793494206,39.253437604773566,94.10198586744104,1,3
155,57.07196514263969,38.81881037723766,45.67229338466119,0,2
156,137.64069460748763,29.966491666716895,90.05634642314364,0,4
157,184.07942063082345,22.01529766788389,51.59185986729252,0,4
158,74.56731210502213,21.80689019868668,44.66169994948402,0,3
159,90.20735601712262,28.947739413475432,60.707539424465445,0,3
160,184.06779144345413,15.26427022180549,55.38187939276922,0,4
161,283.7215265968358,30.940522638340987,93.10398948136144,0,4
162,202.4225182314265,43.583385773011656,57.46055579265012,0,4
163,234.871243075368,19.641206455877896,42.18683097784604,0,4
164,110.04302842664065,32.2003686442681,87.40524620015229,0,3
165,81.67630781533983,43.8533606593337,99.89996093276534,0,3
166,136.28032296078675,40.815664184748,71.85371353450591,0,4
167,242.1398486135021,40.511403491440205,40.036909514908686,0,4
168,136.88989253716676,39.65549791188568,39.10520616105434,0,4
169,254.0176226369583,24.27070818168557,24.616535697220783,0,4
170,296.6315942085381,41.71850493800437,26.18344308112679,0,4
171,21.607999719100903,43.240210536995136,93.198647614621,0,1
172,13.623046825111109,29.87377269897118,27.718968563964044,1,1
173,44.876910874008544,25.637131417783763,58.7475078621423,0,2
174,115.31090272030386,27.42687046817569,75.84974237545426,0,3
175,39.31266274362972,25.026193254937965,88.02838262188826,1,2
176,261.1993432856268,21.372553260736204,33.70167602029818,0,4
177,6.943875308119141,33.55345410758668,55.022294330028544,0,0
178,94.73781490074676,31.87790658735969,40.1184156011022,1,3
179,55.4083888482616,28.87755213117827,40.46584719732813,1,2
180,279.4617990472597,17.875361600544952,44.30714459893407,0,4
181,200.8443014670084,38.90678894118,66.96929715347738,0,4
182,273.6090769354124,20.24800688252368,21.326197734847057,0,4
183,291.698613093118,18.436861301881443,52.70130290524223,0,4
184,149.12947310321076,33.69214186448842,34.946410818623406,1,4
185,70.29573241440788,26.95933083713169,97.36948068101078,0,3
186,58.11863585897679,16.794254260569883,66.61833274002483,0,2
187,66.87565850575216,25.667050648831747,89.4476375064258,1,3
188,212.57799228660087,38.15341056854888,35.65519894156896,0,4
189,12.13371843690022,33.457476156512925,84.80125594590302,0,1
190,15.40832190981446,25.883580689609904,53.182596904418666,0,1
191,182.442882714945,20.75414374903764,34.21557510795219,0,4
192,192.617144021222,33.9538686241432,80.89961619105863,1,4
193,199.578877296738,41.62665902839066,80.96088780922247,1,4
194,111.56415137657736,34.38818154047742,99.67103254912487,1,3
195,241.78346661424595,39.387115639506725,82.47498094385313,1,4
196,160.08737631798527,30.64583515663113,31.621379834170227,1,4
197,31.639689002825836,36.53913320223087,45.80357934285826,1,1
198,239.1297921202036,41.886803213350575,56.13815338329168,0,4
199,285.9203358811375,38.19536934775965,30.132224456783607,0,4
200,18.010893900707604,42.29561860194437,83.04311795582512,1,1
201,117.40540161017398,27.934188063481795,62.13588303300692,0,3
202,146.25481345042428,42.1266076538117,95.55596552766028,1,4
203,43.941228023495086,33.647017034451224,67.14465156206562,1,2
204,260.31268433486315,41.10146298245081,61.83192669906031,1,4
205,85.2448934670132,16.181295913135063,25.714012234629145,0,3
206,234.90256198144803,34.73557145740608,31.947672395566222,0,4
207,201.2983446084948,40.43925236633696,87.96208614113209,0,4
208,179.41374674010703,20.226061009295996,99.25407822606466,0,4
209,57.64285460896632,34.8536080039477,53.21433087186156,0,2
210,66.21105616527171,39.74864142649895,84.80688669799433,0,3
211,14.204521423970796,23.638481088979116,70.20686130645214,1,1
212,72.2137289346799,27.15738983719176,96.72474189373708,0,3
213,103.63308283815424,32.08553155497658,39.05097883552746,0,3
214,249.9435911587276,30.57503066653686,63.58685944063544,1,4
215,109.9178000144416,16.17568179111407,52.703665467407646,1,3
216,226.38653482968192,17.960162942562402,63.33727807544122,0,4
217,131.83268438864627,18.01399737913084,41.508646673508416,0,4
218,235.4604935981665,22.86803716497525,59.81969301725952,1,4
219,292.881480131112,22.37592338407348,69.98433173798121,1,4
220,71.95246741727404,37.26667151360399,26.497270719959367,1,3
221,258.70248358916285,32.18233158048434,79.43898038460986,0,4
222,186.5472258917324,37.91928253935723,76.52183705283338,0,4
223,245.18827847659645,17.096881722326103,90.43660811611882,0,4
224,195.47577068034155,29.55642712414802,54.06852414479404,1,4
225,127.18485218224504,24.713267377958083,24.933530609177417,1,4
226,68.4224818325371,40.49817932267239,56.91689032173496,1,3
227,21.010567599349507,36.2336747072971,31.008733764956915,0,1
228,160.6555093382151,41.07775412480389,71.79574508174542,1,4
229,297.0978283580597,16.392813672181802,23.770521930504465,1,4
230,221.41254150426187,36.624704686998015,49.91971249821561,1,4
231,98.20366241970498,31.20025056478734,26.62743187899963,1,3
232,248.16144002602056,39.75000087046698,20.269314725728265,1,4
233,230.695200052922,30.21481772777463,96.84457791212736,0,4
234,84.49073800603703,31.206272337057268,99.69018784210242,1,3
235,4.292246938270406,16.553021428261953,64.44023612254504,1,0
236,35.44879156018488,35.055685951079,39.11646799563872,0,1
237,263.1918570936173,23.1941962681515,92.8879229446926,1,4
238,250.96891059146157,15.590817665364614,93.84292776608854,0,4
239,88.56270026350873,16.9931148751809,88.36071129365648,0,3
240,85.55862788532612,43.718568268980775,63.54959876539056,0,3
241,237.8594961307413,25.382318687395408,25.976172871682195,0,4
242,281.3212409686266,41.04226885863477,27.075114202943823,1,4
243,233.74117703928,43.79031702207767,91.72958301701242,1,4
244,181.67360310922845,43.29801566511968,90.06614779657835,0,4
245,72.80140509954136,41.4517572209826,54.75177993449741,1,3
246,157.7243742285782,41.84531737383902,46.252369558114026,1,4
247,70.05355757797939,23.670241330228546,71.52991361152817,1,3
248,242.4034260290321,19.54409670781075,84.559035860442,0,4
249,116.08832385532118,34.17787686263771,78.53479536414568,1,3
250,250.10916509820785,29.643167756064717,69.24823504405651,1,4
251,114.4827653948176,17.96240156085513,38.52088355558651,1,3
252,247.2448215599674,35.32623948067233,41.00038953765721,1,4
253,99.99534454957258,31.885800224543203,77.92539851181614,0,3
254,132.03981138530096,40.89202202431317,84.20958819608248,1,4
255,184.64652580279727,33.27551387065196,29.290815047967197,0,4
256,21.0862842089756,32.21838539165261,34.983763816904485,1,1
257,284.46211854463934,28.22255169997884,74.43762097418971,0,4
258,172.08173583714097,28.88361209666611,51.118926997712094,0,4
259,152.34600440724068,43.63143680937348,65.06342938168245,1,4
260,251.81819133597364,19.15338028200718,69.18519621245089,1,4
261,259.7288189690483,28.38656455746561,82.09627738138656,1,4
262,156.6781213587048,34.67481701780528,84.4573560573526,0,4
263,278.1786977380912,27.99031936771199,42.40769962091652,1,4
264,19.421329822944188,23.496468811222734,63.30373831377371,0,1
265,33.967737675365264,23.620721122885644,29.88191508975042,1,1
266,179.03646900433205,22.009681387731472,87.3612134958039,1,4
267,106.2197585380751,25.317096017492688,87.63583506665566,1,3
268,139.26754985675964,41.15024326750701,43.96045751995651,0,4
269,98.42376536914996,30.156736509689857,32.8496165937634,0,3
270,121.41759343348068,22.207161842334557,25.60734225602133,0,3
271,246.79390414388985,26.53580151079597,65.99811535292687,1,4
272,178.0428599562914,18.17491236235704,27.314248031990385,1,4
273,299.2033647850495,42.12107219216214,74.447587569648,1,4
274,236.0637593462889,27.24593496274296,74.2501120827317,1,4
275,82.09987623054799,44.41173613779228,69.11899257052997,0,3
276,79.30353531800887,25.426163197875574,90.12484014904756,0,3
277,100.76948103510212,40.09068141681364,50.26245541833055,0,3
278,252.9778441943228,22.6915593987436,92.1815666099662,0,4
279,8.186295195169679,17.284586801328068,22.954029507690468,0,1
280,69.05438366137732,15.95200085021402,29.0205590337126,1,3
281,271.47552610328006,33.18505279934351,52.97644500147547,1,4
282,191.9689308249756,24.34721015020768,67.51944149508589,0,4
283,68.05412865031693,28.30559641427485,22.59005093114925,0,3
284,65.7434904697741,39.55941106802386,65.39475771394112,1,3
285,258.78543052782913,22.443242570844063,44.59186531864251,0,4
286,268.1272524831139,24.2595743020474,90.97174462494634,1,4
287,76.83932728863458,40.36008555176002,62.66276733349847,1,3
288,126.15310742295968,29.782868200305124,67.0315126573947,0,4
289,250.37872158849515,39.82995501157463,95.64974488919066,0,4
290,231.3022315829656,26.23428010398949,81.13368213236748,1,4
291,244.17483196982533,26.951099424813258,55.06186129174125,1,4
292,155.51945723639062,20.014150853347687,58.15036919648155,0,4
293,273.46471449155194,42.49037560784899,71.83390948475191,0,4
294,97.78546318633056,41.90351082037829,36.01593733204105,0,3
295,47.00164030425541,44.526510436943205,27.09206723952981,1,2
296,212.61969976945943,27.073413815091342,44.89892127564947,0,4
297,161.8063248020689,39.55844825275926,82.27062383489843,0,4
298,256.3757306428443,27.44861195016356,40.58590390159608,0,4
299,24.34777473741449,28.628963667629183,30.460736026873576,1,1
300,253.10772103142008,39.89998180784474,37.521807876980816,0,4
301,87.98839596264666,20.321003126591997,74.31783296045651,1,3
302,196.4567001504549,21.60932803385257,69.1158445354815,1,4
303,12.038636723476737,24.441847211874453,75.06519978371489,0,1
304,182.8743888910802,38.645370975001725,45.75664981443056,0,4
305,215.1815067562008,26.17954648104248,92.06849015466172,0,4
306,110.62506435168608,25.745046248422845,56.14162858625164,1,3
307,64.62321157864207,44.964490357657255,61.09704255415549,0,3
308,161.2892029810635,26.514184292984385,95.90463808017016,0,4
309,249.957241330694,22.43311608946761,98.34218143559804,0,4
310,97.06420748899524,33.6964103460283,72.92341807332414,1,3
311,75.74078925638386,39.05639855865002,95.58505540606328,1,3
312,83.68059259130631,17.088235011694778,63.32059090723546,1,3
313,284.7396458749993,33.56676693415425,44.58263564534174,1,4
314,107.7830747293679,16.072063676406742,45.207428477323305,1,3
315,1.0812719664861523,30.78997052938554,64.71524719058763,1,0
316,234.50436238788592,22.709746912734275,68.40288965241587,1,4
317,209.78243860061704,24.19925093019557,55.16936559357991,1,4
318,38.57047938089067,29.01287891947148,90.70171868094752,1,2
319,295.47127474047375,42.81322382236761,54.13568949708405,1,4
320,182.41868559153332,36.3200191976363,41.87389175981343,0,4
321,150.23384728218045,43.10536788853489,20.638550267483183,1,4
322,114.66578028686732,34.799130136760326,97.64554225261097,0,3
323,269.6018266690914,15.21323241263579,85.94506265143555,1,4
324,73.18904442556898,22.96755592043033,69.24476677482632,0,3
325,85.73067006597056,42.173177331611214,86.44338031227691,1,3
326,36.72324200597007,34.30336562903234,84.82313842007551,0,2
327,227.735728675278,44.449417097108245,94.548062418066,0,4
328,178.664784121756,19.67892057654887,50.88541466883,1,4
329,182.7198507763495,23.902434993195584,64.38817936687526,1,4
330,65.54112930583909,25.87102978551109,27.890241897619678,0,3
331,195.35051673812515,24.79673454501932,97.22523405751784,0,4
332,229.6375341740592,22.559745904496417,98.8101655426,1,4
333,107.36655921770678,28.30397147270333,83.12673983449614,0,3
334,240.40414318851367,34.268943701081135,56.32967865186694,1,4
335,104.63717655960627,24.33770768660088,59.725340073148615,1,3
336,227.4415384527863,17.390997699427672,54.82935463902856,0,4
337,10.119032237315697,36.2559758067949,43.46485092177844,1,1
338,165.3493804420958,28.77049667343806,62.22331244390133,1,4
339,290.857968191966,31.694469182701894,24.275605560045346,1,4
340,294.3733802047172,28.66201971491745,99.35096495497346,1,4
341,84.52577350252218,41.710725103647306,53.92401081313126,0,3
342,132.41972732410665,31.7623499149914,94.1893267229685,0,4
343,18.893372395989918,42.69830519555249,77.94171685280028,1,1
344,262.0023922813799,30.317260246680007,43.19543334911472,1,4
345,170.57164594206424,23.77764486720845,37.76420945396819,1,4
346,115.5302036821551,25.6632776152859,99.6540347009885,1,3
347,33.831167546745924,30.66387880754357,81.77010840432285,1,1
348,284.0301856490668,30.89968313415026,39.97291793194727,0,4
349,159.0657143462981,35.620131046468465,25.395603854180848,0,4
350,84.87837872487117,21.734846165598924,75.7533236241103,1,3
351,105.06453903945284,34.76528699896505,44.24131654488611,1,3
352,81.2091542766443,38.357640251422566,37.706465010217386,0,3
353,180.5429426570942,35.297759684009705,78.79499321194689,0,4
354,278.98907273415296,29.454843294527727,74.34090581234781,0,4
355,257.0081409979693,44.750419533505024,58.51301398081529,0,4
356,138.11426262779324,27.144394773876485,95.41247462162984,0,4
357,247.94980869030235,18.19771843739488,74.37106928459929,0,4
358,126.93164438289897,39.64512646222029,91.47356484959272,1,4
359,75.6921422275914,21.366036566412543,35.244235387977525,1,3
360,295.02453457992834,36.39856718707326,43.731672806471096,0,4
361,91.16627039124656,20.369288481453776,28.36161069549826,0,3
362,97.11726929607252,15.506321725738182,44.36639982976283,1,3
363,296.9078603359567,19.79395811367077,97.74226633651044,1,4
364,40.17824794969647,26.309660897274657,97.02849968738406,1,2
365,228.16019640290853,18.198547413893948,80.83090836407928,1,4
366,280.743827544818,20.93037252707046,61.68386102263658,0,4
367,153.5384982826256,37.93878833053179,82.4623839033796,1,4
368,0.7565285108460107,38.09650823931392,64.27895609709759,0,0
369,112.51768323393188,39.5246468157293,20.28068037371547,0,3
370,33.470697715448125,40.234657096427775,60.12376591548925,0,1
371,124.85629828010872,27.613076838412663,67.9138756808842,1,4
372,237.0080284926854,41.02648982080585,41.25986860024034,0,4
373,131.61346466514016,30.77810625042129,36.26348513933293,1,4
374,129.57753640377675,29.11791350808024,41.9047275844521,0,4
375,167.036843075654,36.55608986987328,69.89021996142925,0,4
376,174.50717542430405,21.41455234079721,31.6851291948442,0,4
377,256.8888926396914,38.68492130482416,77.62626410635995,0,4
378,92.50663176868544,27.88397479698609,53.81398567692876,0,3
379,246.5013793104048,18.81886242011281,48.26782873642604,0,4
380,169.78012460761417,18.57935740550903,84.57850333442823,0,4
381,90.1588649151441,19.947202315401004,60.48505995492213,0,3
382,88.53781320182314,41.71718202731347,50.27204489527425,0,3
383,108.34125513171736,44.72813466777143,90.25237724484836,0,3
384,186.80797278599263,25.709213976038505,49.46013057595806,1,4
385,69.24351940798475,23.764315566158928,88.72002263546963,1,3
386,276.10006850168025,21.56312917783012,60.33589587700466,1,4
387,172.47377525337012,39.71449431501736,36.640567796400575,1,4
388,276.00473309880203,21.276224472566284,69.0254550488867,1,4
389,13.921307573746413,42.72270389790809,42.8258821015969,1,1
390,102.78341113844202,35.02051136913848,31.77241057409561,0,3
391,6.842298206286923,41.91383375007584,26.92234971182236,0,0
392,81.67554452939095,31.62029563182439,39.33578686379536,0,3
393,258.60194168057643,35.7203958654749,78.9243713601753,1,4
394,10.982914752660257,33.58374301973123,87.03993779005941,1,1
395,130.84412997472344,39.93586368971391,88.93766767855372,1,4
396,35.27012114196834,40.07582433557643,41.61186189679549,1,1
397,125.05219777811033,32.693789995353754,72.87783463562735,0,4
398,251.6554752793132,33.97522947989317,38.42832479319436,1,4
399,186.92131002075573,42.6562776149349,69.82096911745923,0,4
400,221.02690359942696,42.89599451894908,90.97687944333576,1,4
401,104.7312346348743,34.92749351685545,23.27149460816651,0,3
402,283.31930850304246,15.232628345194906,98.81805341803248,1,4
403,212.77862813385,18.13233644261823,86.1670301966756,0,4
404,126.53964578535928,40.73827595323249,80.93296930349587,1,4
405,127.93944006811648,17.541423491124046,75.30903149694328,0,4
406,275.6052533829893,21.405575425651996,81.62191111311027,1,4
407,172.92140803061753,21.916400406649554,99.56762848324368,1,4
408,211.9137629709125,33.007043093397144,81.61530376900325,0,4
409,125.11056735395124,32.298983936512926,48.12806277346616,1,4
410,67.10782942941424,23.682525702612008,69.11374823468026,0,3
411,217.0677875983256,21.228340967053285,46.95384129278686,0,4
412,182.34713164241637,37.93596089572428,97.60523546053366,0,4
413,150.40286412743382,43.063684668179285,92.01117862605602,0,4
414,187.2062819983392,16.58417039749316,65.40961819702628,1,4
415,62.48567581927009,18.99541388114589,82.50190035947593,0,2
416,238.1816119595869,34.26491966117122,92.77495543774111,1,4
417,284.4488415060917,39.133243550142765,39.48802109252475,1,4
418,267.33094325031084,38.73566006329199,66.35854855430438,0,4
419,96.43072359210514,36.59049459248068,58.53730554020387,0,3
420,121.80173198462276,41.62283863494276,81.72730838743531,0,3
421,242.52068993926835,21.520466387124387,50.3266017067063,0,4
422,178.53513924738115,18.21872839475841,76.71837117665532,0,4
423,164.37433310299477,33.46088910274105,52.23944712093903,0,4
424,277.9925902600336,39.66827674570297,28.88598917156034,0,4
425,160.80748829311523,32.4613073544172,28.56971452866538,0,4
426,154.48160387619296,43.88992462376719,29.524505964254992,1,4
427,12.605577379907896,38.86693384175368,22.60159007457294,0,1
428,20.82508757704129,36.023754027277825,62.63785372774176,0,1
429,2.2260923641950536,16.807718726152007,73.7522145586988,0,0
430,273.9732677350901,18.232267161950464,30.138272146055165,1,4
431,122.5159980053102,38.54512897773583,68.94864001772896,0,3
432,140.56841284002377,20.94713776731088,67.81920626063297,1,4
433,253.6160842777386,15.865055282369717,31.76752411174899,0,4
434,182.7738931127334,42.32282057240894,52.32660799690106,0,4
435,182.85047891717437,41.72416121103703,80.41085678167872,0,4
436,88.96032880644373,21.55451481694476,21.34048204416092,0,3
437,250.17251217735577,38.40618774218864,31.755830711871056,0,4
438,49.74899281184813,16.43938983634965,99.66626994597956,0,2
439,15.94487765188437,23.551740114697893,78.68359177192477,1,1
440,57.48100725555969,33.71000724769874,57.13042233754046,1,2
441,80.3211656323694,37.89536988475156,70.38411296733003,0,3
442,84.69331735626201,15.311975663645686,87.69767764787795,0,3
443,201.15407958563029,24.78625839821232,87.38436684429094,0,4
444,65.34737619859305,21.43036680191022,45.97611483689657,1,3
445,202.99749134849537,44.96341217246171,59.303313803617925,0,4
446,27.33965197013992,35.12946697155705,71.0444077198915,1,1
447,44.16073832937271,27.170143586392317,25.751753321168323,1,2
448,152.6464345472985,17.26957805942055,95.66372795126016,0,4
449,276.5687407729928,32.960107725208914,54.61934605298984,0,4
450,257.8702766433342,34.25104412808193,49.66898618063415,0,4
451,290.62603273284094,39.49217782509405,92.56802891598608,0,4
452,195.1437195834513,23.657305587580908,29.46293190024837,0,4
453,202.7444599248276,44.44284241440289,23.14086379096868,0,4
454,187.50689967944763,28.183972179418483,74.80019298402192,0,4
455,186.8456768574592,23.87831263978481,50.80023744840833,1,4
456,44.13610352027539,25.45348002004373,81.15806470640847,0,2
457,163.1216868491786,30.58758158901372,25.48356892214044,1,4
458,115.82038003551772,43.101046935213816,50.70057148283091,0,3
459,132.76116473318802,37.05476393758202,38.82601696368898,1,4
460,157.0801719177712,32.313289483913465,79.16852263572778,1,4
461,38.51885154067548,19.88431163939585,38.173608834189714,1,2
462,107.84632015563596,19.48059932672615,56.63562678194839,0,3
463,19.034868262981075,30.06590741440692,85.51020409093695,1,1
464,293.90043912671973,36.86126113804947,93.23124283715757,1,4
465,35.55840864603784,37.5303651826533,77.80846349326222,0,2
466,77.55742156348634,21.777431516287752,54.33827292263629,0,3
467,267.38787801101915,18.0029853854176,65.75886997941865,1,4
468,144.81301387174256,26.53382967761368,75.17519577219952,0,4
469,40.69116045618909,42.54517629732223,89.99461012592944,1,2
470,115.26916141180467,31.361017580081462,91.08591878082332,0,3
471,34.760398257415744,24.60299300495323,94.47755931906777,1,1
472,60.06479912535053,24.70913005017365,84.85688791259058,0,2
473,15.608954084953508,18.962611356665548,31.74383487533334,1,1
474,131.46824836473,29.19671208318474,79.81116267089945,1,4
475,241.99083651757795,38.74088035544516,85.16738988505742,0,4
476,175.79075360996865,44.05676074582024,90.2297142141107,0,4
477,181.90359164538356,30.047849998739263,93.98535156942609,0,4
478,60.1752090249721,20.016447475280653,60.7327850814758,1,2
479,103.16815297570994,35.48851199408594,72.40741560994483,0,3
480,253.5726311522496,37.70374028235887,20.764222129357528,1,4
481,26.35685529795436,17.150992482693066,65.82268541539472,1,1
482,257.37919610056014,40.50417388893686,57.85587048591517,1,4
483,145.10700787943568,39.87967169987572,96.98448357558397,1,4
484,251.1442293975352,29.17623162117354,92.13674388821816,1,4
485,95.4019258183201,31.81267555847605,83.80831435467086,0,3
486,101.65288547490624,36.40224191132758,24.559534761621336,1,3
487,225.48146049694284,35.302443751885775,52.16230738266666,1,4
488,235.49885201766605,15.496079345796272,75.68337777556481,0,4
489,68.89340339704403,18.67305911545457,22.372859485142484,0,3
490,291.86139744657163,19.87771667343737,38.865103340224096,1,4
491,25.347031273448685,37.67027667216296,91.0005752094503,1,1
492,20.550888930639267,28.202506886771403,30.382461383953935,0,1
493,178.65126458583083,31.365078791604752,24.109880347091533,1,4
494,216.8222303314864,38.18062310686452,66.44686050277355,1,4
495,288.26583876749214,25.229468071922724,95.71716923422242,1,4
496,121.48373423965847,37.46670681956319,86.7699791926911,0,3
497,7.587422696889934,28.26897823888679,97.98180037767644,1,0
498,180.86890183392208,26.3154056332262,80.28185229569995,0,4
499,86.90880617963155,24.991117921642203,54.98958192676572,1,3
500,129.88413635862068,43.94834446477149,95.72931516718992,1,4
501,146.54084467498058,38.15920232126936,54.13066227626494,1,4
502,19.353783221410147,15.60587822320588,48.00756930753955,1,1
503,145.79453536923083,43.72246459554606,55.85567342139471,1,4
504,127.89590004129442,38.2631888918002,85.11791635059716,1,4
505,213.76327958597795,19.475241433627662,93.41548398791106,0,4
506,193.6997733637034,17.290143762339515,48.61456879677405,1,4
507,55.56471544516831,24.2458228097836,56.979796522581,1,2
508,61.841675463119095,33.725445880381855,91.86618586435064,0,2
509,75.30185363231197,33.49640067448402,23.763493162293518,1,3
510,53.6851320891532,23.275503754476613,82.70949552910811,0,2
511,197.1639599005401,28.370249359722536,56.33742065874713,1,4
512,298.32905376008114,21.356704671412064,50.121468083973696,1,4
513,195.63250215478095,16.517360555002124,55.75370334694712,1,4
514,182.00446385738735,30.50911402280636,53.49525404012638,0,4
515,122.97838000532174,25.409734027561143,80.52948945502447,1,3
516,93.77407765792822,31.2864729689379,94.23580177953244,1,3
517,273.3221270719438,43.39521967411355,59.31646603572629,0,4
518,290.7005622426459,19.301109350859637,86.61870286260091,1,4
519,149.03285267631833,15.05886054932866,78.5555628569791,0,4
520,87.06014865196724,17.306346398463756,46.45446284451815,1,3
521,231.03666230093032,28.88124888304887,66.9851051621238,0,4
522,39.73703726006354,36.2079608940697,73.34525400125557,0,2
523,229.67647129310447,32.422908099515666,21.87994975123704,1,4
524,245.6845122934016,29.84683822121241,51.676444097939225,0,4
525,37.47118338815021,25.618893932772373,99.41105406779654,0,2
526,293.0584406389692,24.29922514594503,70.98051416560749,1,4
527,295.65368711654355,26.288585253149403,46.73952554334208,1,4
528,281.01584379820537,33.34904862027214,40.00192315205823,0,4
529,148.8104428218793,20.032618675966084,36.7585281680605,0,4
530,73.82224268304853,38.14086249163877,52.1313127172166,0,3
531,174.6027842645739,32.257597202793306,35.461255248608765,0,4
532,125.98015154143071,23.07469132834283,30.814894564282252,0,4
533,61.78459341515913,30.03458888433851,49.12506275415672,0,2
534,127.10292288535427,43.88336063055499,68.55997541166346,0,4
535,199.1669507032772,15.61474587435582,31.711934566890267,0,4
536,21.27399323579732,20.98567922703688,23.547461909028804,0,1
537,100.02540043380496,28.45140719709834,22.770625445095327,0,3
538,5.338467003847558,34.15319165339484,41.390740194877466,1,0
539,224.8486516385027,21.366847988564555,35.210583241304136,0,4
540,192.20738028501023,42.942118451285886,63.14042882321218,0,4
541,18.80164041058976,34.27716037273926,56.45761496407196,1,1
542,289.42126788059034,41.32295846869292,45.98132914712149,0,4
543,6.786467138130203,24.87953790750956,86.68342673207687,0,0
544,176.98819394282657,39.868618029198885,60.39575943972211,0,4
545,232.91023853971677,26.34657650698339,27.322399366727936,1,4
546,236.36889391341688,22.582553173836143,43.66114832589562,0,4
547,10.285540677961135,42.349660174913794,97.86714129572732,0,1
548,271.9245397921318,17.76655427036564,98.15818566064117,0,4
549,275.53550157813663,43.28666388169212,40.373730843769536,1,4
550,168.4171119463118,28.755456176028165,33.37889030359311,1,4
551,144.62495966614384,44.77876420457585,59.65505169737955,1,4
552,13.460238918779943,31.187839612050865,58.51719345334772,0,1
553,168.5862427529606,37.724645162469095,52.81101498152137,1,4
554,122.81372453106924,15.21213049014012,62.34857819951624,1,3
555,231.84192222259685,29.900004598804955,38.575630281456064,0,4
556,121.16507006582636,37.12360414854346,29.194347323494974,0,3
557,205.0742499974129,38.48481059875347,65.6369166781148,0,4
558,30.42244387125924,19.74145747804794,94.60783974259,1,1
559,39.88568122979008,27.56912851148336,31.019942129623832,1,2
560,41.9130571947475,27.57215874358016,76.38517793851699,1,2
561,13.657649939923056,18.109224254971675,55.0317349904308,0,1
562,162.39865778094114,28.291365230744,43.518127178304326,1,4
563,238.1903178130908,39.21278876088016,88.24873747139407,0,4
564,183.12336110809983,24.00542212856961,56.51933556297456,1,4
565,172.48646566585688,27.977235656816493,66.66496112543922,0,4
566,204.1871785208209,43.82876055186428,55.44450295519435,0,4
567,101.89359692160444,15.951242276746866,26.49996653356423,0,3
568,108.58622149446867,32.74565303686067,67.59237495201488,1,3
569,94.28102946627676,37.30308275332887,53.5072780030497,1,3
570,213.63267985607268,37.82647302093535,26.940528485410372,0,4
571,48.49210070123229,36.47814074652133,67.66493875351799,1,2
572,3.9075840938773134,36.79354330405309,20.7896745631382,1,0
573,178.85893401674772,16.770379970191495,36.68163106036738,1,4
574,282.71440942026163,31.024098574089983,82.48556295241698,1,4
575,182.8223750988914,38.489072149717686,23.03419398869876,0,4
576,234.87649588226853,17.82195147111989,71.7345678444111,1,4
577,201.83721283980904,15.361497671606037,95.97655569658592,0,4
578,149.23099605690487,39.436854947989744,33.69539665384054,0,4
579,215.5177205351538,36.36883162699468,53.368948816765965,1,4
580,247.23123715656652,27.36619250743328,66.03981578967986,0,4
581,67.4194932515094,43.21189297722516,56.03326709870754,1,3
582,100.83914414494366,37.99794283954414,69.63021489454138,0,3
583,67.11771975098516,44.03582824819732,52.32780201335985,1,3
584,135.6518866771323,42.87945778642402,31.88033032175364,1,4
585,265.51936527500027,29.43880808937921,27.12354878595645,1,4
586,103.56213025059972,37.64126935930698,79.55545249417156,1,3
587,112.340066739166,35.07574166422917,39.08991596175238,0,3
588,258.1101704015795,39.34335630277474,87.79602502133787,0,4
589,154.61229922340257,38.63065206752976,79.44217950574723,1,4
590,160.63469989423032,19.5969591009968,23.95625474738893,1,4
591,258.2403609996639,22.01206595425639,36.09688936509882,0,4
592,147.15802110764196,22.97194731532702,43.35941252476306,0,4
593,204.46726038881857,39.55495677651032,67.55857990608321,1,4
594,25.693399762218217,39.32225111787567,84.78616002521112,0,1
595,53.58951393806559,29.860060408183266,24.826660412673853,0,2
596,121.31286021487368,32.42496777755764,39.96871615038487,0,3
597,148.45172034596246,39.807664589052,50.09678099037768,1,4
598,289.72011037086884,24.377808020332296,34.670172367053304,0,4
599,291.195489914337,16.5053633074909,63.62336780050793,0,4
600,255.3591262436285,29.477893148375017,58.240198348664826,1,4
601,94.67965058567236,42.41151431546015,45.31965136409279,1,3
602,289.2084872497319,38.71404782880219,61.35095095362854,0,4
603,206.80225940286377,25.99851909325457,48.46572514808911,1,4
604,117.88203834522012,16.9431408144851,47.45552539738326,0,3
605,210.5024750954299,34.1075851614753,41.2316420285594,1,4
606,4.956818935957974,40.034723876115606,63.23503474515106,0,0
607,43.84640468226407,34.948456993639155,55.52923155618615,0,2
608,248.90571346691036,27.75223994289059,35.7059827301779,1,4
609,193.6720910619513,18.70060839537214,21.037300871855933,0,4
610,109.2584103875652,42.32322732412064,32.07436324903355,1,3
611,150.19999206681564,23.27874977260149,23.42676811988314,0,4
612,271.5426448937301,21.728611094788786,54.52790669107457,1,4
613,189.473432843726,39.47929996828962,38.00774831298867,1,4
614,119.44478518029908,44.43659816171571,53.636426601977966,0,3
615,36.097997219260506,34.80480776234281,46.35598986960071,1,2
616,88.1240404876683,33.744314670736514,63.04118485492534,0,3
617,293.502069838975,24.58292607663188,77.90934630308807,0,4
618,131.20891885553326,15.61240352055388,58.34511505070851,1,4
619,141.55183915345825,20.75393597468129,24.95744487513047,1,4
620,149.5794097191046,32.53291309669716,21.40083851319264,0,4
621,265.23120688446335,19.539493854481364,37.05849330220313,1,4
622,181.17848531559292,41.51507420793982,53.9974008976683,1,4
623,208.10311093557664,20.64434063558656,23.592402290181383,0,4
624,116.8240627647312,30.66313359035705,46.21870438719112,1,3
625,8.726285576692305,30.360397373063847,90.9620566316122,1,1
626,279.2918742728533,33.11836890388952,27.201521748173548,0,4
627,284.7383042749219,24.82302209154117,95.88132078156588,0,4
628,284.74591600441534,41.20602603195946,88.53374204072958,0,4
629,283.106125994015,28.329046079252088,86.5424924810831,1,4
630,244.57258232086832,36.00460736209722,89.09268087010328,0,4
631,205.37881503489805,34.0773258290011,26.404021220238647,1,4
632,253.35297548018568,18.5146824935911,32.09344751829575,1,4
633,180.1638717003109,33.67918058107834,30.749794124886574,0,4
634,40.310884167607085,31.52108033943288,28.89934486011008,1,2
635,117.36544951242632,41.95812189767717,46.21689756257834,1,3
636,291.3884735918812,41.42629909454711,86.41735063604219,0,4
637,105.34134407869688,19.528643622349392,40.15697149049834,0,3
638,260.34837411941083,17.45055436759823,39.5377343193808,0,4
639,27.963441232460877,23.83776657632606,74.07110059364906,0,1
640,100.25515271264088,44.59838570052926,27.754008170937368,0,3
641,105.28599741821388,15.647213292189502,48.82239938895392,0,3
642,15.480762932694049,35.186767187186305,43.63410454753768,0,1
643,35.72829905602649,33.25541201522931,87.7840691303537,1,2
644,57.9495633365313,34.397348413734505,61.1601022100368,0,2
645,251.34467724303389,21.548576693122243,71.71788512975527,1,4
646,19.02059698194192,21.801520373995498,30.32274705649882,0,1
647,89.61027040331616,27.919262465214736,94.3134608444728,1,3
648,3.0525007767802537,17.87573421200869,45.796172330008375,1,0
649,208.68832362090745,17.238396270568206,76.54710702745291,0,4
650,186.09092701301395,17.650783604582916,96.37009439324348,0,4
651,193.49467861594252,32.18937513918773,60.6919089292802,1,4
652,112.3148354143856,26.93225570693681,60.60282069870844,1,3
653,62.48034638027071,23.808503419718207,29.379953884676155,1,2
654,216.09606398581,24.474581389539168,51.222044513850335,0,4
655,243.3353618222085,21.21849917547221,88.19719511052284,0,4
656,41.58044942946053,27.34516005965805,30.808520567915867,0,2
657,146.0488283812264,21.091742075999026,93.4003304448526,1,4
658,74.61470459365876,35.94138126897998,73.38475315093254,0,3
659,50.43205836184011,18.71797537961808,53.67678680472308,1,2
660,220.2975940484997,43.4472625374254,63.71987348205258,0,4
661,161.4290806418511,17.694568203818466,32.039728618936074,1,4
662,64.85559971360033,43.30382142839628,37.39866345101848,0,3
663,93.00000336346352,39.9988491456122,42.91267416533383,1,3
664,289.9961013983227,35.421363618401415,50.78768945395316,1,4
665,254.603869412567,42.36904966696451,93.24175959943878,1,4
666,263.9840228619385,19.176563805521305,49.40552199721256,0,4
667,138.0036291242124,20.28944322560746,61.90681923089768,0,4
668,187.1421791762625,22.564577761764475,32.96209291342738,1,4
669,113.03032206132347,22.34434580297673,78.87785608416564,1,3
670,23.31359270666716,24.32544812781481,64.82246792533613,0,1
671,120.32079319703476,32.2689269481928,55.19259663866976,0,3
672,178.1942259621434,15.845178339153138,95.77491724465548,1,4
673,86.14328123043943,26.468177851199272,91.25206753134694,0,3
674,254.38517241822476,22.39155383677789,72.76090178755979,0,4
675,45.33004775237959,33.19889544158166,93.74499249252216,0,2
676,110.13872683107596,44.55507993154607,65.18254359464581,1,3
677,37.47117159726088,30.529638365501174,86.15497213722135,1,2
678,121.4496401955676,27.770557173553016,52.756813134814905,1,3
679,11.898391492281135,26.047306354353484,26.93953530783581,0,1
680,81.76481851849363,38.548476566395735,99.53188716232876,0,3
681,120.2205765341051,17.15942794952181,33.2505216661258,1,3
682,143.4496089830075,43.79311543380365,40.12080314071915,0,4
683,163.10890754254257,27.53753657964137,33.04827115398716,0,4
684,82.49733893697567,24.41102177475339,46.99836143829961,0,3
685,156.9124003844617,44.22204349199104,43.1424106981071,1,4
686,152.70138646861795,43.076365897296,68.08817988393879,1,4
687,94.85341526286253,34.25802419297163,99.71680115354276,1,3
688,249.06009919694347,15.55522124551204,24.20072443884548,1,4
689,163.69233797806953,37.45604928619716,82.27544906346577,0,4
690,99.6809156239635,25.06672200126004,30.239353952518925,1,3
691,284.20155362423293,26.64840692562783,21.58680197057725,1,4
692,253.5337239213483,19.762263869321657,71.0861456092556,1,4
693,294.77634346554026,30.703742515946978,89.86521830954939,1,4
694,207.6701623936262,37.33657788611299,34.103880531871624,0,4
695,113.46687165181406,23.19033354279205,47.32910277135579,0,3
696,84.25820000370369,43.16198724130125,33.500016337846176,1,3
697,198.9953531023443,20.84210568008863,92.52060554423336,0,4
698,294.2449747485911,16.987870217833002,41.62883459344981,0,4
699,188.01452403115465,34.33091620049703,55.5770313124882,0,4
700,264.48448229695146,40.479561956401405,91.57930210264628,1,4
701,98.73102931433058,43.59398577922536,64.22953630101375,0,3
702,122.08613474227668,38.01513031549557,94.62798406149646,0,3
703,271.882571876806,20.98950034518217,94.11603317176312,1,4
704,227.06001058734563,44.32983554411191,56.92808159149767,0,4
705,294.4230961103717,42.583076280865285,66.59060901866965,0,4
706,232.42926291967257,19.895022682873424,38.42514189703495,0,4
707,134.55471216546954,31.763574807459733,99.24286550409306,1,4
708,159.32040594670892,31.665522777929365,42.26533283294359,0,4
709,270.154647738941,28.27604334388413,82.6645590384761,1,4
710,165.49402082941438,44.52843990779066,45.03752481241808,1,4
711,76.61921224933356,16.788667115406636,45.0433809671828,0,3
712,130.68594383098483,33.816267253307544,28.309034136075688,0,4
713,154.89479665473536,21.1591086803643,64.79166486372638,0,4
714,29.01595006533887,30.81993614192879,39.58658705025674,0,1
715,223.12880227586703,38.392223153625565,31.871580620609503,0,4
716,32.8061800064919,22.40180409505639,38.13333556133868,1,1
717,121.4753140106417,26.80078639449445,40.08745256512239,0,3
718,241.38673246212136,43.52304222841197,60.32667648955888,0,4
719,140.27110848398908,37.844422131609285,50.87384292444498,0,4
720,252.6046559155524,32.18169553535507,26.03922248175681,1,4
721,102.5643966168345,21.659921634201503,62.88228663166889,1,3
722,287.2908881995306,27.759163124327493,83.01979612710117,0,4
723,62.84052954157067,38.22183957149768,65.93881287151962,0,2
724,11.479243496790392,39.616292343299286,97.96322018014166,0,1
725,261.7279628971256,22.338185944271967,27.93201665155771,1,4
726,225.66081478512243,34.86180631251058,85.69218694064875,1,4
727,69.59515112021184,17.850089763701998,60.455413591786645,1,3
728,295.4224821410021,15.696369223513932,61.727614203618245,1,4
729,150.68403878055835,31.46021770299064,61.52799477196388,0,4
730,285.31963204324904,21.731395628412866,46.02550623261108,0,4
731,151.5086314160998,17.367360937263985,45.9644011392202,0,4
732,141.56237603138732,36.894849386856905,70.54756053139806,1,4
733,134.7415611433395,29.93923765093935,23.581206830649315,0,4
734,100.46258283988506,38.88831032875352,67.10288362414428,1,3
735,160.11044915296551,34.918327190416704,77.96725745687324,0,4
736,135.76639858457037,36.8941481974647,48.50610347803344,1,4
737,11.02406298706624,24.220817438876995,37.38855515677066,1,1
738,78.13057002705075,22.89827477049709,37.07095301783235,0,3
739,63.93684003166752,33.02624676285784,26.54717226756528,1,2
740,260.23068069631995,21.00246421194253,27.177545536512664,0,4
741,179.66099316805244,39.46236346896063,33.335029455567415,0,4
742,229.10493013491825,30.68760506922716,21.53383240424697,0,4
743,287.04781132478416,21.80969797043283,41.29883260193474,1,4
744,193.211781757923,33.75504696989725,44.51214633983681,1,4
745,294.7829974214233,43.35107205250853,99.61770026849048,1,4
746,93.52921549563888,17.46284179772322,99.33501901249004,0,3
747,55.88015469386816,18.28035621940509,34.96390774696678,1,2
748,120.99296639787345,40.315174405900194,37.04257264775396,1,3
749,141.2398244807424,18.28781323700621,59.3525096448346,1,4
750,268.60846285577554,16.181261080589636,31.902746699016813,0,4
751,167.9821317110029,25.437917431394187,60.32315265265534,1,4
752,87.6542998254051,29.00117654764793,51.95117638440594,1,3
753,222.79028486025624,32.083333100720694,45.96983128398979,1,4
754,151.74958114172128,30.219006976927496,85.80841366478202,1,4
755,48.63958358255105,42.3955368797434,86.24941599944461,0,2
756,173.04593627737566,38.06004301174912,99.03115735869812,1,4
757,273.41836104218515,44.51430767585133,37.84704912652658,1,4
758,252.78678524274605,29.293662696759668,91.06219977149968,1,4
759,176.04299179059933,17.52988829517537,63.02767437391448,0,4
760,113.12495216549644,43.66591928828623,67.31675450658815,1,3
761,26.093625319263342,15.12339484767292,91.7034571466021,1,1
762,140.89467699948713,38.28288041517145,95.4104637102656,1,4
763,225.62383125887376,15.938460923150384,78.14490061605099,1,4
764,108.08211591990316,37.83642571954916,47.82739455480991,1,3
765,70.63404766549932,43.13816819544162,59.173439173480425,0,3
766,279.41391578128605,26.677808919931405,69.20430912432879,1,4
767,246.4667101373977,22.22894553659153,86.29120311888775,1,4
768,191.4826858260434,21.78837457535493,72.63581643020444,1,4
769,41.03500317615582,29.7515293245061,49.23580933500985,0,2
770,43.47265212185191,20.126611072703746,53.43043610882355,1,2
771,30.96587743673369,35.18770891979136,24.035016163141982,0,1
772,184.88900006782296,26.050570724651248,93.94142883497088,0,4
773,34.668838942000804,24.69328477209777,27.04952106635946,1,1
774,252.7881596587899,28.838567287693717,66.39446325484357,0,4
775,297.88950054579664,31.27762507319256,89.73215049910574,1,4
776,109.90445541259956,19.257907867763876,53.66921996120057,0,3
777,136.10095409012922,36.2329009139053,84.01003900090971,1,4
778,213.5001530957036,41.48841299715978,84.3052863709036,0,4
779,281.14590189772974,23.33960748603545,24.787683086899754,0,4
780,268.2281320669155,20.411727054884544,52.97149805845773,0,4
781,17.277548624954576,37.81516271157191,75.28203893496348,0,1
782,50.7215407670295,20.506251712969483,53.78828072551063,1,2
783,226.3791595673377,16.2376548108887,63.613379854348494,0,4
784,206.6679324097342,33.57729661148336,67.55663236853121,0,4
785,39.96557821203698,22.19254248916051,32.0983501384994,0,2
786,150.6193746004703,20.154312267856792,52.95849649188239,1,4
787,234.24438932558868,44.44808225143519,22.27705773468527,1,4
788,65.63420467880809,23.75594950199183,31.970086655627554,1,3
789,261.38629072039987,42.10329870646607,60.98032507011989,0,4
790,15.89153244611039,20.346562976658127,65.88687983510482,0,1
791,234.65852552042216,39.56931396187305,31.698752527332985,0,4
792,184.74566993696104,30.060566191454463,80.44954161699364,1,4
793,94.55980399630474,17.35784307347986,49.83903102967942,0,3
794,216.2797645025734,37.008158809307176,93.65199430621377,0,4
795,234.7097385453479,41.7622011520434,51.01301786443252,1,4
796,280.1696913911908,19.890509710065647,31.984878114608364,1,4
797,110.3324016462791,36.76770727008526,80.63763669446061,1,3
798,205.80502079398647,28.35157557219372,65.42406403514632,0,4
799,180.78488308040727,37.61611359770155,50.93505345953246,0,4
800,157.56182083712653,36.41783844555917,48.47657307458093,1,4
801,267.1249422465113,15.798006913890164,32.06151788458168,1,4
802,0.950194241520097,20.361631079014657,47.26677019728092,0,0
803,84.6334818310793,29.13081728796823,22.347531278266803,0,3
804,161.48317186344903,43.0078251573624,60.19215312606168,0,4
805,53.4879784909657,25.262203702644044,91.73789934509888,1,2
806,272.35996011982746,33.866204108405455,83.62646369722617,1,4
807,194.2785352839046,15.362512365432863,22.281695776337145,0,4
808,143.36489838959696,36.33380764640832,90.5008261014586,1,4
809,244.4105277199964,33.09204788258414,56.18598631060426,0,4
810,135.26585743953115,36.461842398472974,35.27131723323955,0,4
811,167.59590357900285,42.139818390748346,80.19295641723099,1,4
812,0.8252986661762995,19.3949679935343,45.82988401416371,1,0
813,109.71015905852208,22.847687880242013,40.26547385094823,1,3
814,41.63714170529092,44.87342676504426,32.90547254252381,0,2
815,206.9066041986873,19.688518755288808,58.929752552017824,1,4
816,143.70808769272014,36.61881019578079,27.471519963955625,0,4
817,90.52726717506924,36.75227731532705,82.84905032910292,0,3
818,140.34970181152272,35.48981238706708,57.65396613331288,1,4
819,62.888966385403855,21.82321767943733,55.758113345513614,1,2
820,277.52598974584214,21.454021896416123,20.14831651852168,0,4
821,16.1917897652739,34.99023204104364,85.4291088246849,1,1
822,259.6251105888361,20.58750553377648,59.42696472306029,0,4
823,153.4076366200053,34.84689995221612,55.19156158410783,1,4
824,185.6839488416452,29.77584846075954,80.91079082275124,0,4
825,90.78168627261114,26.59886602948152,25.03188392806087,1,3
826,290.0092850382964,24.00697048133837,49.3344364876163,0,4
827,84.55528755584695,43.4273079996935,66.05871660430051,1,3
828,176.6633991420913,30.242809732283625,56.84620501913501,1,4
829,298.02501153213865,31.83755887532886,34.53111119023795,0,4
830,264.3283189150337,43.47768254060357,43.942120614424944,1,4
831,160.89894758583182,34.61631954291401,44.01604461181064,0,4
832,297.1123568901636,43.73558783270482,99.35766422121816,1,4
833,210.4109585197844,18.191002215680957,46.0957695045319,0,4
834,62.6101248425428,40.399188953172114,36.41456500338392,1,2
835,121.67886313074192,25.062438840692728,85.81097224833171,1,3
836,100.3480002034653,39.31462575211023,53.69370040028869,0,3
837,103.20411248135674,40.66909872584935,55.50909555896406,1,3
838,228.13693180795988,23.144636584276675,63.91112507965899,0,4
839,175.27887818183808,27.264918495464368,67.65513578100092,1,4
840,11.427813476858562,36.780430629447125,67.24444803282717,1,1
841,263.2345450952928,17.97166892690912,22.759977792883515,0,4
842,89.03884214404937,37.6660060301802,85.50739463183622,0,3
843,299.1224630739431,18.31418778164232,35.58822552598704,1,4
844,286.25721910043575,42.43367196804174,43.38737022270887,1,4
845,282.1592150045896,23.2901787988906,33.87436160165404,1,4
846,243.3382812191921,32.26798040602067,81.36613260287021,0,4
847,66.18399950506277,18.514605002288185,66.69263941003356,1,3
848,159.7898232086346,23.08479463987436,80.4236922201641,1,4
849,67.29078804749238,27.118651304613163,72.27187243434403,0,3
850,77.90263667668476,29.61146630049043,28.33269075355215,0,3
851,183.2855308308832,15.002024929397232,44.119982068080425,0,4
852,12.250063605919015,41.65967287141405,60.581212767209706,0,1
853,290.8375700462123,15.230244286766313,44.39560251450909,0,4
854,275.6019517733893,38.21053688983275,36.58431235248932,0,4
855,114.23027164731594,29.117367370691127,89.58495752532798,0,3
856,154.6267344020739,30.71640074704129,79.82269401723008,0,4
857,139.8358257803277,21.247964380036223,47.61760484433413,1,4
858,264.65993358524094,33.22105051037113,81.20098901031187,1,4
859,206.5805628948333,31.116957275083564,70.20308947561824,1,4
860,83.43337422730693,19.92709219860886,20.30285869059174,0,3
861,134.05237633958907,22.143570040476572,50.42096208093079,0,4
862,128.68979270602912,17.007108870373713,43.23899993554644,1,4
863,287.8005504851756,16.98850716268358,37.43268973647175,1,4
864,52.593273154391895,15.413273578572795,40.12715152566759,1,2
865,26.87290118832871,21.614229764492517,95.3891877260418,0,1
866,264.1856496485071,35.38983682191167,58.905365439322985,0,4
867,269.00579685176126,24.48646164427069,87.81669745792956,1,4
868,261.5217263736494,25.2820280960213,37.1373721722386,0,4
869,153.29307468766692,18.95716179766334,33.95230397167587,0,4
870,197.9233284808381,32.2641200296926,91.1031670651128,0,4
871,169.00891426829517,25.26430924640212,59.65637486259743,1,4
872,20.834347816320275,35.28950410290644,91.61217002499303,0,1
873,178.75046907021672,37.2437840652766,25.042308229701995,1,4
874,4.084244176830265,32.54078625745146,93.31484177410462,1,0
875,97.49622286712584,23.28208610436109,53.235625307377845,1,3
876,279.6877727619501,30.25823398011763,32.42963899374782,1,4
877,91.21358089074228,22.5579241404691,74.67061515481552,0,3
878,281.94799279327435,42.08738506061754,83.75221466354056,0,4
879,75.04018714477327,37.99157250247672,23.789978206512032,0,3
880,94.36867213845974,29.79017718016699,98.9756779534949,1,3
881,188.52224893156605,43.9637142953444,75.76215098529443,1,4
882,228.48809183678844,31.40266340190564,45.71215933262755,1,4
883,150.41633040146522,24.856064308708447,32.10350365563124,0,4
884,264.6347061582466,17.864019023821413,51.40251317425718,1,4
885,12.072126483185777,31.31236934440241,37.64525284469006,1,1
886,276.6584515903112,40.81249834744037,59.53225788784766,1,4
887,58.89233996862241,41.001561844693455,82.55141667922621,0,2
888,265.2716235253968,33.13701200048246,72.81043111604427,0,4
889,120.25895384591416,26.803150897026384,54.87479238253832,1,3
890,249.8271167613113,34.5088892427204,29.515513966403965,0,4
891,201.4996649411085,37.86421063677118,96.57255378944056,0,4
892,52.78248974347864,27.348743531823786,41.62964203603893,0,2
893,275.41427096443454,29.28762507644776,42.22676367000139,0,4
894,73.6552171465379,35.41848922133829,71.64017774708259,1,3
895,73.24203560849972,41.29957818308239,81.64076977176822,1,3
896,244.25366899121417,38.730311344268245,98.73222122538796,0,4
897,31.761976671756308,15.67174107961046,97.5331408502245,0,1
898,66.6107719111381,18.73117031353764,93.10084193856645,1,3
899,151.1032720263187,40.58334540856565,54.82508539066799,0,4
900,249.1431086059873,40.01468484135101,33.33357278051585,0,4
901,44.24519242118025,26.66420349446128,66.75769626293021,0,2
902,164.3004703537039,32.52833767072997,21.38052044374145,1,4
903,213.37217754088184,42.17534947285939,35.69990711963148,1,4
904,258.1785674147854,42.34676043021289,20.20235174358117,1,4
905,280.66966806066586,38.49278537282672,34.4428730057231,0,4
906,235.39197434067967,21.287668150790367,57.98056987170049,1,4
907,195.84851946660055,36.90848422061835,51.46594488747327,0,4
908,130.08602559382976,18.0329529704117,49.543725194131135,1,4
909,33.63304625652589,41.81815378363707,86.476229114709,0,1
910,212.9211577576564,19.474464107361435,73.99970437165423,0,4
911,297.8211913426461,34.87045920334353,94.91454102968848,1,4
912,221.02817841963,33.307298227570456,55.6272872542138,0,4
913,5.013328121317883,38.30698967638749,41.778374038076144,0,0
914,148.87799341255163,31.547325070753665,29.81476304266845,0,4
915,184.3939897448712,16.786997261271964,73.76219165481169,0,4
916,206.90226033085293,36.17538762132448,87.33928707773256,0,4
917,215.91775068021255,26.49463676505804,34.699149140940506,0,4
918,167.4325323649572,24.60855003657329,90.30021956100288,1,4
919,67.00809982027208,44.75020648601205,62.102096135626645,0,3
920,282.66019844296403,32.711992978791834,31.52645057127615,1,4
921,208.99994029909857,36.321572198082336,71.4290659921404,0,4
922,71.05201106082284,30.789784108069448,61.60421932297708,0,3
923,96.69654968108186,38.09917937854958,22.254683785018585,0,3
924,276.5783011891109,37.562182064999256,51.93945637812994,1,4
925,266.2455560122007,34.71438347040481,82.78303943543288,0,4
926,121.54393150742688,44.93229184331331,64.43390027376857,1,3
927,11.492166597435292,28.79380602249413,42.56329010100245,1,1
928,14.549210668181455,36.18577044894465,94.29134107060398,0,1
929,85.17548727551672,38.933338884147545,39.02232304350879,0,3
930,188.73666580169984,26.28104128783633,40.218880554609285,0,4
931,175.25839060036856,28.71525082660856,48.37114770242104,1,4
932,190.1483360831828,44.07501799171756,91.56302890049028,1,4
933,215.184891579632,15.968730513798242,60.610031634041306,1,4
934,5.709676077821523,25.05886961882743,74.57432473806631,1,0
935,31.52567855173286,29.5863888701601,98.10113380082244,0,1
936,107.8450355481638,15.043949792075708,82.66370375138916,0,3
937,46.45799925647452,41.97381303019836,33.808009492087464,1,2
938,22.596012763366247,23.58733200636476,83.06831432319812,0,1
939,192.2893187991996,22.731144963283327,79.86697193808152,1,4
940,244.60094324732967,39.609785860612256,38.60935955817805,1,4
941,225.78799723028476,23.33949685507426,46.02798647100927,0,4
942,245.11193358275372,34.72867781706067,76.81025918904615,1,4
943,199.7569632173632,39.64509431705878,39.07144752542869,0,4
944,220.60359654426065,38.77430543131118,36.65494952020954,0,4
945,81.5336322624904,38.458522122777865,76.27782177042648,0,3
946,297.9024108852493,17.659127095957047,90.44763942558107,0,4
947,54.949696348166135,17.395409027170928,26.0013346097696,1,2
948,64.34816231681475,24.203101072121623,55.67261882064902,0,2
949,86.67654954475405,16.078436435880533,68.57401762632063,1,3
950,292.59972903197365,30.01289209557793,74.10214286656543,1,4
951,296.4865768061718,26.843461988106547,99.69567298998632,0,4
952,238.46812491194925,31.710777376294477,74.61535682533766,0,4
953,188.71727956789013,23.963656160090714,69.61232903977233,0,4
954,156.01877255538403,29.57262008971281,99.17873218472016,0,4
955,291.1862537060537,25.04234297577161,24.853451230254706,0,4
956,208.68684085747427,20.856242766699257,25.95495169224786,0,4
957,283.4190384978091,34.481000434134444,64.85460211392675,0,4
958,94.96523984328716,35.20307704497556,48.69316914796727,0,3
959,100.13243768086969,39.8769507824925,27.735801099764476,1,3
960,256.4173782355307,41.24255349461174,44.51591168742325,0,4
961,44.95647617558832,36.13385713103746,73.94835899261153,0,2
962,283.7783583888227,35.62494260092536,90.4491970949304,1,4
963,152.24230639902223,16.700269960094175,27.545958132524333,0,4
964,277.92416357510933,18.293377243745145,63.21160499872833,1,4
965,101.03783661774392,39.3768813117262,43.68924518371375,0,3
966,214.7876712418191,21.988537848708948,73.3860930635045,1,4
967,144.8625365918069,25.66695180651249,63.95611955660055,1,4
968,188.0410890736419,19.358920610276304,94.13688048177436,0,4
969,151.3117479417457,20.85455905724757,23.01471095599105,0,4
970,290.13468521140845,38.26251706110619,57.60298199521131,1,4
971,207.6316193441752,22.855788585466147,35.42076442805672,1,4
972,75.39569058789462,28.471048987925705,62.94253669313966,1,3
973,272.90307657152533,19.55014119177718,88.28634752534745,1,4
974,88.2089214465313,35.33789718948296,92.90532222288468,0,3
975,111.48152979025689,36.84809202400429,51.85853305737615,0,3
976,30.637109406064013,25.850769536961412,84.94244186126606,0,1
977,269.98995593885724,38.54239938368252,42.44064597804044,1,4
978,85.8336069683589,22.197199557663797,20.504395705534453,0,3
979,77.6752853794147,35.757115863004685,88.41912460183751,1,3
980,276.0787793984862,36.898937442613615,29.55297939252917,0,4
981,241.65805872151,44.05972133366329,21.408889869035875,0,4
982,42.32367645581232,21.96964995560149,48.30381306943589,1,2
983,230.7973511711042,17.81131440128258,50.35039916999659,1,4
984,273.90992941613723,22.8910626686936,26.1776136617818,0,4
985,23.553365463223173,18.68586589746357,85.13461171875768,0,1
986,247.5644984713719,20.090829254829288,52.44741841666667,0,4
987,164.2260155619168,25.023435355679236,59.19388910156755,0,4
988,200.7592348136402,27.419722401660025,41.17002143622653,0,4
989,147.85630167148108,42.11172677254139,60.92054018772782,1,4
990,209.3409254715836,20.86847314500063,81.3385112493867,1,4
991,10.229358500025963,44.15276927763649,92.49461724004136,0,1
992,228.8120169669851,39.30459629688515,97.64236805881194,0,4
993,10.003109357687524,41.44414169680323,54.13791396810912,1,1
994,136.58995432420303,42.88331969220731,99.20270870147674,1,4
995,45.28949793908846,37.59723591423362,43.59645693781451,0,2
996,247.07228320539213,38.66339494851184,20.55807482280481,1,4
997,94.09827275270058,28.13454889816859,81.40936351181078,1,3
998,136.22806338129973,30.31350704028732,34.274851883295895,1,4
999,128.62522238949347,42.97456280299903,24.196387049909028,1,4
1000,231.75058970541195,26.347677346579484,93.9207138078159,1,4
1001,144.34330793879263,16.258412191926215,83.34486643975895,1,4
1002,236.68750050310385,37.882631564243184,28.213184123060504,1,4
1003,22.05248304080257,32.19472535152555,82.15281219074666,0,1
1004,57.47819037089853,39.44627887029935,87.5199757941597,0,2
1005,165.4602748939082,17.266537998328864,92.42413321460567,1,4
1006,284.1264974258085,33.636959714273694,63.4955253973088,1,4
1007,22.427354016534096,22.43117663972274,76.27296564224767,0,1
1008,12.925264847059292,42.09805783483452,80.97914231688088,0,1
1009,46.9652024783567,18.29729819225237,75.09111481248854,1,2
1010,192.34593865804692,40.29207818175189,71.7466896244475,0,4
1011,119.69787500107417,17.65662755915731,63.80474022223069,0,3
1012,247.66571382530583,15.752920664909944,58.33563633564555,1,4
1013,21.57994544440974,22.05178290125767,99.69000156518644,1,1
1014,58.92422604441032,24.991336227800517,47.00486243377252,0,2
1015,90.0079216394687,33.795863154356134,27.06150163556389,1,3
1016,188.0190260066356,18.95173792083161,81.2029572002902,0,4
1017,205.55180709046417,28.11989800773225,37.10595022955953,0,4
1018,37.26098818913215,21.127908063086213,62.61546876949645,1,2
1019,283.14141269752184,40.659099646411896,27.664121328045653,0,4
1020,102.31324055706274,16.34899523853915,69.54270886534326,0,3
1021,213.9506289000849,25.678131800655635,95.52059231225778,0,4
1022,157.26231568430964,33.94122239907327,77.81637700855663,0,4
1023,66.82743406413198,42.392645341558165,37.16278225812908,0,3
1024,253.86849693462327,41.039802680816855,97.69104362310884,1,4
1025,245.47140845757897,41.85575998551491,44.566954481963855,0,4
1026,118.82155617500705,16.885598810489462,54.92919891930836,0,3
1027,176.58227570815663,40.22769784390378,59.84936162982407,1,4
1028,77.34770878078191,38.39737735632357,99.2574994698778,1,3
1029,206.95548862389043,42.07294947826857,25.511312057534656,0,4
1030,92.70804378612942,24.34728801774004,75.73826355484559,0,3
1031,253.22362031467048,42.352953188201,48.95447005541887,1,4
1032,65.21553128318229,27.07923255259343,26.266025528195147,1,3
1033,4.441026845539242,34.022990565773995,94.80253261062852,0,0
1034,80.55241259037554,27.72536973620995,67.18866553144522,1,3
1035,57.31574593784601,27.82945291546953,80.28144060710206,1,2
1036,152.48593191747727,31.39911056384705,39.230834845702375,0,4
1037,61.11098749697289,25.677801288624675,80.92327381035389,0,2
1038,228.9569612158484,38.78210982807707,86.27803520185734,0,4
1039,72.41119140120118,34.009162062457165,54.46635177715811,1,3
1040,212.0904539737967,35.69267284616837,65.75651781983723,0,4
1041,173.5412769041172,21.931044006652908,97.74980279436436,0,4
1042,295.8749569415653,44.08725865444177,87.73837133662072,1,4
1043,299.9702931027695,34.80528293318896,55.588004885453145,1,4
1044,260.857824995199,20.91587593591175,73.16590870046767,1,4
1045,227.99501078962533,37.51470730413101,82.73851814420104,0,4
1046,115.93692420017211,20.21142309622868,21.94630564625988,1,3
1047,225.98301813939108,16.90154688898525,67.06927893002162,1,4
1048,287.0026611238472,30.82660188437503,98.76228907301667,0,4
1049,7.013272618633248,31.605718624870416,95.7744519861065,0,0
1050,161.37441005932163,20.66896724194796,86.59523158099555,0,4
1051,65.39949131653037,25.45136832876477,28.497127450454823,1,3
1052,167.36289476065514,43.37307887036091,99.52331620129212,0,4
1053,139.93412692766734,23.550096962624696,68.76305225103593,0,4
1054,172.73057446568532,19.66704182296106,37.83265995435925,1,4
1055,165.2886664256173,44.776858759963616,73.94149516914533,0,4
1056,288.0321117505686,24.069166091414004,88.5218849663745,0,4
1057,165.6558326804208,35.40761019438236,28.986220867810868,0,4
1058,253.86962643746017,21.946805443177997,93.31505146315396,1,4
1059,95.94608604025396,31.503635909591683,93.6163425135196,0,3
1060,131.43020663731468,26.588459598288463,21.077152498505427,0,4
1061,141.12404281344297,43.847377834775656,92.02552973307154,0,4
1062,83.61841300061391,27.98417623651463,95.7454334592125,0,3
1063,113.93707844338655,32.525225525451724,23.015343758427612,1,3
1064,179.55392384003258,43.34298797700441,43.53330588064406,1,4
1065,174.05632899135972,44.67702899813865,49.84860054529012,1,4
1066,190.93060337204412,18.049750920149897,47.91123776531121,0,4
1067,105.54537462604232,40.02962136127167,80.72025898161513,0,3
1068,94.74944854591712,26.463494825617463,48.64835673790936,0,3
1069,183.4853648262489,32.84486118616839,96.52630479157938,1,4
1070,39.85852452825749,26.251442368657365,99.59941002437904,1,2
1071,75.909463059642,27.03348616964377,45.34550965649973,1,3
1072,12.638321085898562,19.765726079553342,60.70406025652055,1,1
1073,21.78325577882404,32.182993752835976,64.6164672240006,1,1
1074,73.01498377818267,31.401478378341743,66.35222639736494,0,3
1075,5.858784089075709,20.680673656151995,49.93671953562397,0,0
1076,73.62317762623846,31.25191288001824,33.27948015670637,0,3
1077,196.4928969186078,44.19305647893258,24.36484333849021,0,4
1078,18.332123540679916,36.432257875613686,28.507893251986573,0,1
1079,131.0210033383923,29.429476787500555,92.1032990075073,0,4
1080,273.9326360758648,42.48251956744126,42.430000529640566,1,4
1081,237.3854486776203,32.259430695159175,26.14583865688356,0,4
1082,91.63125068845716,19.051439961834102,69.88237596354823,0,3
1083,277.4416437574941,31.42528943437369,26.024572100902823,1,4
1084,98.89394902431744,20.429193460976037,25.604235173521943,0,3
1085,21.754648901268748,38.02514516243023,69.72564046969772,0,1
1086,298.21678703043403,44.015226428841245,67.31161953588244,1,4
1087,261.0067581567515,25.824557536299903,23.31818295599681,1,4
1088,139.7798349903277,28.047536403755835,56.83822675495591,0,4
1089,199.9129572577212,27.644894005158903,54.861464632482765,0,4
1090,201.36842335700103,23.558999273846457,63.7351303762044,1,4
1091,58.3446692191381,38.82539894635893,79.027576834943,1,2
1092,60.01458994608969,33.53184998240988,42.62400380497553,1,2
1093,140.87421100554772,16.921546705696787,54.62242268670482,1,4
1094,273.4719420413094,40.16419005069406,83.41941474887719,1,4
1095,2.9981324575712343,20.612646934596217,93.8045112368455,1,0
1096,234.75169078480775,44.37453485127364,91.30583784399025,1,4
1097,17.258035114396243,26.29989417007697,58.21047616752334,0,1
1098,143.46663446493534,33.49348941450971,61.66926376016815,1,4
1099,191.3618499220429,17.334708566880913,62.32843537217275,0,4
1100,206.02778012473945,25.3398982406507,89.49724557659879,1,4
1101,17.543779084773416,39.07061872082345,87.19516055504006,1,1
1102,125.58108521519048,29.31625475859775,44.9226022836276,0,4
1103,175.1511781506974,42.13810450632069,33.027975153762824,0,4
1104,19.81366119180208,32.254153231524214,50.31796491936813,1,1
1105,40.528366978592935,42.85716586187243,43.072510659952094,1,2
1106,199.09469685121155,44.47829721037668,96.06245798519276,1,4
1107,156.49145897719552,28.61683678554828,41.27325435509213,0,4
1108,48.54859838048717,31.954697177334243,34.49653453815485,0,2
1109,160.57180107442005,40.04761929753809,91.95832500473723,1,4
1110,273.8077120333247,21.64599016607439,26.91828834848568,0,4
1111,4.676275432609178,40.84888721343329,40.821284114116814,1,0
1112,192.7901320457564,32.75760421131809,55.128895520047074,1,4
1113,22.09513038160258,36.76500406153576,67.60859025277456,1,1
1114,1.934832889410254,17.395620679903356,46.21383170986451,0,0
1115,45.19634659819014,37.98563050360211,59.6987197536804,1,2
1116,126.8719895561758,24.323607137209752,35.906494914448515,0,4
1117,240.7031996945859,39.156968305495255,65.94192961803884,0,4
1118,84.5356489813676,30.27457614908121,52.62534466237276,1,3
1119,187.7019637166276,23.238430044468995,87.94077498147603,0,4
1120,123.346991386592,43.58279091064962,53.2587306710922,0,3
1121,70.29953758980238,37.951871931344975,55.50523343056402,1,3
1122,154.27413428485758,44.57058221620941,67.373999147393,1,4
1123,239.23934711178697,25.93409695236611,29.85360032615532,1,4
1124,249.74771101684323,34.47658900624916,32.543614136502484,1,4
1125,253.955859563171,33.3476603359118,83.21901977817923,0,4
1126,101.56734376649382,35.62670223206409,41.87350233116376,0,3
1127,238.0368194147259,16.149496981239924,74.77575431427648,0,4
1128,63.65353653267236,23.751579716321224,27.79415759817617,1,2
1129,221.527530372865,42.28012721372421,85.74773282544105,0,4
1130,284.51532788178497,27.714601646166805,99.05824887351658,1,4
1131,4.123150407287158,43.81931037244642,49.89527561662275,1,0
1132,132.1091793536394,21.405095179349274,60.442408153191735,0,4
1133,194.33129652420135,44.92271920443268,55.41695838718418,0,4
1134,210.53273114626592,35.92742726878597,91.53501989112188,0,4
1135,52.82632748076066,38.29180272199464,20.79472301575037,1,2
1136,291.6549825715779,26.905835166076077,72.27674569310689,0,4
1137,184.57961039129188,42.21024363781862,72.18946182428263,0,4
1138,49.30218036848033,31.36388702875866,50.59080066383625,0,2
1139,6.156753513754588,35.42815140673905,37.54669136936116,0,0
1140,234.9792596369328,17.84424814008858,39.17461451320285,0,4
1141,23.911421833637725,33.9504210267868,84.03712969711128,1,1
1142,42.31527632107096,41.3723696478647,25.288247709996725,1,2
1143,172.4490080567072,20.34849684647964,65.10593170194872,1,4
1144,181.0516510348859,37.131778039045386,44.54724823826125,0,4
1145,206.06613557771956,15.762022769839636,41.21982499746564,1,4
1146,118.05420379908622,42.786090496875566,60.45901324248288,0,3
1147,232.16960069004688,44.48751348093559,91.82892050238137,1,4
1148,292.3075798847666,25.62540200394283,69.44735352298648,1,4
1149,81.32848292396491,18.212215491460046,83.08885022042588,0,3
1150,210.90858496138375,34.75729104489435,68.05470234103048,1,4
1151,278.5405957185471,15.895035424424371,75.81726238981926,0,4
1152,205.8860287851128,29.474588438915603,54.59261190346365,0,4
1153,204.33284959327784,23.153375254136595,94.0785308166547,0,4
1154,67.13177072556198,29.200171618586307,60.15512163513287,1,3
1155,160.53906009590787,15.54826544215071,64.14197353814104,0,4
1156,168.75685308137406,16.548365492121196,61.99724026038797,1,4
1157,210.03886873678584,15.47927486530147,45.29512161319347,0,4
1158,299.0464349688548,33.573956101413415,38.49907484793485,1,4
1159,10.093146763128624,31.802787530256257,25.906797129244403,1,1
1160,19.56979838024605,21.994739956098133,77.45399856020389,0,1
1161,23.385020829275625,34.39929386712064,43.14202105362966,1,1
1162,222.89374034668705,41.52621770684925,51.13583705564857,1,4
1163,40.90613853322726,23.31966303078341,93.59425301809702,1,2
1164,186.7355623471036,39.95981423636962,65.3157879529499,1,4
1165,97.40066336803751,34.875274080065445,27.76624511231506,1,3
1166,137.1959868632133,16.014613295189495,83.96895302590798,1,4
1167,64.69894794522418,26.254496874883035,40.49044792875644,0,3
1168,259.83196839136264,30.232716475770516,64.2164674116946,1,4
1169,175.8450972489079,36.95097569864164,60.79851798911925,1,4
1170,283.3689790746758,23.61391674760251,39.04630738815045,1,4
1171,172.37887491129885,44.48190314573797,29.261682783566485,1,4
1172,37.172409179084,35.536192215152575,36.90092851959744,0,2
1173,51.26113015154263,26.184410314930812,27.78702396511725,1,2
1174,296.7221929103542,17.91075117231336,42.0502415161681,1,4
1175,217.66955919926036,20.441032808124294,99.78380085899715,0,4
1176,14.783625008726895,29.628232801654697,52.1673812193106,0,1
1177,211.13430151039944,29.840860648751,89.11107130680082,1,4
1178,123.65191404288348,38.031562944640605,63.934215370324914,1,3
1179,92.16251604695717,36.785298767167575,73.32664634669864,1,3
1180,46.21823811916028,21.03819115553452,32.507837580044495,0,2
1181,251.9711863669697,32.84869861674795,41.98446939375803,1,4
1182,19.152413696730207,15.61865402228665,60.835473842314045,0,1
1183,86.95063871389209,26.95642198153,90.49147473814725,0,3
1184,91.91486814771132,37.92315721714817,23.431042870795213,1,3
1185,48.2715851890501,26.985257798614995,60.55359676525767,1,2
1186,152.4554649860611,40.067887194042726,24.080977000674395,1,4
1187,3.510788043267788,44.284658703758446,56.545814115942605,1,0
1188,90.29265462312274,33.216378080980974,70.30945274661094,1,3
1189,280.0888332099192,19.3501222902527,79.57785531426458,0,4
1190,93.15887080260173,26.39031623716232,31.082560420850136,1,3
1191,108.13781613202548,15.284500652051255,33.32602267690785,0,3
1192,141.94951447022146,33.08177771522258,57.60519373534325,1,4
1193,168.5080124554424,39.647055029213945,99.84291663832592,1,4
1194,242.6125934462232,33.89820236769128,48.483746852541074,1,4
1195,57.09636694680529,38.582586875503495,54.20219418903282,0,2
1196,261.52391315776714,38.9971178182766,54.595739425164126,0,4
1197,227.2648071431668,40.53037728652392,26.456065708567635,1,4
1198,216.7951003984666,22.999913489926627,81.93377162319962,1,4
1199,26.04137211439057,41.13805568461265,40.2481219540886,0,1
1200,6.492206992375404,34.622819953904724,76.29336455063358,0,0
1201,178.2038102724252,23.69176669783461,58.00719030684726,0,4
1202,258.9401887569484,44.61884144988783,68.94237937755072,0,4
1203,175.3324392421908,43.50547181195007,24.3177309195997,0,4
1204,63.970459633659246,32.23322949619198,91.1972547533253,0,2
1205,27.155969384763967,40.29625135198691,39.50854155357707,1,1
1206,209.87893584532048,22.844834661596156,73.60763100006696,0,4
1207,216.5310831953429,27.4811098983267,83.84152896529294,1,4
1208,51.7595102061326,20.51915282231501,63.20309738265577,1,2
1209,8.457094648960883,30.60307927887744,46.98672176628993,0,1
1210,122.4850539669591,29.88004290214996,98.23226995848614,0,3
1211,174.81561063990665,21.38439677884699,42.27517706165565,1,4
1212,211.80072287015736,35.184050811482926,95.89298696986164,1,4
1213,242.98350274587085,18.533708865762375,32.49793069477854,0,4
1214,183.1612281920197,16.850743532091336,51.13777052178748,1,4
1215,33.26418257954551,26.547149059871582,31.07964673178418,1,1
1216,204.7745016427245,27.29474333354115,20.17923784589568,0,4
1217,295.2529928684646,24.592218195794587,40.82068323171799,1,4
1218,271.6753753792212,22.738399127347517,26.976832073516377,1,4
1219,261.5006727808538,25.163290350285912,98.90764184722778,0,4
1220,90.65104600750226,19.90126721856309,80.9322654361442,0,3
1221,225.23645293620015,27.103574073986323,20.296383705760704,1,4
1222,255.33103378954365,42.13810120552331,37.89172678588737,1,4
1223,203.49786138937893,21.732806436265147,73.60993930269736,1,4
1224,75.16852697039415,35.53353313051051,51.88416905318036,0,3
1225,286.1501915624875,19.25353531193518,86.54740504353819,1,4
1226,135.24582343760275,25.617198720306924,60.38886227005853,0,4
1227,38.94166759976382,24.63524341635769,72.29211357859432,1,2
1228,32.9333685172176,43.11088183224983,67.76299180755845,1,1
1229,194.25569618971372,27.83946167405427,71.05351204989074,0,4
1230,131.31289392502174,35.713978313441515,38.407908306174406,0,4
1231,28.34516255368909,33.07388426913988,49.86315513649533,0,1
1232,222.1093716468284,19.23090225854284,24.05034022915931,0,4
1233,239.79755017758592,43.18621353091855,67.0109211750567,1,4
1234,217.6246892359354,25.376078755672896,56.74067696606205,1,4
1235,60.67826330520387,16.342750673509492,80.85729192152579,1,2
1236,206.9326367988208,24.01331120532563,36.51059716973137,1,4
1237,3.216840868315529,25.069011776469782,54.94496928542414,0,0
1238,91.53364190352276,17.782359821361815,34.4596346445909,1,3
1239,119.64645942226312,33.59932219139829,69.11833801987537,1,3
1240,250.57408466565047,25.402926166246363,87.84242052091616,1,4
1241,117.11831192082128,33.874038189929124,81.2354598759188,0,3
1242,3.380833856819488,15.202216907672014,95.53583781047098,1,0
1243,105.70392354840284,44.461451969722575,97.73806254908727,1,3
1244,149.67722950778617,20.11549075634045,81.76270940655925,0,4
1245,284.701436001832,34.77992960114809,42.94448683042069,1,4
1246,282.31029113686344,36.47352909838546,37.540910177225456,0,4
1247,54.26221146642347,20.14825049242428,55.80392276391549,1,2
1248,55.54396252183547,18.35136846307256,99.51069556616966,1,2
1249,49.01443693936515,19.57731575534426,53.013441665372426,0,2
1250,236.67657972423095,22.404547675348336,35.9254728457815,1,4
1251,1.8066121105219104,20.046963539787264,95.54743022265929,1,0
1252,38.1531594575632,35.219982808682445,50.87343820768182,0,2
1253,161.3878894932297,27.624996111782018,75.27191097821047,0,4
1254,74.26862006602965,31.13374783546089,83.05223828916695,1,3
1255,27.706937471778627,16.420103664274748,87.45247216476272,1,1
1256,107.9634037001503,40.8374688930217,85.70243096982323,1,3
1257,82.26228151807344,20.11714659618577,86.89974903999841,0,3
1258,153.33129195428535,25.804569943652645,73.41227420623046,0,4
1259,293.77007814905875,17.15704919483301,52.3064855417968,0,4
1260,37.29139104447553,19.103794039449888,73.38294832510698,0,2
1261,111.8180114502283,34.97398229926984,86.93874672479306,1,3
1262,279.5955053617424,35.777610067670665,48.05139716995369,1,4
1263,263.0619130481468,35.30896453876056,43.72063922336321,0,4
1264,118.28131043528418,31.56410363538066,47.49657736841308,0,3
1265,209.68597935592092,43.5756499203572,64.10267168234947,0,4
1266,26.35710407440367,30.21531482305729,24.195509985115564,0,1
1267,213.76231666308453,28.482360878893395,82.3176655213472,0,4
1268,291.85731884542247,22.426366971514305,31.108156676016154,1,4
1269,161.2464458502575,17.96548587799838,30.6270925427279,0,4
1270,149.5470681103243,31.44464789898536,35.8127311484884,1,4
1271,56.1955859105731,24.44670560078484,66.15419479779987,1,2
1272,190.1364596721876,30.720761495715458,42.84547006431648,1,4
1273,177.13118423367447,21.18357234781439,49.44722631892418,0,4
1274,195.5799178427252,40.14518016623734,94.53192887825024,1,4
1275,7.824986005416545,44.99091628977207,87.77617439815882,0,1
1276,164.61704650472208,24.672105303619485,88.17524264838259,1,4
1277,178.48045304921192,40.26982821780989,66.21134666607902,1,4
1278,62.259040623840654,41.18958409177222,89.31729178323846,1,2
1279,62.49985724656081,44.88221366271239,82.28526602724429,0,2
1280,82.86545055328494,25.28160389333938,96.258944232885,1,3
1281,213.51647751817129,37.68124181142317,25.149472401753243,1,4
1282,181.8798190597115,21.864270109259564,22.298170692314628,0,4
1283,253.72879383534135,33.7438800387643,34.00239525791129,0,4
1284,88.69757155292946,36.145277084185125,94.32678564063804,0,3
1285,273.6204179664955,37.23362077605289,68.44520847633967,1,4
1286,223.1118485950075,21.21516505753385,54.08900141562248,1,4
1287,118.5035010041091,40.461767114885845,61.01688491809214,1,3
1288,28.57861968763677,27.629155811776258,86.36836705821361,1,1
1289,77.09509874624474,21.49108553203665,94.32879966431392,1,3
1290,287.0304651644551,31.27593265115705,78.3759067448728,1,4
1291,93.1090127652238,40.90071388820826,80.7878266349837,1,3
1292,98.97028804471934,44.01263729334342,45.63024353310704,0,3
1293,56.8766793293151,37.44623465183624,57.362815621963136,0,2
1294,242.0551803416296,15.168686588140872,90.81681547769328,1,4
1295,82.69326907268321,19.041022813978685,82.8747288058062,1,3
1296,99.0774745106567,17.288219593165973,74.7416734769078,1,3
1297,124.30443252948798,18.036412289816543,25.219746871049637,0,3
1298,130.1184839323829,26.49104868059325,23.16057755631639,0,4
1299,123.40223712450651,25.15479944485883,30.432875449119603,1,3
1300,151.12310861241858,18.4105494380493,66.51128793582667,1,4
1301,244.353863884921,41.46706054842747,62.910947787292,1,4
1302,245.7855122226066,33.462827289970804,95.41526612376433,0,4
1303,239.49394012900407,38.89389926869347,75.58077120347171,0,4
1304,30.337451734946253,26.146481665662925,43.51780938763408,0,1
1305,239.90364098244424,27.30708048862704,32.91970350525578,1,4
1306,36.07553204597304,24.52863631610184,87.96265914627055,0,2
1307,37.4171310156774,28.152798362954734,56.769928295121936,1,2
1308,284.3588314904882,33.31131787065161,72.2775597927079,1,4
1309,245.8193534116624,29.78952023520724,65.21148852726424,0,4
1310,165.7231400604026,40.13751018565351,28.5965076909308,1,4
1311,262.49106134335864,42.00417505829473,24.56467069454616,1,4
1312,296.80939276555887,29.09051560102797,50.16145517731309,0,4
1313,183.19261998953328,22.19243941045948,48.92402380365741,0,4
1314,183.8695310944554,43.35577258377927,73.90384903751251,0,4
1315,226.3281087479784,37.05115929152768,70.57603272809294,0,4
1316,69.64168570959983,34.2038125816164,97.51527427711954,0,3
1317,50.1374584556398,37.36241200871928,88.64796022172573,1,2
1318,227.87422500452172,17.279453471907686,59.72660206202303,0,4
1319,103.4714384982307,17.028789829130176,60.00202820501564,1,3
1320,40.5211068917802,19.59361957742962,73.93033832901554,1,2
1321,94.46331777532492,19.423529023215973,29.12724662186204,0,3
1322,107.59106036237262,27.62011424548213,99.9912451705114,0,3
1323,289.5682978517072,19.72212246856093,61.50464809948992,0,4
1324,209.38791332637695,40.63576932799789,92.7923899127176,0,4
1325,159.25689521992018,32.34290792784077,97.38850677217664,1,4
1326,290.6619416047815,26.047856890507543,66.53141919218123,1,4
1327,270.9419221422542,17.08867614675801,28.267891801982028,1,4
1328,153.60025698424792,32.73083387877375,65.86766467359769,1,4
1329,271.7038906130942,18.49598461776379,67.81139497327894,0,4
1330,121.29139741879698,37.29660751207818,83.13545094186648,1,3
1331,69.1261996069874,39.08274290231465,23.85834135959249,0,3
1332,69.80345304662553,31.31928773879524,57.30522937560751,1,3
1333,198.694657332638,19.488085774225723,93.82162066694504,1,4
1334,150.32109621218314,38.60588171221397,99.30392629429228,1,4
1335,197.685254101634,24.234833677780017,35.31061430073901,0,4
1336,205.82278927865096,21.679594282603794,89.64791941880281,1,4
1337,6.696861869315285,29.11669923055276,31.70004493045153,1,0
1338,16.211877704370703,42.67938724148753,87.29395476543176,1,1
1339,159.80331797737497,23.92119876223571,42.182218197413086,1,4
1340,57.31064332802307,42.16735502917861,96.7700212839314,0,2
1341,189.7601306413319,16.609599262194838,75.63974007205097,0,4
1342,165.65572175119442,17.505711150538403,51.92884811118076,1,4
1343,175.72810751126738,35.95683075405741,42.4778663926533,0,4
1344,90.7366139493032,20.717779843445268,38.819002197955626,0,3
1345,191.953051883369,24.498620495898763,74.4633861599668,0,4
1346,248.8477909455069,19.09118942941737,91.66328020615052,1,4
1347,299.42137607767114,24.96744807397645,80.39535756914749,0,4
1348,251.5333158516643,23.413799816773903,86.78332304132338,1,4
1349,167.24962790398422,37.09012916966951,82.51070141076298,0,4
1350,58.02887750398696,36.06070164567132,98.33181331984154,0,2
1351,204.43376283594625,43.64781529285096,80.62439414610598,1,4
1352,281.29613566739346,36.73265055519123,36.8182814776219,1,4
1353,63.55996191969072,35.84453259064155,83.32787723796119,1,2
1354,76.79868615797312,35.826116671879554,45.76554887878408,1,3
1355,44.702563023495344,41.48902366944529,99.66398901302864,1,2
1356,221.0164930879205,23.8871019862665,50.13380960801173,0,4
1357,121.9684510270978,24.002763275814125,43.42350046777839,1,3
1358,18.808691665915223,37.23641429114811,39.13727884071292,0,1
1359,262.4849974470841,21.861154114503822,72.68117216466959,1,4
1360,167.30157141077,42.3606001244391,28.737687071002497,0,4
1361,99.32828760010672,31.043451752606583,96.28479053863776,0,3
1362,103.19489281832908,24.003747842784957,43.54501429145097,0,3
1363,87.07536605727203,38.28299789069948,43.63204888307778,0,3
1364,136.64405171779254,24.36961889625888,23.68528765656473,0,4
1365,101.1125065464435,43.89834951215615,39.68140142988594,0,3
1366,164.3838912211828,44.48967629174955,53.51834845409901,0,4
1367,232.05517568138825,35.003887258985884,49.56851121793767,0,4
1368,202.33838503331205,18.40901669250688,41.84159371489762,0,4
1369,88.33706782623514,22.896265497998776,23.259507027135857,1,3
1370,158.62230346193377,30.462508866481663,44.0465098884514,1,4
1371,252.03784797367524,40.54342350293945,82.2664750610496,1,4
1372,20.46187042281764,20.546594908260857,55.1033828247577,0,1
1373,23.489180096071426,18.13210377041797,43.26202780789709,0,1
1374,166.85102041492604,17.234324495671068,44.38337073183662,1,4
1375,191.73453851694097,30.20902687080141,64.35500611951207,1,4
1376,63.42390473277123,41.54102908784117,44.18341421912598,0,2
1377,223.5660380074554,16.27077727931677,70.46378558929557,1,4
1378,193.87901311221825,21.36964601980604,99.1563610980092,0,4
1379,276.98678047088595,35.797710475185056,23.29411182030445,0,4
1380,50.68626055756101,39.77590305431146,33.498940455789494,1,2
1381,225.4122796074032,39.22198587897509,34.32860362312192,1,4
1382,25.092927174980105,38.55204171960993,55.7656254345612,1,1
1383,169.58772285536924,18.8939940244002,23.313496964269955,0,4
1384,165.56854184974375,26.917127465487557,58.20172621940134,1,4
1385,116.51551339402218,44.5423398849524,94.31398064613252,1,3
1386,253.37134430057017,44.66662714764264,20.92512709541616,0,4
1387,1.3111934358036703,33.07282175862564,49.19510937481448,0,0
1388,156.05382056955622,36.278016141634026,80.87150176887718,1,4
1389,65.14606495055622,43.53851388855927,32.3595600267052,1,3
1390,223.04958573492988,28.497835837236316,26.20472020212337,0,4
1391,12.92022789182915,19.1060057365138,70.46228298101109,0,1
1392,249.4664064544733,35.06846626548234,20.796072723960613,1,4
1393,251.42766801208543,43.803069147015705,84.14163929357726,0,4
1394,249.85980372105087,35.91618281598883,25.3482202852879,0,4
1395,45.77055801980096,39.099633810712135,61.94834075362887,1,2
1396,189.12195556831347,27.682464119118453,79.21021681821817,0,4
1397,4.310207755016881,17.89389462434553,39.36087909971819,0,0
1398,254.38877738675995,20.066462596552,28.283212953819003,1,4
1399,216.8925580525861,44.47964488306431,34.049821313484486,1,4
1400,159.3461192697758,29.795529509828626,88.37468575480068,0,4
1401,219.17742992898516,15.360617705317496,76.46242333216192,0,4
1402,28.297228995531665,43.66101842193521,35.84784393720782,0,1
1403,158.5967496530569,29.93339735913159,77.28966377047956,1,4
1404,87.38294754493363,40.08805194875513,76.68945361669495,0,3
1405,291.7858389668919,31.45374426110681,99.81800784847684,0,4
1406,257.1353851871705,18.051068510242832,51.324481882073,1,4
1407,219.98270875019307,33.4670874639584,89.18827953142167,0,4
1408,280.1242905749196,44.92200828958828,55.7154148778252,1,4
1409,104.05299136964211,16.042133479378293,91.82081788935734,1,3
1410,270.26396969645435,40.25382592545132,27.328039927915945,1,4
1411,97.57146963201308,22.064423869522948,34.02501041001953,1,3
1412,219.8390159073459,26.81598668136557,87.9963490453352,0,4
1413,220.92507353293476,26.18128535318686,85.5440259284316,1,4
1414,5.504962936228042,41.96391582807359,44.434703348559,0,0
1415,108.31790948345856,30.134585664955143,67.74386545067635,0,3
1416,5.829801722549366,28.415228605032823,50.615977768162885,1,0
1417,299.12760528307456,39.54075326510329,20.825387944281708,1,4
1418,36.6590285487714,16.467214029148433,22.088330125370163,1,2
1419,162.8432686944328,17.593689452856715,24.340509238526117,0,4
1420,237.1668716287912,15.65066570628868,67.5257723460463,0,4
1421,60.37908067826774,35.63948712022652,42.33821882444224,0,2
1422,145.5158004286418,30.76848411237544,31.515863865191243,0,4
1423,182.2286282763453,41.280663776048485,95.290488675511,1,4
1424,48.061426318663614,29.95598708917817,29.70549336649727,0,2
1425,233.56663797346155,21.654587182859824,73.91853731399021,0,4
1426,89.8009371568096,39.15442119313248,91.53281462581268,1,3
1427,63.306922901652094,23.82971562697869,33.106373379075976,1,2
1428,167.48662393122507,43.07069346456627,37.17837457829721,1,4
1429,123.09408829288137,22.512716635567216,65.90508268607657,0,3
1430,276.0857833909253,20.031619586108604,60.67589491030382,1,4
1431,264.0188094594462,29.79971974532064,61.6821933509014,1,4
1432,145.00519901666496,16.5154535391073,64.37424752144709,0,4
1433,107.77913241767926,16.09235185447853,95.99223327688354,0,3
1434,97.65539448937956,29.88043635766374,24.307043357356,0,3
1435,80.26908692445221,21.453206423843625,80.83588165558552,1,3
1436,163.36435611374318,15.28057915185544,38.60051379253867,0,4
1437,241.49358142036303,23.881707342945653,49.89421361379057,1,4
1438,93.22698246106734,29.32102061539776,27.143289837205124,1,3
1439,57.02822690642445,26.82866104381269,55.650141532283484,0,2
1440,142.64514185498604,19.064083984812694,84.33754018200972,0,4
1441,20.71032503929996,32.390244834959326,27.899227082636397,0,1
1442,210.3837018389121,36.30998973442911,42.04828785762392,1,4
1443,155.50747989058007,35.26617486489886,49.844936694162,1,4
1444,148.91244239185625,26.812857638498173,28.31193624701139,1,4
1445,90.13361386500677,19.12788453513342,80.98534479815469,1,3
1446,271.402031259521,29.98460320472168,82.95576225739404,1,4
1447,27.14588755486581,41.71295264811248,86.87159982239744,0,1
1448,260.94720266610943,29.061685468236988,66.71169638450546,1,4
1449,113.0115607247768,20.87043149224763,60.57910566835007,1,3
1450,264.1870547925067,17.79159909281191,41.00419563769936,1,4
1451,218.6284374997151,43.31779914296639,72.41263738324382,1,4
1452,31.25121799861149,37.29028226630744,55.56507885244348,0,1
1453,249.46088595280608,24.389009181014472,97.66211248619106,1,4
1454,204.65305010985156,23.86057218615523,97.45435975795652,1,4
1455,9.690573874604535,41.85655460167793,92.416410545405,1,1
1456,40.11080463290099,20.32704704428953,48.80713104114656,0,2
1457,190.6884167507085,31.05111868969633,49.43779642832473,1,4
1458,198.78015086408547,36.40512825537904,88.21385312349726,0,4
1459,223.9954298512785,26.891710558970686,78.3307945393173,0,4
1460,216.07362023249456,16.197070276292656,76.3488775854435,1,4
1461,197.8559864009865,21.832764411585647,42.36888088672927,1,4
1462,229.87167052392675,42.05424412327122,86.66788892435807,1,4
1463,172.52571176771184,30.69356900518663,66.35364578103545,0,4
1464,78.23741565733647,39.46323739463909,55.749245939085846,1,3
1465,273.7129841192155,31.67056628371852,89.23376992864607,0,4
1466,5.46420927959338,43.3080628713691,51.53678110256912,0,0
1467,109.96851596144708,42.27402226670535,72.31406494942124,1,3
1468,218.661087929149,29.48664126031205,57.27241456033112,0,4
1469,128.1468123449023,24.548220763090484,67.4190244936845,1,4
1470,7.450322244004292,33.050063620368306,23.243717731878284,1,0
1471,19.79427093486396,35.24663045008421,56.889213054110726,1,1
1472,194.59121074148655,29.950652769018948,64.51930459974193,1,4
1473,289.4593798215899,39.66849663285284,59.41754677996848,1,4
1474,165.55909075034967,20.499855653546483,87.7928298005455,1,4
1475,152.02734540713072,25.03235491872097,44.88991798334532,1,4
1476,95.49756391688018,35.59129072099359,90.72612248036324,0,3
1477,77.00720215981895,22.40051596162672,52.276957592551234,1,3
1478,6.295494526885415,28.19534234050901,75.5621385808525,0,0
1479,81.88646029214135,43.91200639884878,26.93781824058382,0,3
1480,134.73313225957574,33.77627918059723,36.01232668550581,1,4
1481,59.38493491468505,43.471717039233766,80.89328089130174,1,2
1482,26.204396544428764,36.67324209745728,20.986294843091237,1,1
1483,215.3183601763808,36.74000309001519,97.48221913176796,0,4
1484,268.3860807204201,32.75571521070617,35.25031208505722,0,4
1485,281.0316209061257,19.266257844441803,92.10431889960984,0,4
1486,185.3996185490968,30.59142872658863,61.27560225810286,1,4
1487,15.83237477978454,22.57998601510413,65.1660293517704,0,1
1488,222.258788988532,44.960176630538406,26.730543037682004,1,4
1489,33.02859157856592,23.008858203036617,49.217500332589424,0,1
1490,200.9244353063472,21.920575303843457,32.497508862440114,0,4
1491,233.80975072436277,33.71649465372134,62.07451954887542,0,4
1492,217.75941324794184,30.328464396588902,64.05857165375596,0,4
1493,285.5651417283392,15.640587397635423,76.77335596674482,0,4
1494,221.44388534021687,18.885995369774097,90.26225263385469,1,4
1495,207.96293339454252,39.33128825482538,57.45438530158886,1,4
1496,78.52295165493072,29.510758654426816,38.668829606448526,1,3
1497,277.4306059307705,19.38045644469043,46.68573291533196,1,4
1498,53.86316123825007,28.95727688507201,87.76718503511498,1,2
1499,271.4689834419379,22.59447249247211,31.66907880630092,0,4
1500,93.79876300377312,21.707743833370312,70.1804862670946,0,3
1501,39.04907816330062,43.73175829335313,21.046870707424816,0,2
1502,248.00490818135123,25.86073580573223,39.65354627633942,1,4
1503,0.7486360802487435,16.392933140170175,67.31267980011677,1,0
1504,249.6264953042492,44.10980017911909,56.51296320021366,1,4
1505,78.69355261379278,38.84518724316473,59.48395921945851,1,3
1506,265.4163818266864,22.632399196924755,72.84496403676849,0,4
1507,207.44375467247372,27.26675504116174,38.7668819534854,1,4
1508,199.85499985517703,40.868687237853855,42.46439522612019,1,4
1509,109.595868949453,25.722405579698226,74.7566565942277,0,3
1510,17.820892167231296,32.02212126019796,63.06331260350952,1,1
1511,249.0219294616732,31.04570608993838,21.16694594070621,1,4
1512,51.2711385529584,27.03883645886399,73.6262236228353,0,2
1513,111.67759256842568,34.18505705441149,69.60736326018224,1,3
1514,180.10640565272453,29.19872211905659,26.2886059038619,1,4
1515,144.67612156818652,15.636914750219184,79.80155958727889,0,4
1516,59.59819055139541,39.431493229438125,61.76811671576566,0,2
1517,42.18490706468517,18.39467348261158,36.37978271655677,0,2
1518,36.97388167508719,28.922697926740906,64.74850944931418,1,2
1519,258.9023644497603,32.39702372782492,67.63668113368027,1,4
1520,9.467864718400088,36.16518162579872,93.60949833521896,0,1
1521,293.10427787996827,27.32389605863848,79.37155404409364,1,4
1522,59.55860711562423,37.06645461091594,44.15394835929594,0,2
1523,33.09668906372344,18.94050254155711,29.450637405135403,0,1
1524,173.09149643303854,34.60336644812337,88.25472576646247,1,4
1525,23.995787382208988,39.79016782757109,87.68541503003567,0,1
1526,180.7359789490785,41.68331918512504,34.02480117791658,0,4
1527,255.187993444084,32.38699487861668,24.97049481583093,0,4
1528,14.36940644022745,24.38685594225112,76.94917198528312,0,1
1529,239.96058135856325,19.900695351408796,77.80654646691872,1,4
1530,118.3432322946356,25.366762586323347,34.171500296430324,0,3
1531,47.847190149362994,31.199231194633192,73.45694876459643,0,2
1532,52.82894408023772,20.88990671974681,42.31389957575431,1,2
1533,275.62936310826785,43.57544717079279,40.84936223750432,1,4
1534,33.18172558219934,41.91406286618728,45.9614347272274,1,1
1535,260.0348361346971,15.988715845962938,61.63170932134834,0,4
1536,163.27338629508438,31.858853946911665,84.35631386628982,1,4
1537,11.716853644931724,38.67926370739839,59.8915000711701,0,1
1538,139.3428437152015,22.361758798020208,43.84341564992595,0,4
1539,245.2348543428902,30.71688697178232,90.71794389694794,0,4
1540,217.86083629173007,27.17975647228137,24.407196595389173,0,4
1541,146.63472530541537,20.89638792654229,83.76731871184643,1,4
1542,258.0149639088651,33.44212151627468,82.75054063374846,1,4
1543,36.10942853406891,44.81076526220493,40.28374481234745,0,2
1544,272.9823160177107,25.958617808398344,35.86361460162237,1,4
1545,253.93236254500465,31.57137024793401,89.97604491964778,0,4
1546,212.4830476971708,24.835640448645016,64.70970348482595,0,4
1547,245.3663226386248,41.308458504074906,23.68090861051317,1,4
1548,163.1446520527998,40.9380810127108,91.2666013173714,0,4
1549,202.54872872930005,20.363201638439108,47.9204787484539,1,4
1550,168.17942121233366,41.99846622714182,47.37252430480211,0,4
1551,106.6285591523848,19.545261331682013,71.46303497278987,0,3
1552,170.65823920835328,17.863198788760027,72.90487542388607,0,4
1553,77.23959975957771,34.588038471045955,48.26528966627318,0,3
1554,132.08375125223557,26.577123176096848,31.46231423175045,0,4
1555,84.23262217807296,30.92221780385612,64.18158106957378,1,3
1556,36.8663368384167,34.57712345812391,70.01433317401921,1,2
1557,96.55855691697184,16.585117133789545,88.8177892047179,1,3
1558,255.5961654554312,23.788595132729803,58.75519898920527,0,4
1559,114.32423119269173,28.82718935306601,71.65568636545774,0,3
1560,224.40109469066076,22.99762229417796,24.352706225270012,0,4
1561,52.55935627144838,16.46914152856563,91.56183201649296,1,2
1562,127.32574775029248,17.6002971969316,46.17726505653617,0,4
1563,34.45682080055297,39.052436062612,70.57768994738495,0,1
1564,41.58631901024691,42.34160277638778,93.28413050505932,0,2
1565,185.23091396702077,19.566999072913465,84.84206274917496,1,4
1566,182.2445452347033,22.47785871874457,71.01630859822924,1,4
1567,64.01157220645867,34.56748214193209,76.28862624560682,0,2
1568,142.32695828663958,43.62815328277341,93.6724092771981,1,4
1569,258.9918500933844,23.98769127399813,84.9674544117436,0,4
1570,52.26045260294486,40.65640878708004,68.78872484297256,1,2
1571,5.7631599220544505,30.18073933351129,72.6962164967701,1,0
1572,195.5985421990717,43.69675917242341,31.78147393321695,0,4
1573,16.049462426605498,19.087759872845737,57.61341438164798,1,1
1574,293.9820715717338,44.2101719462396,44.07981181469332,1,4
1575,182.8860851396643,28.22935883488524,54.55765075999331,1,4
1576,141.11890585319168,43.58815171278785,72.97974988246051,1,4
1577,128.99776200729204,28.760706511545575,31.932087488140446,1,4
1578,171.92119755507943,30.902464023617345,21.390077092900555,1,4
1579,27.18733101606448,39.143250293319625,51.75395225861837,0,1
1580,279.00571764584873,36.67885502218182,45.77474515904457,1,4
1581,187.6926205655633,33.58809961251856,53.634564776136585,1,4
1582,55.19354928327264,27.50940070768668,94.49767362951845,0,2
1583,168.77431612939884,38.77315102198817,76.5667280971875,1,4
1584,39.97695174990349,43.44684999867961,46.19670196793281,0,2
1585,5.265815267493634,15.294326908290806,34.34230577893625,1,0
1586,189.1550955641994,32.635352893579835,69.47826354055492,1,4
1587,194.54500256103836,40.97942786935045,72.60610012076026,0,4
1588,175.10897484102466,34.59337612036672,58.6898147102268,1,4
1589,55.044961308006926,39.0248777350001,37.02086196977281,0,2
1590,181.02895754843013,41.85183311546956,22.28442086692243,0,4
1591,16.953282277355942,37.52853047559174,41.2528557973818,1,1
1592,182.7715066715767,36.51052204094299,56.57363994321472,1,4
1593,166.20510573228563,43.94237674091755,83.03474291539936,0,4
1594,196.57644925172983,40.91053973674718,88.30030630761377,1,4
1595,268.64268172571815,39.46133608748322,53.03476477335714,0,4
1596,255.10743157186096,17.592100814156282,83.68992437468222,1,4
1597,294.19625746876164,22.170896494182536,99.46822588409223,0,4
1598,292.8723098809725,31.70268072975269,77.32882998817834,0,4
1599,231.69590801212576,36.286803149244406,78.28792252811255,1,4
1600,286.9258866533184,24.09644679901431,92.76292012398648,1,4
1601,260.1851657667336,17.7998433936247,47.05153027335279,0,4
1602,218.27473496849183,24.33297560445743,20.896431444597702,1,4
1603,22.61527639312656,38.13087541741557,98.95818173405593,1,1
1604,14.714966480966329,41.32203088024119,59.23744621368191,1,1
1605,251.27987025173107,42.387109450330286,82.85420745298615,1,4
1606,146.8967573615095,26.366000374324432,84.99929100874365,0,4
1607,244.38200531247628,26.176157245805896,51.80133416640232,1,4
1608,93.8754811965658,27.20122412915373,63.30184373778546,1,3
1609,119.29495749690383,26.274284082643437,63.19324208501422,1,3
1610,210.0560163035796,34.98589822521629,37.61728074754004,0,4
1611,274.598021079628,25.74969786395978,29.41111471154348,0,4
1612,26.32844234366578,15.610318098427374,63.48578439541004,0,1
1613,258.4434433903819,28.17073802063615,29.61145814811699,1,4
1614,237.9038174638096,21.72456198535763,47.687097908761054,0,4
1615,94.6617812189564,15.8642141335386,34.88666653127508,1,3
1616,106.56498423946788,29.125288546021444,76.55328866262224,1,3
1617,13.938443166572888,21.178636775948792,89.76070827999902,0,1
1618,4.722183335015395,28.58225444519202,66.23316878817441,1,0
1619,143.10183790731872,23.332499598308598,52.8124645737278,1,4
1620,28.66189364919316,33.11126610841299,99.73141126570488,1,1
1621,58.20054432456391,44.72632160621878,21.696730819723136,0,2
1622,254.03015985799908,31.416957621349948,44.34728673631382,0,4
1623,171.30851737513575,34.406877506783104,42.29385221176003,1,4
1624,190.089731179834,42.57827273253604,48.49628784463357,1,4
1625,56.24379924957601,26.22001253175275,38.44765929268021,0,2
1626,248.59854133632584,19.99645349356749,41.14102683451648,0,4
1627,260.3939317319243,23.4839184879166,40.614168793386185,1,4
1628,156.99827811391302,27.08384822143648,60.45952406019445,1,4
1629,273.767331563598,34.35053043767515,51.28442216275449,0,4
1630,253.4485874863745,15.137640882891631,71.14240815879268,0,4
1631,219.3972530023314,40.60149644300953,61.15209278941484,0,4
1632,220.2227747080886,17.282819191494912,34.67374818957844,1,4
1633,31.618042185258982,42.019654467556514,84.80359831476062,1,1
1634,81.25081130869974,43.483035636146965,57.77561586724457,1,3
1635,20.054165945302817,44.70308382336402,32.258521432478624,1,1
1636,2.6043627678925985,39.28530553220633,33.350387434292976,1,0
1637,47.49285941517304,19.25566577820458,83.75747283831646,1,2
1638,264.146154794082,36.18501129675559,76.23945473784804,1,4
1639,71.96221771081545,21.09963871824529,60.52223620318088,1,3
1640,291.04618877751653,41.91383506741212,44.4865207801866,1,4
1641,179.18729986836183,24.498177769660344,56.841762943766085,0,4
1642,71.17754629040711,24.803879312251237,70.91868297104347,0,3
1643,149.13924104526384,42.529598877446,90.34258539436117,1,4
1644,65.72844681003461,15.396932123511135,64.46942941429829,0,3
1645,295.1920674547122,20.81898454450709,42.13882358190001,1,4
1646,254.17949517148915,27.65796799690365,23.419193175478288,0,4
1647,7.871636634698731,36.02164701930579,34.036404473339246,1,1
1648,284.33280944024136,34.42698498134206,72.01420965299702,0,4
1649,216.3195321908662,35.082356255014474,32.83495734593261,1,4
1650,24.7143756063835,41.40066085231992,58.52316425147607,0,1
1651,201.19132389793367,18.6309123687977,75.91640123811084,1,4
1652,194.07800938970564,30.664850886563112,44.65799211224886,1,4
1653,65.63662374227503,36.76433067307465,73.52847118458288,1,3
1654,227.53401000227268,34.08355328772494,66.48576493182549,1,4
1655,26.11941099389013,28.449423598178026,55.11512855427164,0,1
1656,146.83355436937435,15.513437576164918,91.77963831074088,1,4
1657,2.9769621489263765,16.81356796943654,75.3647112341955,0,0
1658,290.6212466684239,18.5682398056151,48.847762652206015,0,4
1659,225.4690895330728,25.296832585060905,84.34116268204333,1,4
1660,47.65562284789681,18.52960358001441,79.04817713357374,1,2
1661,102.50221198538487,27.78246939187825,83.33471724065315,0,3
1662,48.16871334245288,20.359259717567383,71.27647864327955,1,2
1663,229.9852392387944,38.37498592578618,50.34964926715989,1,4
1664,17.66889762831455,41.14462850136647,47.88628124834153,0,1
1665,252.12199666911425,26.689425239045278,72.33210886074116,0,4
1666,282.658901650719,30.33995295946916,30.47200063735209,0,4
1667,202.98838284189,43.60488724682825,85.59314803988606,0,4
1668,63.88963500043025,31.06523266045861,49.62683071984585,0,2
1669,108.02702874406523,44.85219647530275,70.42975914924392,0,3
1670,143.1719624426794,19.26392981076164,59.92511319467344,1,4
1671,181.38743166067613,40.86679261790096,61.54611936197231,1,4
1672,200.59892694350623,29.91609008018896,79.04049169610776,1,4
1673,166.26441459566485,15.681423337490044,70.13360429371346,0,4
1674,105.39417624655673,44.16668824318046,40.024719067657074,0,3
1675,267.2751841694709,43.95143699230074,25.938074513899025,1,4
1676,24.41761740538747,26.498125205486616,87.21872538922328,1,1
1677,139.87681627304852,43.62426213257714,90.7915259801486,1,4
1678,232.6694515402442,19.230289267156373,33.1597226333855,0,4
1679,18.26179958742027,35.40330423362047,44.7581653535626,1,1
1680,211.6005650433904,20.75786960663504,42.58739055453859,1,4
1681,245.9134868259975,22.399417090044828,94.99588485921238,0,4
1682,198.24938955811567,38.38012311607817,36.38219055445507,0,4
1683,3.881067682606798,26.320742536958846,33.32313856798656,0,0
1684,54.04110813966187,15.213825084858636,34.54708397985592,1,2
1685,102.63392366758522,27.427152725867835,78.38953408750135,0,3
1686,70.10701069141378,21.842079618988784,91.041587539718,0,3
1687,288.79564206822823,35.49989740674874,51.46939285066145,0,4
1688,195.4781742341381,20.83346090170501,30.88639234930854,0,4
1689,89.09128720547109,40.26760585309427,66.8577597926672,0,3
1690,278.90924959963365,23.012790363244928,36.79479666631809,0,4
1691,222.17825984285605,26.79084774849041,25.132115789218787,1,4
1692,85.38216354811259,23.94110582391294,90.8985102705981,1,3
1693,113.66447082058662,34.31770043428097,89.66730210669408,1,3
1694,59.82865749118702,18.0349062367919,98.07281282074187,1,2
1695,291.32219947974653,29.342981180947323,57.92038039249064,1,4
1696,155.18894876702197,25.033644456451743,43.52009585683377,0,4
1697,268.8170062493954,41.52413889864944,81.58269964563219,1,4
1698,103.9499313050543,17.202362807231772,34.43959456671302,0,3
1699,258.2524809292427,39.89085194798564,39.46336614530245,0,4
1700,16.16605452814919,20.030414295897277,40.45461009659046,1,1
1701,294.6270952572864,17.657329797898655,96.1295527929744,0,4
1702,273.6103101099908,21.06968574369024,78.38583350648591,0,4
1703,108.96088343299648,18.079589460354317,30.695583406572275,1,3
1704,232.4166495943732,30.629518446063766,27.42767024991254,0,4
1705,225.6773779421478,44.64644858747344,87.42518828676094,0,4
1706,270.3764391308795,16.029820557727767,84.18194584358092,1,4
1707,92.17649433864334,28.83385047958384,73.67956624066841,0,3
1708,139.65600159424486,26.58210987323585,35.68805219172929,0,4
1709,259.4998837818159,25.18819242739201,58.422683111141694,1,4
1710,233.5738362405648,24.955908313000823,68.21807563658191,0,4
1711,118.04001562208374,41.850382698793865,94.57100214722811,0,3
1712,253.71756987363665,15.56928450625212,33.553899215792846,1,4
1713,14.086211769720446,38.24749162140415,61.2357445716891,0,1
1714,234.61389088889703,22.58799536417825,32.620131110264964,0,4
1715,62.029757830110185,26.498865324527245,55.50794724593218,0,2
1716,85.83627234713616,27.60449738545733,36.01079797047383,1,3
1717,147.9644530786781,24.1419526222123,86.8948966652169,1,4
1718,134.92035032099218,17.806765855061936,40.37890221100104,1,4
1719,156.17103206096428,18.429925464883045,53.36837729952194,1,4
1720,163.43267870160716,23.94393372247933,52.62301219937082,1,4
1721,99.45830730944908,39.65427158661752,89.30359680174068,1,3
1722,52.568253905109,19.03882958362236,80.62379717858082,1,2
1723,230.5443687861918,37.27919499437792,24.60603912120672,1,4
1724,119.99284472614262,23.666091882878632,25.366996573453147,1,3
1725,151.7522587377177,41.503948053362784,64.09577961045633,0,4
1726,193.40901550533545,27.849854262019228,54.21752218862348,1,4
1727,272.8913766919968,20.151699398921263,42.04673764294736,0,4
1728,212.265849342066,44.575333503315306,83.40967505659242,0,4
1729,13.637767677115352,20.299035576897342,30.29081375191996,1,1
1730,251.56810901940528,32.02859463696808,97.92455302961214,1,4
1731,296.8065045382557,32.078594342884024,21.92820054017288,0,4
1732,141.74550761141464,26.184403535333395,29.45845796886749,1,4
1733,290.8771009363802,43.544657776473926,44.90533234206816,0,4
1734,164.19862270294482,40.31623687235195,60.731927620440246,0,4
1735,137.88479876158493,39.89458682514726,37.29089267834591,1,4
1736,99.42142941823651,44.224558062884334,78.8972119083221,1,3
1737,197.26646275000164,28.713280145889502,48.60335227407919,1,4
1738,68.94612615751338,17.91557326860088,23.08306667175501,0,3
1739,31.480265554321296,37.96367776349381,90.21775739525154,0,1
1740,8.171130775264224,26.424377383558014,95.50925384688504,1,1
1741,87.71403381457912,20.71035455410555,69.48508979496353,1,3
1742,118.73124965011148,29.4974202966076,84.52291108563242,1,3
1743,165.62300888437434,42.7715682050149,29.688923095464148,1,4
1744,87.82494755610193,20.14071057043885,41.50562254293317,0,3
1745,295.21787171562335,40.460964456892256,46.0185350142547,0,4
1746,87.52355047235028,27.54614824845352,96.86025335587968,1,3
1747,132.29261653392263,19.10405942109426,60.9778111925894,1,4
1748,30.9828496595701,40.45146911965969,20.5930847051168,0,1
1749,78.18795400112269,44.08861023574286,50.41486582960764,1,3
1750,14.499641936697326,23.73812147505035,20.62004806924612,1,1
1751,167.85259003119842,24.106086295262067,39.02445923779567,0,4
1752,225.3194049397295,26.716379491197998,56.37600537129419,0,4
1753,58.71294430082038,39.42391093382422,45.87144443366693,0,2
1754,110.37328134482122,15.312515902184996,22.618736982813655,0,3
1755,4.98486801814817,21.718696552126037,29.306857792702356,1,0
1756,251.8566167166636,36.17699433318978,64.07092489781863,1,4
1757,233.98905747950087,27.16918351456578,75.64839235075883,1,4
1758,18.976209262287718,24.90886868904383,52.36392097863221,0,1
1759,109.46028279612338,41.16848666706052,78.51853971399255,1,3
1760,286.58598415484863,42.52001760438718,33.0666310812115,1,4
1761,117.60811682369312,43.43958657498587,29.764635824614885,0,3
1762,157.8626030172048,23.1765159796289,87.15629727546207,1,4
1763,106.57285830310656,42.37537828617321,47.13706787937597,1,3
1764,178.83941643847854,37.10896664181867,54.57983375555394,1,4
1765,293.44706269104665,19.62644245465742,95.80652818538373,1,4
1766,299.2507510443591,33.30810084924631,53.92898623496875,0,4
1767,232.4144934033573,15.790044579209736,20.27920846815234,1,4
1768,121.2933294061318,36.25134467312596,95.03775516398686,1,3
1769,148.32966024869648,37.00702567952816,21.12949067886624,1,4
1770,107.01939843369163,38.68015525784992,72.98290269833585,1,3
1771,295.67238897130386,20.175751623673047,45.831272762600285,1,4
1772,212.32809174762116,33.84749822842593,57.6312605248164,0,4
1773,134.67943363005338,20.365700544829632,63.782813415694726,0,4
1774,3.6345810328807016,43.39950250167527,52.67680458364434,1,0
1775,156.1450243171645,35.250320780425035,81.94950297457345,1,4
1776,295.17846051048537,17.859775440121673,94.45651277315568,0,4
1777,156.91827269191558,20.610966900174684,26.91296416950946,0,4
1778,54.7280056467341,34.90380294389243,84.02023049879784,0,2
1779,6.628124131432456,29.300114884788258,30.29369127205161,1,0
1780,106.41112743726272,37.08892998632635,26.42217465996862,1,3
1781,275.4684167089821,23.423663967769773,96.4665162177703,0,4
1782,298.9662324527643,34.73752610541231,59.14382251930192,0,4
1783,283.6103924436008,20.30880504091317,32.20826328074309,0,4
1784,218.82599797627705,31.311307900830997,65.59656905736716,1,4
1785,167.44281853219658,43.73398774649959,41.05897110156424,0,4
1786,177.2058439146756,33.84666696872959,57.144721344639535,1,4
1787,161.69760272758828,16.499808525147493,69.97276751039283,1,4
1788,212.1147914768965,44.6628641320988,89.54158630959958,0,4
1789,125.66196800860573,19.705989889465968,20.246511861544665,1,4
1790,200.76120148672965,36.54207308091316,37.1312528732759,1,4
1791,36.48363448716031,30.97590117192588,27.701643433502365,0,2
1792,79.70859196844513,23.830820634129115,27.767816124725,1,3
1793,250.80091164258883,20.319314562831277,95.6621930511924,0,4
1794,271.1246792230173,20.33107092830147,94.8866347612042,0,4
1795,161.7024712680899,40.75199043624481,79.94464637609866,1,4
1796,9.49068516387972,41.1873754249027,71.44504339207325,0,1
1797,278.09207123753043,28.95436564874136,87.83763570861625,0,4
1798,210.61927740818592,18.108643887749217,24.67269904724541,1,4
1799,124.20837712660824,41.5249531154037,29.558863448098272,0,3
1800,179.51368295984892,29.610494585252678,45.36903386370672,0,4
1801,128.93245033240984,28.16287268600741,86.59939039172107,0,4
1802,139.6017680196153,27.220710733128605,57.77860342132081,0,4
1803,266.0429596978205,25.95042521577617,60.28598107500947,1,4
1804,48.32527407513346,30.780162108257827,38.341234372304605,1,2
1805,31.10074064467103,33.13623679835112,71.87099849388208,0,1
1806,0.8186233539047238,28.99296610718868,91.02737232498112,1,0
1807,94.200112683638,41.899444903651336,46.3611375886774,0,3
1808,44.224129945328215,24.52983685588492,69.53487518159073,1,2
1809,65.99564854143335,32.34935570360344,46.555917128945765,1,3
1810,3.3716947996130786,23.99861760581956,83.41752894674642,1,0
1811,68.15862440631096,37.60050071377603,57.996778959385374,0,3
1812,99.81347457971218,18.06363297984707,47.15752177757637,0,3
1813,9.470248922964398,20.66096990385997,53.60390833690335,1,1
1814,182.37123728914432,39.03604229780852,27.298201711698265,1,4
1815,170.64010466512738,20.49592785658616,89.28937226579524,0,4
1816,29.11073355297752,33.7723903858422,96.6455244270484,0,1
1817,178.5029332555203,44.1073035571259,58.19313437883332,1,4
1818,299.5961755826633,30.686718412978976,37.70697664625115,0,4
1819,283.3406858434622,20.621893390202075,73.1724959271151,0,4
1820,0.8012980102989897,24.62073137077913,56.19051836329142,0,0
1821,238.61349339910788,39.70374229362714,40.18400646707357,0,4
1822,106.0815828709458,25.54982739359921,23.074651479211923,1,3
1823,19.095411100388223,36.70534077089441,91.17635614308097,1,1
1824,88.79496411486242,38.320501886520304,83.73874816360382,0,3
1825,96.52095489388869,30.035485417354927,86.32048461115035,1,3
1826,156.97327179271704,38.49640153099167,55.18717847451111,0,4
1827,198.3251301806564,24.507090132846432,80.2604313562742,0,4
1828,224.7166836625224,30.48478940149217,66.49802111039965,1,4
1829,73.77091276898,35.596747919164216,49.98202371307944,1,3
1830,96.53117107454908,20.042194419131413,87.4193670497744,0,3
1831,92.51451205792056,23.20865902146569,99.90060384355348,1,3
1832,108.82106043626294,34.56109810180956,91.9425845819488,1,3
1833,299.8968926869016,34.6608035948866,82.09535773490445,0,4
1834,233.38299084822776,29.799079393589366,79.80063777539016,1,4
1835,292.4971395806091,38.86756070346361,72.01990744134838,1,4
1836,207.9333178641172,29.461647060149268,88.28939974716617,1,4
1837,121.88121049418528,41.439667962412,59.44649982597328,0,3
1838,116.92325508809247,37.07710292615836,34.53836081583944,1,3
1839,146.57434349251355,24.44084589910024,81.44397794153652,1,4
1840,125.0609350093312,26.857620254536663,93.56050993407082,1,4
1841,248.49787382782367,35.03060057309537,47.30818335443996,0,4
1842,139.50060390800786,41.83357856470474,82.63866383657086,0,4
1843,88.6843080632538,20.36126198110526,41.89781624659312,0,3
1844,232.45808060899557,30.439906162259405,95.40802186869456,0,4
1845,256.3261228144184,18.563532639731303,74.67687936110293,1,4
1846,126.12868684213542,23.38365465960393,65.54207897459177,0,4
1847,200.3425715716596,35.57944077879727,82.389612632286,1,4
1848,17.641360166491427,17.332039057444852,85.05849364460333,0,1
1849,158.83945559144,34.87075745666542,91.38959185802776,0,4
1850,13.494341323652414,42.02433362835891,92.08956262779444,0,1
1851,8.757252148340422,44.08110873055399,24.215266044283723,1,1
1852,183.87745515682167,21.498966030765462,29.832608641023636,1,4
1853,91.00061471849614,37.46693869823628,86.08487025497666,1,3
1854,222.76114873663963,42.79111346116589,95.68413227041428,0,4
1855,268.82476818977767,17.74107932548308,44.61374784991524,1,4
1856,41.81735211910521,27.42070825467616,20.68814547461723,0,2
1857,217.35685157367715,42.58229300616498,45.81641512281584,1,4
1858,154.35599948650298,21.083624947644903,50.62913087780573,0,4
1859,33.635775048809656,43.012820513635255,80.88266917787219,1,1
1860,195.4777819442174,30.815762132633356,23.80677325102713,1,4
1861,182.84004093194184,17.99679247612667,37.01121888741282,1,4
1862,154.69256022023475,28.49631950266545,91.51748689557115,1,4
1863,277.9413613678974,24.78783586401199,32.385632756114724,0,4
1864,156.32390883120496,23.46612481655425,80.73981215746741,0,4
1865,297.1545346350638,31.244267269010518,48.90483324632606,1,4
1866,152.7686441544333,29.507780722556102,73.0128171937109,1,4
1867,34.755611490410274,29.45901478860276,25.90772026423935,1,1
1868,141.14137532250913,17.644251933093457,42.92463560688347,1,4
1869,54.698628766521374,39.0695454308141,53.9831789997376,1,2
1870,179.14004556522818,29.443179460673857,88.57701008622311,1,4
1871,207.93965255808035,39.62717486105623,65.07966861168941,0,4
1872,140.5305836121281,39.73783924652851,23.618023446215133,0,4
1873,29.310890304944472,24.51405974544129,84.1493258660901,1,1
1874,140.59241957506586,15.130389114228372,24.361719116118607,1,4
1875,24.43626442032012,42.33737032374356,94.74932511935204,1,1
1876,204.6377866519602,37.820840792587205,36.937395683231166,1,4
1877,237.11046745952623,18.21755870470413,59.03409157256438,1,4
1878,288.7140981681117,36.05181102009304,25.78247750130473,0,4
1879,44.64063213853693,15.600698060066415,64.93699090382133,1,2
1880,159.72610065999123,15.832772076620955,59.778296058278535,1,4
1881,170.26121026062555,30.774697187935278,52.81988279050744,0,4
1882,276.7429601342939,17.881122877090398,22.84583336272318,0,4
1883,188.1829921789543,43.930095674547566,90.31491029212025,1,4
1884,43.652893693596326,41.81493679950788,84.210927905029,0,2
1885,130.90539718895675,34.49436093743654,70.64240162631927,0,4
1886,196.42875855187515,16.9112691251494,65.77839861071443,1,4
1887,210.0853296207892,24.745057734211954,75.5957145095865,0,4
1888,258.9221995771721,26.15168993718132,31.519201273149378,1,4
1889,54.152135953319146,29.42639507486099,94.61153970531872,1,2
1890,285.4626440266495,20.067086220193566,42.77386332037128,1,4
1891,17.741823604677677,32.32534928391588,72.51922179544019,1,1
1892,295.1286403706706,28.0731194372767,68.54045449135238,1,4
1893,257.3301278599225,43.41890890178576,70.9291183772487,1,4
1894,198.08183482865135,43.08585688875657,90.31616984656898,1,4
1895,220.4986500793265,31.96421866019917,43.67289653204958,1,4
1896,21.80760177563893,34.330480079716054,79.91585506021258,1,1
1897,12.443958868335711,19.133894033212272,67.87128511513353,1,1
1898,30.52973896540966,21.699697165205148,26.08482647637121,1,1
1899,26.20794439924133,42.02146212605729,53.13237447055801,1,1
1900,164.21437004083054,35.97497768687205,87.03612586125955,0,4
1901,64.63319613353674,20.682905918492324,45.22779111444687,0,3
1902,258.06169116201795,32.10630918219668,58.58111066503008,0,4
1903,133.72458692042164,43.04283751468347,59.0910854522928,1,4
1904,208.65314293748247,25.35513318485711,69.44078934446901,1,4
1905,195.86192789104797,20.57461126557256,90.72142878321466,0,4
1906,95.95591167891304,43.26075830727295,33.88313590281251,0,3
1907,72.9502720577187,28.837960808762976,60.36935061121005,1,3
1908,102.73688558899056,27.517259959882992,53.94138074300897,1,3
1909,238.99751215495127,23.027015993782506,43.67360720804771,1,4
1910,175.88305452588554,41.74755884841433,93.5686541563018,0,4
1911,76.0615987557526,40.36850300668725,20.653687392617115,1,3
1912,245.35393291812903,27.089711983102625,29.768383410430168,0,4
1913,16.42781583309202,15.918398396912366,78.66755599328877,0,1
1914,209.7550124970886,28.399542915184185,41.075328374953074,1,4
1915,131.73024172479327,20.4257404974016,77.85434088737946,0,4
1916,219.38711581976648,19.282022104466435,86.58028885724502,1,4
1917,278.23838407302804,26.792808356862707,40.36928134676241,1,4
1918,225.0102293840712,17.972308120338816,35.35554302904194,1,4
1919,132.58960659341471,43.72393520794995,31.624050614492624,0,4
1920,45.29270445416422,16.426175453438454,36.007088870595695,0,2
1921,241.9052927416301,27.04108882196181,41.37483112937532,0,4
1922,138.21165807641148,19.881081060950848,89.49998532324071,1,4
1923,22.593697037138934,35.66433964586268,81.6003530601946,0,1
1924,215.7166193330598,17.36434347643685,20.14754535345933,0,4
1925,87.55558977497691,31.40416722625903,89.92953136784783,1,3
1926,14.66646885155557,38.19304485605813,26.30498397615821,0,1
1927,270.8253044922233,43.50179505146912,72.42124940374981,1,4
1928,144.93032762817302,35.95582688908238,32.11798145734611,1,4
1929,84.28831595190647,17.984752729037506,24.982064840876497,0,3
1930,214.91596736547348,17.65561649142423,80.78165580169423,1,4
1931,265.7707133047691,36.947941456141976,57.37624910846744,1,4
1932,0.0921225101266465,21.459882150104058,67.92500106489273,0,0
1933,206.3556555126461,28.417179258997464,54.02824150379672,1,4
1934,230.1035082055264,44.29863304054077,25.37374900062737,0,4
1935,62.9782281838479,39.59720395211627,79.16945330295798,0,2
1936,146.88714942305234,40.397800719006014,85.62808969350613,0,4
1937,26.785769675380745,40.82309714184236,23.31364344709602,0,1
1938,224.02496475460427,33.586360203646734,50.057375758715146,1,4
1939,254.23680556900572,37.31801771587435,64.5853229656128,0,4
1940,32.455997197398176,25.76882743902862,68.41467382135338,0,1
1941,244.9380760298504,44.95338679718552,66.2522352913039,0,4
1942,231.4710511453601,23.388665089639357,75.43525231217035,0,4
1943,104.07399611126918,32.70022209910559,97.34529619356184,0,3
1944,207.086858980075,23.4618503496358,51.24692169029689,0,4
1945,0.014437168293524,18.362131516802197,64.52988535644715,0,0
1946,279.5392963397996,32.0275744453103,75.92629035711992,1,4
1947,165.11497059251187,25.600460125984192,67.3939057662244,1,4
1948,186.10165921859985,32.49657802570163,50.94008240073453,0,4
1949,199.3978240617296,31.760354299949785,69.92634303598611,0,4
1950,168.41070516551002,31.267701874306848,72.00892243521291,0,4
1951,257.0291662618389,18.699033661395884,66.79747802610694,1,4
1952,182.9105496454632,28.20542323051071,36.40885286018967,1,4
1953,272.3279973721418,39.36011818196376,60.47850865219456,0,4
1954,174.69948667020267,24.45430486633908,90.74854478085604,0,4
1955,51.33672659416998,28.314945158761955,89.48815024257948,1,2
1956,274.06876675179086,29.81494770960804,80.0630339996809,0,4
1957,204.48824950793303,40.881939377752346,75.775641154978,1,4
1958,209.77169833066685,34.66799307678057,32.26233102083607,0,4
1959,295.6445251714805,18.00607604511942,56.75717316035594,0,4
1960,22.558966262873746,40.95512957415064,28.87610477979953,1,1
1961,128.5777821285514,39.9619792644627,85.38275597088158,1,4
1962,71.72861789598456,37.60937941797526,43.28345651518009,0,3
1963,189.12793941409717,28.98174054956513,81.34926913992751,1,4
1964,242.0435051244216,37.7263615045742,85.16631132071223,1,4
1965,289.8932126677238,29.36226187928272,91.39968779292326,0,4
1966,136.37883208641605,37.098706029814885,80.30640627902108,1,4
1967,235.8654691927813,41.40330494917609,65.1783200405905,0,4
1968,275.11547761211386,41.7162475539179,67.8547931781357,0,4
1969,204.99762976076545,28.63735722562364,45.64658214580953,0,4
1970,72.81976573493137,40.78028038056088,34.15969531123562,1,3
1971,182.3562453323374,18.0437214152314,30.45089638590241,1,4
1972,290.985614345156,18.054582524603436,34.56188168934172,1,4
1973,296.2661486584696,31.4480084060244,94.7161509922278,1,4
1974,192.70794711503345,34.55533855368807,33.154660336054704,0,4
1975,266.0963273615968,19.58981327935208,77.89899559428399,1,4
1976,60.10480915458084,29.165401344179788,34.770283465177975,1,2
1977,73.82358148566503,17.83088003447769,98.0231816172619,0,3
1978,285.8662838654579,33.06298456659931,49.3267628380558,1,4
1979,40.57061264844237,40.65282110258544,52.97091432232559,1,2
1980,57.33193142804368,37.129169280585714,52.36092630257231,1,2
1981,126.16457973601553,26.348746572878134,85.31673472481668,1,4
1982,176.8752863260051,44.81381389911365,37.46324197936876,0,4
1983,181.1451656904815,34.8880492939841,86.48197887245034,0,4
1984,87.59280259966931,39.457453033274376,72.56470835536649,1,3
1985,276.18416938510444,35.09092161875198,37.622413423754,0,4
1986,274.5299722823588,44.6824887326138,25.23260366727285,0,4
1987,117.62041591571176,39.64079301653319,81.9994033151167,1,3
1988,130.28753082908915,30.582696536863217,37.51704366529494,0,4
1989,210.74913504717355,26.006386885127696,91.1253463778264,0,4
1990,198.89876891967023,35.46464487446527,30.38282218917913,0,4
1991,114.6891044882887,32.70665426421027,69.30916518460018,0,3
1992,124.27327545630102,33.880517730826355,75.37347149772089,1,3
1993,104.41168302646167,25.29035298851271,72.61619316457754,1,3
1994,70.61550208599236,27.861852617116632,45.282385159700354,1,3
1995,137.44150887724192,31.74289724671949,90.04188185763746,0,4
1996,205.93023957076213,40.178502057655294,81.58442533989978,1,4
1997,222.5900115942879,37.88726753288709,60.81650732970246,1,4
1998,233.6620944767888,18.55967611508371,68.2634422350759,0,4
1999,112.41960403593644,22.366627500581757,65.30969815578989,0,3
2000,229.39079828549208,15.799731747990824,95.735886187634,0,4
2001,1.9548947075625824,15.238817038967742,91.71305894234314,0,0
2002,143.11498131506465,21.731264078407253,38.8397828124856,1,4
2003,238.17132003980728,38.97962844027989,41.02078221720361,1,4
2004,189.013416192406,42.14242974523161,98.5150457705946,1,4
2005,142.2189372463523,26.753050976957944,38.924856156229495,0,4
2006,193.3926019819048,31.89595789820036,96.27834595860762,1,4
2007,272.08380094459915,36.18157805866142,71.98029640773962,1,4
2008,169.9145401830622,43.5881009775518,24.008755123285404,1,4
2009,239.93585743803183,42.38796711892295,46.85817595686669,1,4
2010,294.2228175675593,16.7157691014414,58.09232575303133,0,4
2011,211.67046062267,22.444975296278425,86.64743131603613,0,4
2012,171.99772916671907,16.47433631865531,46.28683306202813,0,4
2013,11.245784137602078,33.49627262967154,44.84626496996371,1,1
2014,112.34336947637628,36.31479949417917,93.62106072229312,1,3
2015,169.6328200545355,24.248502370695345,26.32274763209388,0,4
2016,239.16197151180972,40.61555724399644,64.12169717719962,0,4
2017,131.43143689427288,28.58438251234493,60.33914158784826,1,4
2018,288.017482729432,44.95144545291038,24.58678081780083,1,4
2019,81.53812578710247,15.011990777679747,27.020737641544848,0,3
2020,223.37015856309492,18.284691252556694,50.55739463824037,0,4
2021,125.70942512523824,24.05379728806021,30.73289754758248,0,4
2022,145.79654836977176,15.765227938611394,58.24575235582847,1,4
2023,240.7506101596321,38.47018373214752,68.71111083257435,0,4
2024,88.86457849551167,16.58315363613862,75.31173476023814,0,3
2025,29.043616978542943,37.46938899881482,63.71760527366117,0,1
2026,156.07667538402814,16.577053763686482,50.37280127146499,0,4
2027,158.63838354112465,22.581817939591367,30.380690128370844,1,4
2028,239.1503316676121,40.23830446975589,39.798833184566206,1,4
2029,290.49576186963054,43.532858827131726,53.55373416126828,1,4
2030,16.590205898504518,27.435790279815368,93.92915867218404,1,1
2031,177.50684212293265,44.09816892937654,36.208046495551606,1,4
2032,204.38355909444,33.806427712756275,53.067538474612434,0,4
2033,295.7404052245565,27.47505367298794,78.58470858992433,0,4
2034,282.77706428307346,39.08404031903751,76.41626816015156,0,4
2035,213.7352294135933,23.85985560420604,97.24740755791544,0,4
2036,156.53682337333976,22.97388784080655,35.27210373437395,1,4
2037,48.45717668977838,34.69643030733223,21.32156892799695,0,2
2038,115.25296656132522,26.71462085904285,45.78586087897622,1,3
2039,175.5366975171463,19.077540808349383,31.975408998617283,0,4
2040,217.5601189787261,17.008927058697264,63.8775241906805,1,4
2041,190.6198672437337,38.63527728745432,91.90232442001869,0,4
2042,214.2368405483224,35.27732195407034,75.05814663780342,0,4
2043,128.7457513655693,27.353946738198097,30.86390850800999,0,4
2044,218.28818717130272,41.8868290551317,29.287201951638995,0,4
2045,43.12237680591576,27.325702573277987,92.91598506203415,1,2
2046,48.77589352893407,36.30886414396151,59.00876399139203,0,2
2047,48.84964374883885,42.27345825621879,93.89383935914378,0,2
2048,267.25948711073283,40.2214637612533,78.89741724344131,1,4
2049,22.810218992590347,30.33314329018737,99.46787685083208,1,1
2050,240.4525118200428,35.41909177340198,89.69821941287788,0,4
2051,70.07126941402115,27.409973301821072,53.13697538094441,0,3
2052,140.5289821485752,34.41591516882342,80.65822620412723,0,4
2053,274.7869786397034,22.72657315036188,57.6982533855956,0,4
2054,175.78116890625202,28.0422634130866,38.64578344792917,1,4
2055,63.03530586970758,21.28637212805517,39.28234070050876,0,2
2056,85.22701809564214,16.14554858038644,51.785771556945086,1,3
2057,276.1339871687357,32.65619551726117,28.917298080974028,1,4
2058,128.1431775329935,40.93288036052392,34.22130279109151,1,4
2059,176.09564490203684,15.767348238695746,60.04869469760792,1,4
2060,137.97965898761663,20.88089222187888,96.31379818894447,1,4
2061,113.53142641453488,28.8055517781126,66.21490736137801,0,3
2062,66.98373807972058,34.9769045052676,52.67973993504179,0,3
2063,205.85745014538065,20.13687581009659,39.41602558954414,0,4
2064,215.4726078816361,16.70084486911873,35.67210437651525,0,4
2065,82.46552748221984,30.57146153180668,72.67256235031165,1,3
2066,236.70325291644912,39.56129139171927,87.8660253937327,0,4
2067,256.36056009050384,16.057047279383138,51.90847411513309,1,4
2068,276.2025288718891,25.481083510770777,64.05272370986262,1,4
2069,48.36372417551098,34.905442283800056,76.53814089992312,0,2
2070,91.17710508397992,18.92226018307401,24.663646004446065,1,3
2071,258.1060042511087,22.078403306782704,48.07176379489468,1,4
2072,59.56206084836819,31.06477931358798,78.3802311809687,1,2
2073,1.040537773048611,43.596950890926536,74.76952212154174,1,0
2074,261.24819307549035,23.62027854731268,24.26781795328731,1,4
2075,97.9348325254108,29.62582263662131,39.0254798698724,1,3
2076,124.349257541685,26.997925891932542,74.3965771556001,0,3
2077,133.90020771619135,41.9219001609024,41.71328338847236,0,4
2078,254.4823802001685,17.15669592093347,85.15282351499101,0,4
2079,101.36764337803812,31.98442774022293,22.360388735932748,1,3
2080,267.68396575694453,40.38359097569832,35.227762343475604,0,4
2081,185.0817414144144,44.64352731187775,42.505038404044654,0,4
2082,158.1860172101053,35.96176492565422,94.02318678480708,1,4
2083,97.68435213823872,26.398064269995736,83.70551650965325,1,3
2084,73.11350888435575,27.35473057601832,90.7316069223454,0,3
2085,187.2175328332046,25.55046659228292,55.238331774183,0,4
2086,134.06824801697283,33.1083929942086,85.8049673021136,1,4
2087,273.15480297960187,37.18217312154753,88.27948574773988,1,4
2088,147.49161483421491,39.584026907667926,51.99654590999997,1,4
2089,153.53847501035733,27.49779329049516,99.5569478195402,1,4
2090,125.01698434080024,36.50125506777118,88.09909033726954,1,4
2091,236.7788990973855,42.48667776089329,97.9277574995831,0,4
2092,127.45175943278112,42.62474383352116,89.31976869161323,0,4
2093,80.80259992492648,36.12087008143928,82.09629122044863,0,3
2094,258.60926228805295,34.10706578437608,95.50750987716368,1,4
2095,179.0484664095721,30.945782265750204,53.58553956676721,1,4
2096,177.45306593070052,20.495930045463854,82.66667467974901,0,4
2097,183.24666214917795,18.708889578162555,37.03129647328876,0,4
2098,215.6519244617,29.57133020368141,78.62350837768616,1,4
2099,93.92039679377004,19.78332468622378,82.82826264419143,1,3
2100,10.153311249900854,32.30999777008008,77.32195279068719,1,1
2101,243.17794826310288,34.37108190903655,87.98504522857294,1,4
2102,38.67151616449122,30.76846792560122,53.06683574796845,0,2
2103,216.54592116316329,16.09280137537841,63.58145056603932,0,4
2104,24.694589486198627,16.731838764069966,20.85339285562168,0,1
2105,112.59235260854764,18.40023554044456,31.68425304048192,1,3
2106,18.907820949461478,19.60937414965017,71.53551405022573,0,1
2107,156.66410388831738,44.69647841308,64.9853759716036,1,4
2108,195.94073183447253,25.334850505893677,35.78660108331232,0,4
2109,51.42994235345649,23.759201209238583,39.47718353282252,1,2
2110,111.48828553152065,16.567999069926874,47.52657615387665,1,3
2111,279.0718473129161,34.0596117205679,77.31317703548073,1,4
2112,132.71673513223703,34.565723553938426,68.77732821306408,0,4
2113,240.763070692967,20.263460687359935,25.565701134023183,1,4
2114,278.1554235180627,42.57724622773839,80.79513192098885,0,4
2115,292.30374749318594,39.01480639785382,41.01276504176237,0,4
2116,269.49660590741075,21.90957950422524,73.74077427235362,0,4
2117,95.22159874769072,29.575491927496124,29.86902757292404,1,3
2118,288.7718658483579,28.751725685965496,99.83370213753344,0,4
2119,243.7185725238141,25.45561333026962,26.426813655017128,0,4
2120,251.15267509184636,39.52904138476839,79.33872227207961,1,4
2121,4.55189525155043,18.277934568634528,63.306428740247625,0,0
2122,286.2716589954881,27.45942719483378,26.875135302731064,0,4
2123,233.42706715462225,27.840933916476512,22.14483660406044,1,4
2124,230.39024895237,29.06176813842539,49.01325740133429,0,4
2125,24.45741927857588,40.84049973295886,84.17791456057151,1,1
2126,69.77056232199938,21.54500610604504,23.2920992225114,1,3
2127,288.6784995413697,18.087695205368185,76.35189306624433,0,4
2128,150.20312244164288,33.534253884633245,72.43010210113908,1,4
2129,119.35740547117682,20.21503424934141,41.24301414182138,0,3
2130,251.9822451440741,17.247962575638592,26.199362858791226,1,4
2131,26.202124234183295,27.799476617131603,93.22575684432496,0,1
2132,125.0826048813178,21.589392925744228,44.02798421893792,1,4
2133,112.71023232662507,25.83649856603951,28.91065854294089,1,3
2134,104.95541610911783,22.791332403073724,74.52136626887328,0,3
2135,92.30767309592194,17.779093881702472,37.33449830333024,1,3
2136,63.02248703702341,31.810416087726047,58.0504604450104,0,2
2137,51.873240897156656,15.81055254118457,24.03244353888265,1,2
2138,192.12183507590225,43.99126043983199,99.4387159126484,0,4
2139,275.8184523626035,25.239915652048985,55.809690142039386,0,4
2140,152.65549357496445,35.854725314694115,99.92879850476274,0,4
2141,89.39236570399328,39.31088617642349,50.85399015472531,1,3
2142,47.7480593166679,23.37314386618665,47.828204475377554,0,2
2143,249.04300951577827,37.46216127330205,93.16578626136588,0,4
2144,291.44761694196416,39.97262566274129,46.35726830755905,0,4
2145,104.74662044035556,22.239517014348404,54.56044378530166,1,3
2146,87.28512766563867,44.77484030688218,26.2488349371326,0,3
2147,180.4478858924824,15.62066048526268,96.43699104283806,1,4
2148,232.5986942860277,21.510014407066237,26.81209926807217,1,4
2149,136.6208410648993,38.40062268830978,81.69479468282593,0,4
2150,189.0219449582848,20.823930751672584,63.08923150489416,0,4
2151,214.9647204069876,35.94779589918619,24.912411523802778,1,4
2152,288.17768635685377,40.66591214948711,20.13630624328449,1,4
2153,49.51119915602502,43.7764281790278,94.84429108217034,1,2
2154,299.21474814761086,29.227425462008085,79.37387233884351,0,4
2155,117.64699657236864,44.13327368946352,74.91489948315319,0,3
2156,216.96004281796613,27.34866890045036,55.08452244793776,1,4
2157,171.72431339189916,21.54384119023157,39.08910293687819,0,4
2158,146.00058510265202,30.41765559254176,74.38904597844592,0,4
2159,209.42261061947596,34.494697329344774,68.66408548936793,0,4
2160,118.72615506707854,28.738899481498315,78.10737558786691,1,3
2161,37.83299440104192,32.00917331900375,49.26340148002097,1,2
2162,146.66801493637192,27.49227563181566,98.95390084105524,0,4
2163,156.5747612046956,30.74285862063749,25.360692434282623,1,4
2164,60.570646019981766,43.57787015839685,26.376129362897125,1,2
2165,280.68580689859715,29.99493457608996,93.3500678064492,1,4
2166,68.24269399388739,22.595388984277808,71.81651479352348,1,3
2167,122.76827822522932,37.76239864537712,46.10672545456836,1,3
2168,46.47890605341699,25.12753373344648,80.9562206160501,1,2
2169,160.73899385608323,39.48621512464172,56.22187102824319,0,4
2170,92.2912824300269,16.705259669516554,21.68972070461857,1,3
2171,146.7817559928252,24.965339313260746,72.08829355359659,1,4
2172,67.38507493746057,17.830797247819184,39.44895496732183,1,3
2173,16.132538384614726,17.559534727374945,29.226809328805423,1,1
2174,233.7679953246766,34.75168677517311,38.021854599952334,0,4
2175,192.3258851878975,26.560044040608226,58.09263049033988,1,4
2176,102.22180671330386,41.144368259553374,23.98851450265922,0,3
2177,14.24826740469667,30.49215413620588,90.65219094236382,0,1
2178,259.67251880913625,23.86029663516848,64.79344132554895,0,4
2179,50.9385014807038,36.62666663886584,43.439694409233255,1,2
2180,279.2226654844284,33.72050374757099,74.96038784709464,0,4
2181,143.57861357878755,38.987838624876105,84.3389197583953,1,4
2182,102.11601297254512,34.30764829025655,69.11397023867842,0,3
2183,222.52784306728915,20.01040251296761,36.19957455284188,0,4
2184,263.0518218225557,35.10930113001198,28.823073611715493,1,4
2185,111.21406909371322,26.74647592847431,88.79197576267093,1,3
2186,122.20312565105618,28.894290907727044,38.77499308413924,1,3
2187,129.9474658041592,42.64693727212034,21.60659445419981,0,4
2188,276.69691844360074,25.798921388932413,71.43216865234017,1,4
2189,207.7691974542998,33.35877428972516,32.23082638914504,0,4
2190,74.29383511369666,25.904452002367183,99.27758558116602,0,3
2191,55.499909250593824,17.841824560733752,89.57846653915296,1,2
2192,69.11029902744482,28.605760261449014,68.67565808009742,1,3
2193,79.06916675565523,32.911845133789555,86.70925140868347,0,3
2194,69.05504740020045,27.22509876112796,57.6428560614957,1,3
2195,197.55193415771885,26.719985540345533,83.07889955699481,1,4
2196,34.7800531972519,39.61135541683191,71.72268419177209,1,1
2197,116.2075469123882,15.890555168684106,22.29157183757248,0,3
2198,187.51607189110996,23.8675619022036,95.9006134042274,0,4
2199,87.25799218287925,39.35271796131634,88.87356625573497,1,3
2200,19.582315410497408,42.61590445833491,96.27259124745775,1,1
2201,24.54717685379049,27.36898757522485,78.50927476486525,1,1
2202,37.7900328914059,41.66382729588229,52.96487373292977,1,2
2203,250.75290746044652,20.96790366375098,36.55881786290258,1,4
2204,197.3590516814909,21.64281203580518,34.39970780526952,1,4
2205,19.356723329293438,40.3857412975441,31.593299871021728,0,1
2206,117.32066374542596,42.09773224021855,37.64877141132142,1,3
2207,83.5755518541197,21.684173038880022,64.05088106779162,1,3
2208,173.41203348864005,16.779725699058332,74.69960506302728,1,4
2209,156.841784901694,17.70972411165863,45.124524881301454,0,4
2210,144.33720701091448,22.8414250612909,63.89975756062909,0,4
2211,94.35371111178397,37.84347231440385,47.300212756308014,1,3
2212,41.33993161319722,30.299754833888485,75.72079789391967,1,2
2213,222.71291486179135,28.66766526728309,99.07889762562009,0,4
2214,263.95703065279633,32.52419793498002,75.12135747063068,1,4
2215,283.2452727698452,41.70669340386559,24.722446147012267,0,4
2216,17.585691184074136,17.71291138696973,58.17879662671914,0,1
2217,221.9726134766649,35.84172382909744,81.63099941076246,1,4
2218,217.95103782208875,42.80372536966215,63.37932850028658,0,4
2219,284.1328842436768,21.400501252752,96.08504237783184,1,4
2220,75.87437834932963,40.13316947885504,24.381734336336898,1,3
2221,222.6537114885469,35.940741322785065,43.29244346365424,0,4
2222,16.38788662994537,15.43405608219434,37.657448611183085,1,1
2223,189.37371622848573,21.94835041086385,81.4097761410871,0,4
2224,105.25434721565392,33.175342826876424,61.90344547872054,0,3
2225,230.6728318642425,30.07201018473635,31.067536908240463,1,4
2226,258.99128593061806,30.83808757580598,42.84746107691424,0,4
2227,109.44631266525488,21.95791273820468,61.81274583970999,1,3
2228,157.67582780979018,35.2501041212588,99.69031850029194,1,4
2229,35.22121870907997,22.992551128103308,49.143388593229744,1,1
2230,125.07208956704298,26.683048994353616,32.54608778717562,1,4
2231,108.24011797775076,26.06747747640229,59.76532206333264,0,3
2232,54.93703793535531,35.16075066359696,44.81491017864526,1,2
2233,268.3435874300328,17.70758285049652,65.27734590628384,0,4
2234,44.42635141204807,21.16625703120556,57.33682422281808,0,2
2235,190.72180725905616,21.014912120552037,75.15919373700183,1,4
2236,267.0427930439663,18.252740223471303,93.1432567094013,0,4
2237,273.5905739589677,21.22784936509377,36.04114806150008,0,4
2238,237.9719099521705,33.21180803770063,85.69440562947185,0,4
2239,52.84234016225299,36.96504512622565,95.94125724388284,0,2
2240,245.2294227641609,34.809103409073685,49.88877452143697,1,4
2241,82.96944372468738,29.255644139426472,29.093016047735905,0,3
2242,276.7194082297527,16.573037132881907,85.75289366263134,1,4
2243,212.7260044271549,43.770210320603255,76.08766475505911,0,4
2244,235.580268302666,20.04229382512476,37.01697638672414,0,4
2245,25.509736050581168,35.05264111217012,55.61788745460401,1,1
2246,174.82953403306334,42.38671846446333,66.23937651919101,1,4
2247,246.34263806960388,35.93331287942966,33.58832693211394,1,4
2248,258.4771058317498,21.541489205668505,77.19302613036479,0,4
2249,8.589511420092455,24.47388896292069,75.19061931154852,1,1
2250,281.7477697665358,15.906176010332857,90.97012900093029,1,4
2251,13.00161999074392,33.3827472252634,65.3818371542556,0,1
2252,184.35560390245496,33.389789426446995,65.94504245565095,0,4
2253,208.0162582845936,36.76501744129138,69.55098847754412,1,4
2254,32.20358735037294,15.32988867826864,41.90266091055253,0,1
2255,14.403559682757804,39.535238664734,80.68846810224022,1,1
2256,235.47364633521877,37.161328722009245,72.99994090101049,1,4
2257,115.40118743923018,19.226598285722662,87.13165003687287,0,3
2258,32.1337545945371,25.42879827806936,81.48688039780832,1,1
2259,228.8003449162926,34.1557467871265,71.08577844032499,0,4
2260,254.74892104308617,29.873906248209835,32.87137207276792,0,4
2261,176.2158572276422,18.452827917037872,93.5317858567064,0,4
2262,48.37104253039368,17.6203612540977,49.37697451065187,0,2
2263,4.566741447447242,38.44368897324274,97.143885481341,1,0
2264,210.2407443905832,19.679013540534296,52.14966416004377,1,4
2265,165.04190244759502,20.16278021791331,31.675063414653664,0,4
2266,195.23914251602383,39.92769376070272,90.78717979997344,0,4
2267,243.9554010598787,33.36418903689651,83.60469921029642,0,4
2268,130.26833309789163,33.141468244619176,82.90368448905116,0,4
2269,37.354640650086125,29.3803731409002,27.15286005848945,1,2
2270,281.99498561724795,32.06985043206873,90.34238664415736,1,4
2271,163.57863817405718,33.05309071115433,67.71205097302888,1,4
2272,184.5882357265621,44.03478704530741,57.6284589018363,1,4
2273,280.0234288655254,21.689199224027377,93.05372971305108,0,4
2274,279.4750968930789,21.43687259101377,73.28330819855523,1,4
2275,171.62838201845207,16.71655463115947,30.64246590823888,0,4
2276,89.28342741642783,34.74596396427967,61.56297408453629,1,3
2277,299.13409020382176,31.471265424667852,70.92932710780502,1,4
2278,204.2451269860608,18.337176115399192,91.88405581853074,1,4
2279,122.53100306761696,25.936168053545614,42.39152813399201,1,3
2280,167.95104085607693,20.359896159936117,83.53871085179321,0,4
2281,124.75021508040888,24.944452212025844,83.98503230677969,0,4
2282,266.4915456889942,43.5379250818383,30.243958785894456,1,4
2283,144.74981245972384,35.49956516641586,21.378654620469835,1,4
2284,247.0585127943741,15.227073023854258,66.51277567187651,0,4
2285,252.0528893469012,22.57524221352371,83.15831090327886,0,4
2286,247.2997013205745,15.31084641233337,64.35446594618378,1,4
2287,216.65658374270237,36.44605496306042,85.06779881599003,1,4
2288,256.46331504227453,29.08265406166435,69.78425123740112,1,4
2289,116.16887388689076,44.82056075443168,72.26338893378403,1,3
2290,34.39896184258811,37.00749783067975,22.252354061002045,0,1
2291,252.7362613117544,30.537388281236456,27.08785623355409,1,4
2292,149.45052470620357,39.14116284624406,78.00236941726997,0,4
2293,38.212809758355306,36.14410953702228,81.02746259010313,1,2
2294,34.59375665460238,22.31328532907961,63.37423824514608,1,1
2295,47.77271820296781,30.9077482448255,67.21321019608277,0,2
2296,225.2919779001317,31.679961745022126,69.1492671876062,0,4
2297,213.25700203988436,28.5369509582341,28.399305508315955,0,4
2298,61.14560405546497,20.37577868566086,73.4326883400744,0,2
2299,254.07702543293857,21.70107154973661,58.27759814096403,1,4
2300,84.38843865847346,23.431422028678845,68.20183813498232,0,3
2301,237.89567499448424,15.307654481344912,65.0513463048418,1,4
2302,146.64177232048257,42.50831676508528,81.04001987632311,1,4
2303,219.46460476156983,35.582879747504364,45.48546109727851,1,4
2304,114.41629892206976,35.68851947353413,49.88209960539616,0,3
2305,104.1421791284328,32.16991841427364,51.328504521966366,1,3
2306,252.4078796877997,35.679324244831776,80.996487933921,1,4
2307,10.590676354220896,44.45587649620909,54.48900974424282,1,1
2308,292.4210841772522,26.5548101290348,34.165981736004376,0,4
2309,194.45386747961203,36.37576760629691,98.6432776333623,1,4
2310,129.74501645983264,25.785870131325847,59.47054911716382,1,4
2311,188.41635934512755,40.62866396240478,28.73984665248504,0,4
2312,36.82228393769484,40.74085820670105,73.6219964794162,0,2
2313,154.2157365880643,42.06799276270455,79.13298860227869,1,4
2314,295.5286570019393,15.16389972725635,60.01782711271163,1,4
2315,70.58083135401205,23.945743349882846,71.71657746218571,0,3
2316,216.6834297109048,19.01773053604788,33.8139891586184,0,4
2317,130.4914127495102,28.619585936704706,49.43379082243031,1,4
2318,195.7374445463861,29.863489280378936,32.946288269729294,0,4
2319,61.46616860753264,22.677121284889665,50.97882050918467,1,2
2320,141.1394947852807,36.70339476135212,65.02404177495353,1,4
2321,294.02781415778253,23.09309151566908,55.40315257455306,1,4
2322,58.58614530480287,40.61674125850075,67.45718725885925,0,2
2323,190.93350835462712,20.329781044253608,60.140733869484144,1,4
2324,172.67932463003862,26.01705884295851,45.42514987214051,0,4
2325,169.515475887121,33.66713275272915,31.47327984968097,1,4
2326,184.53698689548517,33.1600521138976,40.21382891370217,1,4
2327,150.67139210646843,17.340873360154305,36.05706015156799,0,4
2328,5.0792250772974,40.387758365728445,76.59378349525684,0,0
2329,270.02904343893533,32.941948002893255,85.59734755299047,0,4
2330,248.09364824520927,41.095786461215056,77.63108842395405,0,4
2331,52.2503042763364,41.02906734683606,71.49873175961267,0,2
2332,123.98195321366072,31.377560711250933,44.62810830510157,0,3
2333,231.1646942080704,42.32344371934313,76.8788447285209,1,4
2334,294.0186946161853,40.45223396440368,68.4066767991317,0,4
2335,285.3411139325359,43.74368833685313,23.751469335010054,1,4
2336,269.80775990285224,40.51495195678219,92.60896947147324,1,4
2337,47.51216918974189,39.63611553003449,26.39630728813114,1,2
2338,274.34253180270144,29.080814420307345,60.21663233270711,1,4
2339,263.5334738853238,21.36093181133783,61.04553221752518,0,4
2340,113.08497334991688,42.32126199226458,86.96057510067052,0,3
2341,118.3567783608786,36.67647559338227,93.04540008338932,0,3
2342,137.97267658654823,23.45243592595561,95.17406332078345,1,4
2343,196.85268928992508,25.22987168266928,65.57377067831825,0,4
2344,78.25068479490473,35.582355355716615,74.32337841692828,0,3
2345,6.884528831983405,29.33451925061013,27.08158899300504,0,0
2346,42.368857379172674,17.44447685539105,59.03328086752178,1,2
2347,132.0347722730321,19.24343837236971,91.82853633938277,1,4
2348,84.60077082786054,37.36946050536933,56.45577208304488,1,3
2349,229.35496831083955,24.85708585445493,25.567514834674448,0,4
2350,32.00702116478141,30.22948285206117,36.05129139331629,1,1
2351,275.23956766644113,37.998644347605776,54.36055379483957,1,4
2352,268.59815398317335,37.53526781118157,39.00226439272419,1,4
2353,272.62704507998643,20.010450806618216,51.38340682733765,1,4
2354,221.882999580998,17.95181593197106,46.63695002688472,1,4
2355,32.09999144507979,32.7345687889527,45.51432422527617,1,1
2356,131.44127141087003,37.24898621793719,27.29316878054683,1,4
2357,39.42161154163912,19.471197659862312,90.61717528692692,1,2
2358,296.3097578283248,26.158658619818244,75.41650027723306,1,4
2359,99.911527019602,41.10833987902922,69.87055267752997,0,3
2360,175.59916256701862,43.32669424680963,68.51755264763256,0,4
2361,233.81791627326652,28.62209282849053,51.7201779771727,1,4
2362,276.1848252676936,17.385478020924992,85.86522470811998,0,4
2363,226.664317752408,22.73089368607132,94.4031995142351,1,4
2364,202.35113362987127,21.98909760946599,20.44937991963529,0,4
2365,139.7945346114454,22.16891161623171,26.335878147040592,0,4
2366,181.6200401251572,29.8164511613775,73.99804938930234,1,4
2367,28.249142655848942,32.49676955074713,38.88533781784577,1,1
2368,265.1767625883788,18.67528766039806,92.93639990159056,0,4
2369,163.13319265196563,41.68068019585003,73.3930452093004,0,4
2370,12.04051513048281,33.59921469843344,49.463300412697045,1,1
2371,275.97063769796927,32.91755190804016,53.222592222354415,1,4
2372,146.7905921510606,44.61836995152852,75.27060041972464,1,4
2373,260.5767424683005,33.84431932479376,31.277128208171465,0,4
2374,257.0663862616071,42.86877447903555,90.67295041972876,1,4
2375,244.72547623713444,23.58770917079375,20.381735874414225,1,4
2376,18.420905788606824,22.203884710394927,98.3157562643093,0,1
2377,74.11999362726266,30.495560604733598,33.41163842904754,1,3
2378,262.6643617396292,30.258268429099985,79.3689086891106,1,4
2379,269.69731681562814,21.794509484516908,23.193976563452843,0,4
2380,137.42065871064182,35.98966970699843,54.514311923447416,0,4
2381,132.01244029626068,15.8890145771008,70.42509458513099,1,4
2382,52.54219016584493,35.71891417648358,25.61819660744672,1,2
2383,290.5232366073454,28.71533658369901,55.4634823119939,0,4
2384,63.94154260771296,35.670225325352376,44.2509122488178,0,2
2385,57.28103530522967,29.31241891924557,59.85948895737543,1,2
2386,198.2186910447523,44.32001348654085,60.36612287753185,0,4
2387,72.85329090013431,25.04054853309353,82.8185284673847,0,3
2388,281.63148330431693,44.47718811007165,29.88036227559181,0,4
2389,3.2720985953384463,16.94921827436926,26.61756808379732,1,0
2390,1.7259786969903934,35.5128232427267,52.151218659103264,0,0
2391,151.46304043067985,28.62657620354737,91.0015935501226,0,4
2392,146.4187379740416,39.66412876589101,88.42156157376743,0,4
2393,49.00920657027314,38.68848209150994,64.79943274251272,0,2
2394,148.35586889108532,39.00630548627812,91.10190551768856,1,4
2395,123.49833155099591,17.84215797907559,84.42748780389695,1,3
2396,267.0988576027106,39.67097099583884,42.23515680744395,1,4
2397,2.776176065089042,21.421204723312822,33.60850243566641,0,0
2398,292.88094150988564,15.770407915771044,44.09252007813648,1,4
2399,187.31782928875276,21.53216159053234,38.16943027510515,1,4
2400,45.55303369358269,29.37855314099498,69.81750341269577,1,2
2401,14.02800414334987,37.26334079734296,66.79192902197201,0,1
2402,161.43169756776956,21.55897442498561,67.87499067622254,0,4
2403,70.46704979154603,18.39022644270814,35.144282919315906,0,3
2404,90.34966110037776,34.37901765071827,83.3490180221151,0,3
2405,73.53964945035408,44.51694109080053,54.690086683410506,1,3
2406,195.05169407175325,33.026109062568544,57.79615362932263,1,4
2407,166.05868863484008,35.73172092370265,99.75694769689918,0,4
2408,23.39232705654345,31.8350233123926,42.58174287701985,0,1
2409,157.9579599525526,38.47045332685512,51.53104032861687,0,4
2410,237.35692966899,44.27413260628335,74.11705663232698,1,4
2411,24.35837724609729,31.323876882125543,90.43304161521932,0,1
2412,266.921692869126,27.503715352281773,30.14248053472249,0,4
2413,173.49199483431877,40.81029183480379,78.80366451417311,1,4
2414,285.187340781095,44.09185031279971,93.46244207964403,0,4
2415,44.442365316712696,18.87544922608704,53.83396907414952,1,2
2416,298.0694998059945,32.345128964216336,42.9381538346814,0,4
2417,193.28185979090304,38.77379977637992,74.21897174199498,1,4
2418,170.24825984431885,31.000182154691725,39.68589209906333,0,4
2419,154.5838872336256,27.27590904578846,50.74317972378289,1,4
2420,7.096311929493826,34.65689463406262,91.7530699271842,0,0
2421,281.8917574648734,23.10384283540045,67.22660420731019,1,4
2422,193.1983418562595,25.47401228815108,27.598181327987543,1,4
2423,27.487945349787367,44.768299766440336,46.37580251570967,1,1
2424,6.2856510883574686,34.09396003123486,70.18121320939008,0,0
2425,15.2350917710254,41.18781894933224,58.51981097237423,0,1
2426,182.8187290296722,39.23305539111431,72.82714534012726,1,4
2427,184.2046244683756,34.56817663182072,80.91531341442725,1,4
2428,149.90018753443232,40.2218724737632,58.44920961637665,0,4
2429,92.02974619588548,23.61475486300713,98.95613490415506,1,3
2430,159.5228194843924,34.11349346436895,93.17391005391202,0,4
2431,154.89054626287736,32.718104685719425,24.792592485492506,1,4
2432,5.824667962969688,33.672588023800344,41.31449102001746,1,0
2433,84.74076909824942,20.058957814403257,44.043480984782725,1,3
2434,15.955602440144844,23.31729119994205,34.74322853360085,0,1
2435,270.0464254342966,23.59974956377617,44.96132024403842,0,4
2436,217.56694883554064,33.058384877182895,53.985650634836816,0,4
2437,298.8345510578737,44.17640641319358,24.12407831939662,1,4
2438,90.65137899158636,43.62202653546444,30.18401889059316,0,3
2439,263.5457543270731,21.8156865896909,27.699670303478705,0,4
2440,180.9162803797445,24.145357292003176,23.70535513173205,1,4
2441,135.93762207108148,16.08185676837501,58.51976162412947,1,4
2442,66.77193338659053,26.964467695781824,46.704246658091606,0,3
2443,221.51764958584283,40.04022365041091,94.8357783719769,1,4
2444,271.24222467129,42.472552169584205,28.220842835339024,1,4
2445,70.59251942261122,22.09489438703831,94.08282685885378,1,3
2446,52.617100492083765,22.973834204665177,26.923649391956737,1,2
2447,208.8665745014601,21.62549449526261,69.5373877283548,0,4
2448,293.09194881765575,25.503107027237363,39.81842699010563,1,4
2449,224.9865303312234,39.14278195771634,86.14445171950999,1,4
2450,85.37422171429468,34.4057240965338,24.91798616319759,1,3
2451,125.9866272443357,38.578227535911,96.20065246157004,0,4
2452,115.29529063751151,32.49093319005918,23.78057602663201,0,3
2453,255.62850541411365,22.731992341774404,39.28906146410671,0,4
2454,231.41123366166715,21.839825406376324,57.1347780853912,0,4
2455,176.69263042845606,15.270021175912492,80.48463092529724,1,4
2456,82.48773311907097,38.42946410622217,96.08901740346953,1,3
2457,281.39655831661685,40.41363678494153,54.24339450355008,1,4
2458,195.994567430744,38.04847798885249,80.58480750542982,0,4
2459,291.14299393253475,17.23206173185472,78.1730043556191,0,4
2460,174.03510991260924,37.86664881509598,65.69351162327251,1,4
2461,246.35782750908425,16.37302359450808,75.27353408806557,0,4
2462,243.931613818358,18.167791971191733,23.045334645294236,1,4
2463,101.19863305007762,28.214261187980014,55.32619207180108,0,3
2464,289.20621688716847,29.2844102677452,82.86885552480243,1,4
2465,6.582440279269197,39.48355909856089,57.93769160021847,0,0
2466,230.61327263022423,35.385806761227315,89.88036673815587,1,4
2467,289.6671257292132,19.599605358936486,86.69103012517682,1,4
2468,101.67246098511686,21.78440349686404,89.07568241378925,0,3
2469,194.4331763372916,23.570255647760604,30.399734850255957,0,4
2470,168.66697495326318,18.71017912364575,39.53128996528564,0,4
2471,228.4521929029571,23.62934659077692,22.367781856970428,0,4
2472,259.8533764935157,36.85794466619199,98.62405814904442,1,4
2473,180.9133707898644,22.24204410321849,38.89105115334096,0,4
2474,244.77137591443707,40.0607894118116,49.36746675857938,1,4
2475,93.68567276677656,29.08550985375624,41.994115778274896,1,3
2476,68.57611761144507,24.688072837331667,23.183489827633387,1,3
2477,129.20030685985205,27.37254313646619,40.90064076880868,0,4
2478,203.32097987423495,36.28490221780474,27.85565329661658,0,4
2479,56.17408468161709,30.503781097379708,51.54264691076677,0,2
2480,204.10565764556745,15.21835991925174,97.34592946694204,1,4
2481,118.2280945716202,42.66971539755225,75.86098976510542,0,3
2482,238.6725821677896,16.979880090055552,76.5520631846305,0,4
2483,11.050745130990991,43.15864046443157,56.25407466330042,1,1
2484,200.3947913488184,15.84458470860164,84.90432085515582,1,4
2485,194.9467009949903,38.12938004872345,92.6627333534047,0,4
2486,282.2806428375943,31.040241245498645,96.92400048670568,0,4
2487,214.01026606922116,30.17178541812318,27.919217819713484,0,4
2488,238.8905689269844,17.183355076320137,90.37152069171822,1,4
2489,271.3773047559505,22.16235031013749,38.00663068606887,1,4
2490,202.51557548759635,38.32641951195576,51.78135215926672,1,4
2491,87.04609048799237,41.73779489767482,47.638175576962105,1,3
2492,260.93213987505663,30.873560431589382,74.0104032069436,1,4
2493,224.2734358427925,25.600301890877866,67.83396321870333,0,4
2494,127.33128120026804,16.798296241926323,28.72838998144288,0,4
2495,213.15875179498863,35.46535578199021,82.62581036116133,0,4
2496,260.30666315434263,23.35339832058848,55.17163214411969,1,4
2497,292.69563941738147,16.650411449764405,20.17774746637173,0,4
2498,285.7054511877166,34.97555187295866,53.1602613488665,1,4
2499,97.59834802924246,29.57159380601275,61.306526059775294,0,3
2500,126.50811411545452,15.35886449105172,25.509974816658342,1,4
2501,32.86098149321138,18.32772117319041,32.09082075329612,1,1
2502,74.2632861054138,35.976057877378324,99.48577371926888,0,3
2503,264.72636254608506,16.910139991973658,89.69563216179884,0,4
2504,108.2549778838077,40.9788919452897,30.666193547731822,0,3
2505,186.16579757846432,24.339788322597983,66.4247519757005,1,4
2506,199.78968549211,17.65999411309274,50.33946377738745,0,4
2507,234.5487825429936,37.79272134504196,63.49923269599358,1,4
2508,54.84000907368929,30.732817033590717,57.64281548539098,0,2
2509,91.44394038433065,24.19920097137893,23.851914002054777,0,3
2510,134.5009024374542,27.18295025007804,45.23362487926264,1,4
2511,109.45231837148206,15.642371868144776,30.041646562250133,0,3
2512,294.87156985790693,34.880956126182866,59.117447383259815,0,4
2513,250.4822409641137,25.97321066890333,92.58533759836348,0,4
2514,143.9060263861458,36.42112709184389,99.64262180556352,1,4
2515,263.7805878259404,33.84513437857642,95.54024547859773,1,4
2516,104.29588427498904,34.53762557729214,98.8557699979848,0,3
2517,235.74849716707936,38.78678133013297,21.219705262428413,0,4
2518,67.1026794319361,33.93474235128753,78.35575827552222,1,3
2519,231.6966135679098,27.561777877256773,41.8359048141229,1,4
2520,136.9360209587185,26.697826852039068,89.24943826153095,1,4
2521,32.2497962976727,18.587463202945678,85.09867924992339,0,1
2522,81.97873636667468,38.38330239468725,53.89396607063632,1,3
2523,120.68238720706938,37.833253252638656,57.8608540082526,0,3
2524,224.78787349933117,22.388951012565705,41.20733351940311,1,4
2525,21.894814419285257,40.880457380944335,43.10432289762416,0,1
2526,197.86409852779187,32.67009773371885,98.49395386883876,1,4
2527,214.80409227985308,29.360605271837017,91.10823109361397,1,4
2528,196.17641097772545,15.524889048764877,35.34951776919798,0,4
2529,228.20089145026668,26.482235575929487,42.04197422919464,0,4
2530,53.45058480685149,34.22012304706989,28.6918394449808,1,2
2531,176.1310065189112,17.692435130651504,99.10966263837533,0,4
2532,282.343484161164,28.787019266626448,92.5767880424438,0,4
2533,183.2352809413613,44.803078540847885,64.1678389589918,1,4
2534,183.4009040858859,36.496159116272025,75.43144831577006,1,4
2535,220.93189263398068,31.40612662504813,79.83575516725236,0,4
2536,99.96126963775772,30.990986548172295,36.304898196818,1,3
2537,210.14277039646217,16.312952467745834,94.7733069864926,0,4
2538,274.8701499939645,43.71943312223809,62.13941709772933,1,4
2539,3.2686419076028983,42.84532980855129,27.39612300003415,1,0
2540,261.0339123326596,35.4721413202634,51.766608626693525,1,4
2541,65.58549937765773,17.970349490446498,68.13172449412535,0,3
2542,136.77698211011256,21.235016902483142,48.225855317336254,1,4
2543,255.70434028579135,20.51728607626756,75.93635422014648,1,4
2544,247.1736382369887,30.587354553036565,90.56399843263638,0,4
2545,267.57824343781675,21.234116235059567,81.75136995057056,1,4
2546,282.1250377897578,35.874016846325944,71.41264160778431,1,4
2547,134.14708703152758,31.35689657908167,60.97259851293322,0,4
2548,196.9091432403021,15.529745311279664,40.35707886303307,0,4
2549,117.143532157832,37.321717111069546,56.39569319979466,0,3
2550,105.21501524764976,20.664862099618453,43.43623257105417,1,3
2551,129.47862317930085,39.74655359042031,94.72187048717798,1,4
2552,222.9228404348028,25.65136311368937,92.58489255893288,0,4
2553,150.43222414246586,25.158590399449093,32.46611066428636,0,4
2554,244.2179023345026,15.354520073346317,85.80961769553758,1,4
2555,223.5655431588468,44.63186948769052,76.23317574045922,0,4
2556,6.143538337319798,33.36013017515592,98.01693764484835,0,0
2557,189.0714471318485,27.68190498557972,57.06452548801429,0,4
2558,130.9713369925773,17.89864213384017,77.77394971315064,1,4
2559,136.98869674534248,35.97444192453051,61.43071361027011,1,4
2560,245.5119161609684,23.481914099758164,25.55203973538845,0,4
2561,164.28239582540303,44.64842455126587,23.741179978941418,0,4
2562,265.68654703768414,43.51642077447969,29.768915430382865,0,4
2563,213.8416777175071,37.058900364083655,43.69528510819335,1,4
2564,165.85200262921583,44.13215790848907,40.729048464950026,1,4
2565,226.36139284533112,18.169015873612885,78.26613349647201,1,4
2566,11.504715277622193,23.39746081609636,77.27381879376993,0,1
2567,8.12509644846232,22.597298663735373,97.71156638794976,0,1
2568,25.004798076255614,17.160379753779075,44.83126603539169,1,1
2569,131.26959754414278,44.16679793914368,95.07616670244744,0,4
2570,70.63504368808293,16.799222599406814,69.0280482790188,1,3
2571,295.2783883247354,40.70066711982989,59.62469687920964,1,4
2572,162.68704170341007,38.04484273730517,73.42731022505727,1,4
2573,198.72472382434756,26.27601262414378,76.22043612684695,0,4
2574,83.646040874009,15.56422087889397,33.75432230873932,1,3
2575,96.53907257628263,15.182877149456086,80.13724028282058,1,3
2576,100.63857424234676,21.1198152208177,78.01382115735812,1,3
2577,209.6207115450902,29.81629740101379,99.80258271590232,1,4
2578,142.11186230679257,28.73729934555454,92.95582245379804,1,4
2579,155.30509575902232,32.558777296947824,74.77281853474332,1,4
2580,177.6008946478036,38.15877928982286,76.98909704773223,0,4
2581,230.64349687146512,26.32063844580617,95.67885070676682,1,4
2582,27.110924553743445,19.81091086527952,97.374261838734,0,1
2583,233.0621736656465,39.00146750485272,86.1572157772102,1,4
2584,168.97052066255395,24.980720439936327,81.39148364057287,1,4
2585,200.72863345657717,23.606456933800523,28.909265869191287,0,4
2586,98.2655294522286,37.92936115287706,86.42577531845086,0,3
2587,122.81605104493477,43.02418314249434,40.25565427646324,0,3
2588,69.34974589617607,42.44883846032271,65.10274368153702,0,3
2589,293.78999922522155,19.12327277571536,52.42979763502682,1,4
2590,149.100891753095,30.09474460407899,47.64858405097928,1,4
2591,298.82307473897936,17.786108511845203,44.820000117364806,0,4
2592,146.9357934183799,43.829278767192,88.43416645259919,0,4
2593,65.9253793152202,21.456836576305182,81.53088965374754,1,3
2594,152.235719021057,20.922887242973243,61.87590019269612,0,4
2595,11.87867153972334,41.66657019019439,73.15843950915655,0,1
2596,271.4309404265854,44.03551665365895,98.76223602752071,1,4
2597,245.56507535833236,35.9289677788577,51.80281086223545,0,4
2598,217.7461562082854,18.630151010976743,64.08804848076599,0,4
2599,182.948014632738,29.575668316220217,62.68189700595883,1,4
2600,173.95027010110894,39.49815282184811,94.87779001213882,1,4
2601,299.01846422383886,32.17431551124736,48.12499340886873,1,4
2602,83.39923020598138,18.97784564185004,98.90038001741962,1,3
2603,233.9053096096734,20.15663248509684,44.3758090858548,0,4
2604,174.42143106409722,40.92425027504415,28.712562825922568,0,4
2605,292.76416312766554,30.810874910624506,35.309883619364484,1,4
2606,248.34095498947573,36.17510321300137,54.09770734913745,0,4
2607,299.5575338968778,26.191875786991943,71.9804759866598,1,4
2608,176.4974983387339,30.974567487565245,61.34601760192156,1,4
2609,61.36318726348051,44.31309421163076,50.10225412595556,1,2
2610,151.10611070842015,24.89109110904414,64.96266125654205,0,4
2611,213.3333402151724,35.24365582524823,87.10450210517345,1,4
2612,232.30811585447643,20.175166715856893,87.11448221107838,0,4
2613,0.1529967047830704,18.65219655781,78.09823105457846,0,0
2614,151.50812655068822,38.50920333777089,96.1958766594674,0,4
2615,70.57037399119397,40.323246299614965,67.21637339502705,0,3
2616,262.4735499764365,35.04935086048246,20.61261101232712,1,4
2617,45.87163321506856,19.74587512633425,43.27437062497261,0,2
2618,199.93687487245003,22.21763896927616,46.25781635920806,1,4
2619,79.81865709747746,42.33527124285335,63.78608618426942,1,3
2620,106.96264296428168,23.66112146399269,92.39115771099856,1,3
2621,282.1677782270534,39.565815485913525,87.04919708344752,1,4
2622,72.13443762242385,23.578118667312047,38.57383882466464,0,3
2623,28.5008285468792,43.18387707970304,61.551218875525535,0,1
2624,20.78547043326775,42.43358738511009,72.73189083431693,1,1
2625,151.38453302983865,16.29789520886364,99.0009232504918,1,4
2626,192.5134446852864,38.11241960602226,22.50422554882464,0,4
2627,98.18809307126617,20.08385280703221,57.11018534162557,0,3
2628,207.07792253792425,21.458148777191447,99.04869232061762,0,4
2629,18.31011557197134,28.795356369944276,98.1764637622476,1,1
2630,257.20039347686304,32.2895444924835,46.45812140781033,1,4
2631,244.97016292177133,24.77399156911476,20.001338900634774,1,4
2632,295.64888141762566,32.26150096662627,66.93876679618673,0,4
2633,280.9514942705536,20.119751140234097,89.35510806343125,1,4
2634,106.85914917567844,15.670129631431111,45.943777934231136,0,3
2635,119.78261520467316,32.136731650852894,94.7415971867016,1,3
2636,223.78945424347785,30.522457798869567,46.61619496890104,0,4
2637,40.22483158649496,35.689618922277745,68.81610559780553,1,2
2638,94.20441307345044,34.494661859034736,77.7636858545308,1,3
2639,35.562281092694484,41.92459140701867,47.63326115962894,1,2
2640,136.4659347218494,28.784058604846376,48.1765129615424,1,4
2641,165.6012839655953,15.25108424078826,57.59958637470192,1,4
2642,63.34814098882572,33.91958044790562,86.817874248366,0,2
2643,7.9895060742315005,35.253972888096555,28.068061404978277,0,1
2644,215.80674952515693,30.64484968187909,70.51835083190332,0,4
2645,6.001549327850553,35.67914610723647,74.18783434474079,1,0
2646,292.02078267850686,24.70751439708458,64.62982079913093,1,4
2647,66.48217702271863,19.464249095732377,94.8670709900498,0,3
2648,199.17002763488733,34.9366099186922,68.15925735476374,0,4
2649,130.42551787199673,22.35559287646586,70.766140086163,1,4
2650,17.90215810113216,28.689477278526144,67.9808022331872,0,1
2651,141.65508199034025,29.748681918349455,77.76150199425336,1,4
2652,155.02819028903988,29.31598651405165,30.83275325231156,1,4
2653,256.40496242786054,32.95347431039868,91.54210588194456,0,4
2654,219.7047208943694,15.883611267775766,23.39938583352426,1,4
2655,23.79074242601591,44.69047484790264,71.25951680431858,0,1
2656,62.74880502967952,36.48931421815713,69.23847457624863,0,2
2657,93.56630526448431,27.76163345396288,36.64969019413228,0,3
2658,34.92230593944584,20.73990090870733,23.256877894730927,0,1
2659,137.06972127434716,17.40531967330069,31.106831763848728,1,4
2660,295.2927572587607,35.16571261878366,41.733764396097726,1,4
2661,154.38383737132847,24.50866844875675,90.56845524472352,1,4
2662,222.5646504969508,21.88435374749604,88.45875233439922,0,4
2663,204.88133930980385,26.398631613370004,25.10844594128414,1,4
2664,254.9734305276414,32.787692634231306,43.14144064245479,1,4
2665,64.71704713968283,35.15115650052003,91.1452994599243,1,3
2666,226.14787850790847,34.3551020806359,38.93272227556962,1,4
2667,264.40657209172485,40.89796750475921,99.67722430567096,1,4
2668,51.45294689407282,21.56272293210346,40.54721566298453,1,2
2669,104.04066593640113,34.102384895914064,79.12906053367998,1,3
2670,291.03052929946847,18.03343128558282,53.36473388571149,1,4
2671,234.23635379393767,31.43804069697533,30.89956416356197,0,4
2672,84.77724976125971,32.51875207469014,40.41236906630431,0,3
2673,169.1825308933461,21.487118968025207,74.00944604971612,0,4
2674,121.29783685484364,26.750793899737104,46.964512162916,0,3
2675,146.98955289813895,39.81578668751408,68.33025764803827,0,4
2676,106.54985741721256,19.452271612588905,36.44248342151677,1,3
2677,83.79930555910218,28.035185928475208,55.88647777462406,1,3
2678,202.42891241742564,42.98199213634356,60.979662422738045,1,4
2679,233.56254452583525,30.123267830988027,53.02276506514595,0,4
2680,262.18713682420344,36.75401135499861,35.833442508047504,1,4
2681,46.598990195456416,39.80598118666653,56.924281968539006,1,2
2682,246.85665709357215,21.113231245364773,75.43204484312243,1,4
2683,76.44024734311905,21.54651706598797,97.19245302606888,1,3
2684,128.20091697301518,37.75774368295151,83.16172963823595,0,4
2685,270.433105754774,37.599202145292026,32.91763852152371,0,4
2686,136.35108029478062,16.805499619188573,41.816147984283205,1,4
2687,59.11906021329486,24.67494722084893,26.305911636268,1,2
2688,47.96059657113534,26.955974757253134,30.851961940806238,1,2
2689,141.89512999564013,39.87121210413461,40.054637189475805,0,4
2690,228.80172719296624,27.65586766289212,35.9621893038576,1,4
2691,299.1615431922904,42.777866712097314,37.09194006133093,0,4
2692,236.22258852927052,44.8982333142192,38.46161811514304,0,4
2693,263.1035876828561,38.42178497083049,44.05429566268892,0,4
2694,224.3497082804664,34.99160068701772,30.046885490140696,1,4
2695,268.6305302268318,26.756914979613683,42.2267987054636,0,4
2696,22.88806299417397,17.011183381561,75.07294618256452,0,1
2697,278.97947969449365,32.19416269188392,38.91207998603662,0,4
2698,118.92184611769684,25.851147166319727,33.747074212215,1,3
2699,276.4842669841334,25.526942274970303,25.41565297475686,0,4
2700,22.71985123784267,35.63127758128307,59.99771889576307,0,1
2701,214.57288713634077,28.909180757899072,87.35861822978211,0,4
2702,220.70662460106132,37.5628153431435,24.72133154109934,0,4
2703,299.0732667893318,26.945196680561374,63.38608217905193,0,4
2704,230.6565812069441,19.52590156459688,72.04951323379986,0,4
2705,114.772111744682,28.8404257857074,67.39693254230751,1,3
2706,167.17456548556362,43.530375429760895,90.20985628526807,1,4
2707,109.96528144997708,39.045738873496745,89.31164641668506,1,3
2708,58.80559359145744,21.172477652201003,24.584607402276745,1,2
2709,74.55069825068206,26.73901504934828,48.87551753789495,0,3
2710,66.60316028229629,42.83376285661613,73.66638643982022,1,3
2711,164.64459904896387,18.710971761796998,96.19557243940248,0,4
2712,271.848190359568,22.61850725594808,84.37478371624417,1,4
2713,273.8179878265193,22.86667937615689,34.12714484270555,0,4
2714,16.42913325774765,32.127986269859505,42.33670701978396,0,1
2715,23.96982028556805,27.321999591339683,81.08750908989907,0,1
2716,73.53571715170305,17.396120219888996,57.71798778181405,0,3
2717,76.51783574084247,33.87544363731257,63.784195361772326,1,3
2718,28.46675257177533,17.972335935604505,68.71838561405656,0,1
2719,116.53900235203216,33.192447959372345,28.263321418059157,1,3
2720,176.31761780738617,30.21025140678077,88.47696267466033,1,4
2721,173.4486601798391,29.810059821759378,89.05075515013817,1,4
2722,163.02890437757782,17.024887358976894,57.459155530269385,0,4
2723,101.60157746624915,34.17661340650608,70.14761748005304,0,3
2724,211.9367055949742,27.939607757679923,72.79232960203922,1,4
2725,247.9451822943214,27.3331836685706,35.17780677839073,1,4
2726,103.88227994322251,32.8935418925561,29.00678627730235,0,3
2727,25.6606077898386,33.18744179839642,21.653835712300022,1,1
2728,88.89907532755696,15.450998872859657,93.0305461422081,0,3
2729,41.21059637247083,18.7567770360962,47.657063115575305,0,2
2730,140.20761816815426,22.09554662534162,26.86647480088024,0,4
2731,46.78054539482348,35.339320000379374,57.26399827983772,0,2
2732,138.85342729739318,32.302233810888225,26.050009067694013,1,4
2733,66.30086769739432,37.72887397154261,26.820060224556396,1,3
2734,221.6193316387209,37.21823416631571,59.11082765636201,0,4
2735,8.270472250753691,40.59548607618452,60.70693277733081,0,1
2736,166.42389114957768,26.30444583817242,66.41144682623285,0,4
2737,50.84648247601701,25.351915985499083,72.50491840068814,1,2
2738,0.2975593408881205,39.9304620916039,73.46138961432953,0,0
2739,260.7600264194421,22.12804601601553,54.639735004121405,1,4
2740,201.4583363442203,28.83517121020821,71.4826446829901,1,4
2741,29.682846615157025,20.829769560667494,44.37918049716127,1,1
2742,199.22171030515668,42.41522226417641,55.30465529241104,0,4
2743,183.49419982127955,27.23409039289876,51.46616388258244,1,4
2744,142.007006112961,21.37460694692485,46.32880009749091,1,4
2745,125.7774295276842,35.76040171706736,39.0856660488773,1,4
2746,266.12092887472045,22.33934034631436,26.27672004326985,0,4
2747,73.54440596923538,43.305108095106704,60.47283822285566,0,3
2748,119.49301710401498,26.028510444282343,62.98305489647159,0,3
2749,98.73462386844818,34.93922136305511,46.89240352816454,0,3
2750,231.36030871099007,25.3573479347224,98.06750904283568,1,4
2751,274.93959186976184,39.21736748980421,64.55689682451666,1,4
2752,254.93450962206916,41.90768223068328,91.12084151321903,0,4
2753,239.31117908993056,38.63755078244358,65.60682476172958,0,4
2754,296.03698367102487,40.4549705618256,35.193268237732894,0,4
2755,209.14336512311556,18.05642483812908,97.9698031681536,1,4
2756,225.31613736406013,42.721940310992,90.82680083592382,0,4
2757,294.8407619115057,33.72902186625841,57.70189427501384,1,4
2758,2.0972356197522246,41.07652596498599,39.444631344585154,1,0
2759,190.2145129309095,35.53310292556246,37.81356930118808,0,4
2760,221.69145958598688,21.055430056311312,84.48163417330049,1,4
2761,275.3481161271585,33.286653049370294,25.529488916100757,0,4
2762,265.15329125530286,17.728387191694228,71.04483051308391,1,4
2763,252.5882043701383,35.87169090654476,71.21079388334682,0,4
2764,283.73738158251115,27.27003423241718,34.5963638180647,1,4
2765,161.21375637411225,19.55199519300627,76.39298947477303,0,4
2766,2.0760286754480277,44.37689447605242,76.43250313563848,0,0
2767,3.316319609102858,42.03253272632043,48.0024693953107,1,0
2768,163.39171668535744,41.80631140209761,58.67007301735933,1,4
2769,130.58167165918238,38.66460919056759,86.6210840919195,1,4
2770,135.37351600963456,35.75943375430553,61.85226187737962,0,4
2771,120.12142116301108,34.652384408767354,69.45256807879808,1,3
2772,275.3177427273707,18.18281513111566,53.02157203890224,0,4
2773,107.75110535093695,42.01698705955363,31.967927133192163,0,3
2774,256.86808252892496,41.43385188913831,99.84533053072728,1,4
2775,270.85943813749225,37.4355787957456,62.52292162260859,1,4
2776,149.85053099968644,42.81944877225368,46.915716913640864,1,4
2777,134.0814112095265,31.59250354193976,77.10298607945072,0,4
2778,228.30618126463403,28.42927004152666,69.66574133292016,0,4
2779,212.3914522919647,44.03842206498836,38.63266242394848,0,4
2780,98.56053497886178,28.92393563392968,90.15403995180426,1,3
2781,30.76443777739397,34.23973323201473,25.672234953698947,0,1
2782,79.4557200547441,26.19186440575317,68.45586014687227,1,3
2783,39.30855174368969,34.08978678059184,58.23107931826671,1,2
2784,88.4196827330074,36.60296986877063,45.45587310282576,1,3
2785,78.54646967423972,33.739665758656514,86.11041026081936,1,3
2786,191.3134271660141,30.43688823648593,72.50216594314105,1,4
2787,286.3488085364339,24.003323928756984,80.75995975020604,0,4
2788,205.7231196991451,34.3153702840867,53.1726994115617,1,4
2789,277.9948224193709,42.252866857840885,95.39186650452083,1,4
2790,235.239677582533,15.20737773509002,47.57787381752,0,4
2791,218.363286621352,19.01787082289071,62.48359395645166,0,4
2792,124.21858206400242,18.59319475499567,94.69200894492472,0,3
2793,97.4383508590106,42.69615908678563,26.655116630848728,0,3
2794,253.88321174187575,34.88243066887844,28.70483497335662,1,4
2795,271.6179698787016,43.55364319410452,99.5350213058774,0,4
2796,135.5647480952796,32.48439819637285,97.7112925564528,0,4
2797,2.718929455993324,28.85198691477761,81.7361284669709,0,0
2798,237.75931767194115,38.77028735443088,58.73506208569318,0,4
2799,85.52065214168749,19.828268024256737,60.48486789091545,1,3
2800,2.966359505076221,26.44014348951964,40.57702988299485,0,0
2801,241.49656769283663,28.98822721602671,54.618482890826,1,4
2802,155.22425664506946,23.953751835363548,54.50795022930659,1,4
2803,205.56322390154077,26.138568372254355,22.887201514139093,1,4
2804,274.40694634334324,17.343155607732548,56.25265664269356,1,4
2805,162.3521490414316,20.939507683486735,58.38355268139737,0,4
2806,150.95822177368973,25.06490160992785,73.26265393838902,0,4
2807,87.19863640447906,38.87671299699403,61.3162330710142,0,3
2808,91.5581503319858,20.47492064528592,88.93463459001622,0,3
2809,238.96261980889372,25.39921121952674,49.40494601934589,1,4
2810,134.70877367578112,16.947608645908055,52.77740729644818,0,4
2811,49.05786258243612,31.71313034479818,65.71860109248595,0,2
2812,28.35862920014868,33.33752664422784,36.21781796090236,1,1
2813,141.8760350585338,40.96549390386501,51.47984684657756,0,4
2814,139.48650708531915,39.57347995505892,74.89339774026621,1,4
2815,196.0374834616188,23.56133864051641,52.94469914198433,0,4
2816,141.3202433235422,19.108610675695797,92.5293208007966,1,4
2817,43.04271124026442,19.682495466312112,69.22404167523544,1,2
2818,152.34086543955405,44.068918291213336,32.30141999370914,0,4
2819,272.0368211658076,35.19677442022072,58.99554727914891,0,4
2820,47.832423486063725,16.27712363409718,81.18229964766128,1,2
2821,206.92639229332468,19.10337765135284,71.46761322452289,1,4
2822,178.15777948965797,29.57400195302867,90.8210858937696,1,4
2823,224.5757180135408,21.234864128793596,79.99863172180933,0,4
2824,45.18008202827782,39.10976955000056,24.92910180879093,0,2
2825,282.4816010717984,32.196513527080945,29.001011939052432,0,4
2826,186.2899283301476,33.37896623367895,71.97989590168787,1,4
2827,254.12134130734103,28.884766441476355,39.07263668095509,0,4
2828,73.98202910407068,22.681883262789466,67.026792211139,1,3
2829,221.82386681938848,32.682108396076394,83.37740736751812,0,4
2830,234.3092113001757,36.50910138482195,66.15452702456416,0,4
2831,119.2305817161227,26.12844232890501,53.239085600503145,1,3
2832,115.18603586502662,30.148308918535054,71.70162488901752,0,3
2833,197.3388795077248,40.190519114161,31.48955554197053,1,4
2834,28.02230452806479,19.46045285467381,77.85663964026254,1,1
2835,220.68724506525268,31.35673257822301,75.76200909696178,0,4
2836,12.866027951823275,25.452379854876845,61.15226919618313,1,1
2837,57.177090336247794,36.08384274651692,42.30507960105378,0,2
2838,199.24312717241017,15.56430729487184,83.80510293038,1,4
2839,29.49710012758915,35.11419899409566,60.844024258241376,1,1
2840,291.552627443037,18.086932020485623,24.7341524687575,1,4
2841,260.5188628385702,16.94303258980974,93.4890041472528,1,4
2842,187.8906997220209,36.73869902875839,81.41731491895135,1,4
2843,245.71723670080496,34.210264587122204,66.78441181461453,0,4
2844,266.27401457687034,41.848077926779766,54.946041382632096,0,4
2845,77.84269487154553,30.589648674019355,96.79197584333524,1,3
2846,254.82347638479584,30.90073276581501,82.00164594123211,0,4
2847,58.43813509128054,36.21053506729652,62.79944538294692,1,2
2848,124.0026792446446,24.70192729059753,72.25231161471089,1,3
2849,167.4778893745798,16.107373662657977,42.46003213838393,0,4
2850,214.1672889222097,21.90137477157173,35.65727541991079,0,4
2851,9.042395316758412,22.140402356891,41.86556378432629,1,1
2852,87.1528238334567,25.069765508345817,43.45088794261814,0,3
2853,182.55572946311707,43.303881991213885,79.17907605109687,1,4
2854,107.21060374473562,39.14528395989444,31.204883257538604,1,3
2855,232.50751668884803,43.07868735615576,82.2069761374143,1,4
2856,195.49564834521487,44.95828770339001,61.87162506889699,1,4
2857,70.32043611712074,28.01337012261133,50.76584835014415,1,3
2858,43.77869387769992,21.81219950040914,44.0316887674951,1,2
2859,188.71409807611516,31.800124837657474,61.056048363740416,1,4
2860,135.14019831142733,41.43403241844357,45.40147701040396,0,4
2861,50.68711233039558,28.971955830437345,54.356159394318965,0,2
2862,97.9122615955132,30.161979077167608,79.12122317458797,0,3
2863,90.91402449557596,19.0331731778348,70.07988050825205,1,3
2864,32.43959170181253,27.61366477703283,79.83859011785466,0,1
2865,164.07270577956842,26.609844294257343,77.03789517144978,1,4
2866,229.09459017376625,25.550655085963488,85.20579946583373,1,4
2867,172.6400666558961,41.618960097726,36.13519677653703,1,4
2868,247.8874094812057,16.779042996369988,99.6098399578641,1,4
2869,38.27056416462939,44.1644154869204,58.06163598972528,0,2
2870,130.68355734666716,15.24740475819408,77.45863504646965,0,4
2871,182.8245310974297,43.36782041849428,74.22001304010573,1,4
2872,202.8004682825722,31.441425085156308,65.29200676936227,1,4
2873,208.7358919270281,36.07335733200348,99.6652974884694,1,4
2874,218.6896281293643,20.613985490853697,37.38526797095092,1,4
2875,195.428943658805,34.62634617049821,53.73830938232225,1,4
2876,28.26842668226029,41.45873005583198,30.21844473803456,0,1
2877,208.59170328068893,19.18440419500955,34.54683775860396,0,4
2878,217.43479703231628,18.812448368198694,77.03712508614132,1,4
2879,298.0439803000881,24.11933727448418,20.387414301062403,1,4
2880,208.00873101033775,19.851776774261943,91.18565210957205,0,4
2881,206.04911872546467,18.31937544280041,70.65475866149214,0,4
2882,154.4439870545916,35.34957107955876,55.2724042973064,0,4
2883,260.3768725755341,21.41479841737473,46.50888857975404,1,4
2884,299.0504285883475,35.01044698205959,30.10192388799329,0,4
2885,233.7134610592296,40.85787681347449,93.72500691631002,0,4
2886,183.7501133573425,34.56074374239002,76.98578600282084,0,4
2887,23.686448079470452,18.58101209746203,46.91143991408329,0,1
2888,218.02173951888827,32.207327221423355,25.67489435524964,1,4
2889,212.56847057458512,26.808860526346525,46.05462652328141,0,4
2890,232.6704443428295,25.30112810167484,34.770743584726674,1,4
2891,37.3666165198468,24.55594405889497,82.90186505849672,1,2
2892,196.11975003784303,42.882966714589365,77.56789478050877,1,4
2893,88.7171714855024,37.27522370033184,59.85285018583401,0,3
2894,228.08137302085007,19.01546368740885,90.86728824728068,1,4
2895,72.11218620943987,29.280164391973912,34.45445505112672,0,3
2896,205.1936030461232,24.546692257617583,56.15724683467956,1,4
2897,88.49788409519391,44.338149376378745,76.84962431712964,1,3
2898,2.6982878452293413,44.340869188595086,25.42418797749433,1,0
2899,190.00737359192863,24.58603422999105,49.81418887157688,0,4
2900,33.98072494767671,25.56339348436364,65.73318417457442,1,1
2901,197.78744183646424,32.982426214096364,49.344283098961895,0,4
2902,277.6828345070812,29.379210429825,58.41591914182007,0,4
2903,290.77378026332707,21.393026164753245,68.64946794936574,1,4
2904,70.77692619828377,34.81236500965834,49.4712491343668,1,3
2905,242.7759682951965,25.023859316257152,28.481148473797457,1,4
2906,106.0659830617321,34.61149494996503,31.155559787370592,0,3
2907,270.1371218243947,26.51044566983399,62.16031756433576,1,4
2908,236.24687058881213,36.006296815688145,33.979202050551784,0,4
2909,22.17651499372909,35.03398412668952,91.18669377151174,1,1
2910,122.1410981631832,30.26438267763002,86.73485480990608,1,3
2911,101.19534780290222,36.14219972132493,47.92256552048123,1,3
2912,235.5543062169831,28.828970286960452,86.4789737595944,0,4
2913,123.08571319594772,18.484148989503687,62.6550264272876,0,3
2914,205.37651929592516,20.46318760012064,32.724074288235286,1,4
2915,180.7305766771321,22.379794024968387,69.13694836330589,1,4
2916,292.6916157292901,16.8968678467709,74.35608937731251,0,4
2917,281.33548704048445,36.3414366189201,26.711326277612688,1,4
2918,128.3098544216156,26.02170680494855,45.156247233763054,0,4
2919,217.0734634923448,17.805698889809918,20.43071900895352,0,4
2920,248.83802819436653,39.59874362176741,45.314304268490105,1,4
2921,269.6657261586436,35.50962853390725,46.835626633539896,0,4
2922,20.440279132945104,28.56672711383103,70.41669014232679,1,1
2923,90.62363978204904,22.422760052782028,35.9234623719332,1,3
2924,96.06901229055654,19.5523768137854,22.407278938223413,0,3
2925,130.3337853659636,28.751225752651862,45.25076267946251,1,4
2926,50.7794252146257,41.55737229031687,86.0495637007139,0,2
2927,148.86176398500243,20.6518596981591,51.93161644462609,1,4
2928,198.96429818953683,32.05977686974464,53.207501586721584,1,4
2929,149.20917606501533,43.85057985666768,57.52220502772818,1,4
2930,199.73792855928477,34.11349724293839,80.14310646479892,1,4
2931,19.932489545370093,28.19894190467605,58.401991390285744,0,1
2932,262.7961995122231,36.491189188167255,27.30262020294259,1,4
2933,281.7207576303205,39.7373375705612,36.51198396797197,0,4
2934,185.37222723559455,32.71548893660527,35.031789359406005,0,4
2935,264.4172995910691,41.15497076978978,60.62906547234686,0,4
2936,39.43380499446373,30.43775278127213,22.39435720521801,0,2
2937,239.23467602289307,39.9008700661877,42.68932868102109,1,4
2938,35.744458041778195,43.560577212170855,68.57559528345348,0,2
2939,122.403069449261,30.037304010705512,48.37205404252813,0,3
2940,97.1455603674825,33.15005146755976,76.61697267350573,1,3
2941,175.67754756613627,33.28402628849505,51.29770694854323,1,4
2942,90.45436057186006,38.44304590794872,98.34060227022228,0,3
2943,191.1940889001398,39.68897520532269,97.22850296466515,1,4
2944,110.21618674558736,15.816879486181822,83.9872571571673,0,3
2945,258.2371143091393,37.00078692271163,96.3512422441209,0,4
2946,190.16515206588343,38.51445733890713,36.38225932941304,0,4
2947,64.58948919643383,36.01288318374711,80.07385326370722,1,3
2948,100.83882660842612,36.41086977969288,45.73269066555656,1,3
2949,254.22626628799676,16.242085775528082,78.0235455154339,0,4
2950,115.94392499623754,28.26115985846718,49.91147693065594,0,3
2951,160.73971966969356,39.545389491652216,43.15365277953484,1,4
2952,194.68258078569983,43.02021423885312,96.7036076177328,1,4
2953,104.34289487577504,21.884037617158043,36.79083534046705,1,3
2954,88.19358922742049,32.375848210583854,80.68548756852502,1,3
2955,142.5764707824086,39.12990718651752,73.97377305636442,1,4
2956,64.46429162783673,37.57222928577557,44.27821134464514,0,2
2957,85.26317607571903,33.56670350940237,56.66744139938237,1,3
2958,18.623545209610825,15.560735647860009,31.43544767394633,1,1
2959,91.19108279130164,36.71657520334698,93.6966883496578,1,3
2960,96.2112280090708,38.19727509836444,97.44958412219444,1,3
2961,288.5499498873959,36.68548519876904,78.59704254010877,1,4
2962,176.91864763976403,37.9742748446987,87.95362750661039,0,4
2963,236.21472762474167,27.92744678036581,26.60939446410549,0,4
2964,13.613175834096737,44.81256437776173,50.71748943651132,0,1
2965,31.961008082511576,38.12360747617977,46.46488919057718,0,1
2966,244.3610882587777,32.36040015839957,65.19612524952552,0,4
2967,187.06486482529075,43.02573809239872,34.66842357393476,0,4
2968,57.29460916206087,42.24595018374055,65.07050565015982,0,2
2969,121.43862175852146,39.437011960027945,72.34922924612707,1,3
2970,161.60174999448685,31.91084756951299,30.58824734858102,1,4
2971,253.0829487412325,30.8130305744014,30.53765670923552,0,4
2972,18.12359750834825,24.861237959235623,22.83387118745209,0,1
2973,179.0166868102087,22.526339373118454,80.87139596993154,0,4
2974,215.1107764760052,30.370785509252595,46.48068294710438,0,4
2975,293.3675573731378,32.33345285135921,38.03363645958417,0,4
2976,242.1480234876553,22.33579294376537,82.24755160361832,1,4
2977,82.86819406958202,42.67803730960436,31.460455207163164,0,3
2978,212.87375816347952,31.71821990202956,54.1746741677844,0,4
2979,228.98336547809316,30.7951597614644,79.58293404148219,1,4
2980,218.92064997551856,28.069151650984207,65.90658540697413,0,4
2981,246.043220385561,16.742138871505816,64.32001147939386,1,4
2982,271.1189928640913,41.47204003379548,32.59707285728201,1,4
2983,29.52896069680208,24.50982679329089,34.474618226779285,1,1
2984,31.429157304335654,34.27381003404884,66.60470351277928,1,1
2985,238.9199966311938,33.22300676910106,21.885348886452807,1,4
2986,75.71174295644127,32.5346047615358,89.52943911707283,1,3
2987,17.56242658502338,30.771366060347525,48.03766405127799,0,1
2988,120.36875429418174,20.44319500293984,53.32929736138617,1,3
2989,245.96307354782343,23.41817223143897,40.674586778608,0,4
2990,37.96950714419411,30.725642138109,90.13368794104828,1,2
2991,201.55259154134023,38.680273547907774,71.4003258244724,0,4
2992,1.084758531470309,27.95966911951256,55.99267752280534,0,0
2993,32.92123416373498,21.11767659138393,66.82470365277929,0,1
2994,105.25510373054604,17.638332744162778,50.42956767803127,0,3
2995,25.08068430732421,34.89033010482073,57.24659826275297,1,1
2996,253.77050023113387,27.700199118634934,48.61057547314276,0,4
2997,259.2211509436407,18.76112677867925,52.85398353686682,1,4
2998,226.67121092985727,35.23400639960951,45.19812352075442,1,4
2999,72.74388941868524,21.227361925631197,26.21128620368176,0,3
3000,156.97412257199397,30.270481449110317,22.987702253053502,1,4
3001,55.25655765701142,24.18563925230581,33.92849634141909,1,2
3002,84.38353502193324,42.950701933020014,40.13101950629843,0,3
3003,154.80158765213733,21.84864198813497,91.2377488471746,0,4
3004,220.5041425382393,27.59755564626085,68.89989236184837,0,4
3005,28.396314118091748,43.78480790484018,96.66377356991929,0,1
3006,89.00900928842584,24.56175539814946,47.17174881565037,1,3
3007,277.98640457157666,34.33779489033,52.13904030403496,0,4
3008,128.73699533456644,24.501811311189755,77.58025820718856,0,4
3009,281.66090217279435,18.32024937351747,66.23216621072244,0,4
3010,297.4201624656407,33.82641698052878,62.23040643056788,1,4
3011,157.99794783342475,42.48094605856021,66.04512332511402,0,4
3012,86.41320293545517,28.57694001702276,66.73082498211679,0,3
3013,237.23304257177367,33.78529628077401,81.2592339363625,1,4
3014,47.79322065750448,33.26695239769869,73.44656218520072,1,2
3015,75.61405790162115,27.45269107883628,96.58513989456546,0,3
3016,235.46397284978465,33.44689916294192,95.83704144451464,1,4
3017,130.09377741960895,22.779542532569167,53.75382797425837,0,4
3018,60.46138109630002,26.34113713809156,22.857808760952835,0,2
3019,195.33772348569727,28.269565690871254,20.885982577498183,1,4
3020,219.82855841450487,40.92026050687441,29.855472391030226,0,4
3021,37.521371835170726,25.44998684499765,25.99179191184764,1,2
3022,83.09407799248024,34.054111443474795,49.869283917669485,0,3
3023,66.38302661166998,21.40211512256696,24.229967910720237,0,3
3024,113.95638862873564,22.577091871617803,69.99312289096945,1,3
3025,229.0334686728193,34.45286626379933,35.21393807962218,1,4
3026,214.1124306822973,37.86929782099811,61.117225485567005,0,4
3027,198.7571731151112,28.86351529578845,28.24630261069881,1,4
3028,1.8856637605773607,25.052990903333,86.21832526626336,0,0
3029,42.64299401411683,42.308146677968175,82.39670625546528,1,2
3030,66.98926473062004,19.07423445147128,50.91897768411162,0,3
3031,81.58675381165487,36.62142712948041,92.84746660204672,0,3
3032,43.927962494670005,35.70512249241308,34.85605169483017,0,2
3033,123.0946654421669,35.70735488183382,85.1149364170429,1,3
3034,22.554175504207773,43.06261333270573,63.66843475013104,1,1
3035,225.00665711633425,36.845709029423766,46.36640546389924,0,4
3036,236.31623618883148,24.046955682287525,26.74887479340862,0,4
3037,172.28000688026944,25.60227672696928,33.70489011262008,0,4
3038,26.91146311259035,26.73332919599683,89.029008428455,0,1
3039,267.0249508640274,15.924260222943182,68.55088601533723,0,4
3040,289.69074861243433,42.40530946224772,38.96764467171997,1,4
3041,60.70906809653681,17.20657811594412,59.668230196445165,1,2
3042,211.39194583221592,35.99382846292415,28.626933586019348,0,4
3043,252.58158919274567,36.90483014529935,27.90739933348742,0,4
3044,161.9530567628107,40.311451518916186,92.62117213097346,1,4
3045,96.99692985802466,31.600867667865675,56.62850314103274,1,3
3046,143.56761452410578,36.75793271569611,48.92537231609096,1,4
3047,153.6806252353356,24.081687733978534,95.92574613154086,0,4
3048,120.19111325640836,37.3675203273837,51.92005428857358,1,3
3049,278.95274809011187,25.302472117856578,46.89937024428643,1,4
3050,223.1649332827506,42.085154352800885,41.83889369262738,1,4
3051,72.39049267648919,19.901454232991483,65.20502565976763,0,3
3052,175.66715619596056,24.472719320218605,64.67284738205691,0,4
3053,206.60674527935024,29.96308354665392,21.295534079756926,1,4
3054,42.04692651063908,38.27551671444293,72.32498591658452,0,2
3055,107.52772271404464,37.46397315309096,83.06456824211628,1,3
3056,271.6644844811748,21.321506229735103,69.27716339443117,1,4
3057,170.15193005556046,19.32707089835389,89.59105106272301,1,4
3058,65.09932381809506,24.11908812882295,42.11330888293407,1,3
3059,36.83543943574523,29.512624550277074,35.3583522214994,1,2
3060,155.4680680424633,31.17015134477252,75.7822475055979,0,4
3061,164.30571690874322,27.87412772865837,35.08472817602619,0,4
3062,100.3243354063837,34.89270349944021,27.28839035002104,1,3
3063,189.12480852573557,27.826768307917128,27.729205483172947,1,4
3064,20.605405865816618,43.38987029816384,81.47147945805744,0,1
3065,43.541907979842186,22.82906543944608,22.29898413344835,0,2
3066,163.88214630337777,33.82116362010284,43.15653638713599,0,4
3067,18.544708153336188,33.34133815980395,30.334912795526144,0,1
3068,264.2726294973302,23.44724165646852,80.39281174396041,0,4
3069,42.64391113695504,27.35062873542082,60.27944684583872,0,2
3070,202.17596222536093,25.964208583199124,36.43939315981338,1,4
3071,117.36103251432756,20.17497180061468,80.03287189210138,1,3
3072,119.93632426267452,29.31885637894632,80.02932073105308,0,3
3073,229.46685858334317,26.599867590655244,61.84181176549205,1,4
3074,149.83864025187418,20.34952080201478,42.06798296441677,1,4
3075,217.69663909315992,28.496401362532843,66.90216794097773,1,4
3076,151.55736862583078,27.655319047762177,94.68240806033536,1,4
3077,177.871602421579,18.94097032978379,24.130911010097503,1,4
3078,228.21438836089925,18.935626257540324,41.35598772974339,0,4
3079,182.1926228763826,34.425221395370926,42.79753563141425,0,4
3080,184.6845328166366,36.19742414151312,70.54493308679062,1,4
3081,236.76587742827837,43.23541259726714,72.09315173295579,0,4
3082,284.726044745812,17.610140713832994,36.50523159549707,1,4
3083,113.01484618060104,18.535844771347605,37.28804781300085,1,3
3084,173.13514716778536,16.55454385403733,94.25701476153355,0,4
3085,25.88194732006368,30.9668529227079,80.50390541302488,1,1
3086,107.64116417066008,33.68239842885679,94.74157588253756,1,3
3087,123.6147677668158,27.10570355796473,86.37303905301587,1,3
3088,250.5711950472153,38.93706662883398,52.16943842109588,0,4
3089,154.01772063770304,35.600983080114005,29.75261094761345,1,4
3090,219.31991198953733,44.5752126284058,70.36402930053902,0,4
3091,5.702220007701408,19.13684949899036,48.15928498061234,1,0
3092,139.34780088849467,16.74946993027504,54.03295924734549,0,4
3093,270.3952995490753,23.244111167081638,54.07037927552466,0,4
3094,67.29417279173553,15.571505859505322,94.92156973313702,0,3
3095,9.456655592133878,42.97834283599538,25.50899353540749,0,1
3096,130.02262011404292,24.118549760645266,35.44830091757908,0,4
3097,211.3295461942786,31.572905009143767,68.63542968119538,0,4
3098,136.33905205244085,24.54208898636226,90.70064527095148,0,4
3099,137.99349405337975,22.374258659664704,93.43541214959929,0,4
3100,200.94151237149583,19.5709417192464,64.69543412119441,1,4
3101,76.3166424849147,24.61097760987407,22.764897506751733,0,3
3102,225.56693749259324,33.46256791223924,49.03048274715792,1,4
3103,45.93405927172003,44.14863599062584,93.50666337381432,0,2
3104,118.7251815857963,31.74276121101448,59.99552687784739,1,3
3105,196.80243254127535,30.98127198297016,78.12906233467874,1,4
3106,248.5107021690593,16.057890543154407,41.535473635959576,1,4
3107,237.45932134951656,40.20297047003078,22.00055762687245,1,4
3108,216.5056797923093,16.3452412499272,66.26881489825793,0,4
3109,107.72891506091732,42.18696822310437,86.79848035491364,1,3
3110,36.69129488811716,31.160151760701535,99.22149575120476,0,2
3111,65.05026530789718,20.053998157021063,87.7301686271098,1,3
3112,259.4501443729455,28.55122176019376,64.31954898569003,1,4
3113,257.19941103979784,44.84953442049595,68.69820710404304,0,4
3114,285.4682557617047,24.15248556132279,85.93312318969326,1,4
3115,22.79659556866248,23.08379305645736,21.584855746209293,1,1
3116,161.04272558323683,18.540176851275177,96.13154785555716,1,4
3117,194.60491347127007,32.91427046372516,62.49769966785852,0,4
3118,213.19721312005697,17.676809970418887,96.16417955919368,1,4
3119,193.15897050312907,37.98024191412232,81.1614533264665,1,4
3120,231.0034169706846,42.57670542991674,32.18541428917611,1,4
3121,107.84147288680246,42.95613333646498,33.22078517117019,0,3
3122,53.82983164064464,18.23748758632313,48.29167808101707,1,2
3123,61.37501164513156,31.747877920589065,41.11904175486379,1,2
3124,3.5936068410493016,17.913295647065,55.1439007438021,0,0
3125,105.0965616318667,32.16048424452892,68.3123096700312,0,3
3126,27.523215263993183,39.44941755628743,54.92635995893934,1,1
3127,96.44660783705726,31.13370486909854,24.513646776577502,1,3
3128,188.46302314987437,41.161614783200434,98.05052921207218,0,4
3129,268.343416676046,39.05023064548133,54.00977073610797,1,4
3130,251.88163529715493,23.29645049819785,88.08600034573763,1,4
3131,75.80226358727306,33.903068486473245,25.91634338089217,0,3
3132,40.22494265941409,15.222363794283943,84.80519037733455,0,2
3133,57.9216821390194,26.881257477745933,33.872371016904395,0,2
3134,291.2959955710821,22.13880503352885,74.35239543975698,1,4
3135,164.84234390564723,43.11349037830458,72.94453570040722,0,4
3136,54.75066690017245,27.1616703516948,92.78453746134876,0,2
3137,252.22384640604452,34.62193285267442,45.65413442805909,1,4
3138,118.55737329376647,36.95944827820821,28.7167807932514,0,3
3139,269.7666455924182,38.196376160445226,89.16526530079003,0,4
3140,78.20313805034596,37.07325576052587,46.526202371229374,0,3
3141,117.96652764127084,23.674951829632043,38.60270312483755,1,3
3142,151.48432883702537,35.582030901876664,58.896688959069,0,4
3143,267.7846002267095,31.4702844678685,31.690855200943187,0,4
3144,260.62722948151674,32.921179943925566,43.75706824575752,1,4
3145,172.30652109116338,15.024438519262644,50.822450725172246,0,4
3146,66.5326529342672,22.747728028585698,42.18042347928555,0,3
3147,121.00709152136253,42.92051090146967,56.020760059446566,1,3
3148,292.6899196096516,23.702282499171773,50.772053782729984,1,4
3149,182.3319671632206,28.14046566748928,81.96728248884796,0,4
3150,234.329326537259,20.600219465872232,93.4726941539768,0,4
3151,134.95940860842592,19.158076557110693,28.0738573398282,0,4
3152,159.60218264004192,21.260069059161157,85.86420347553529,1,4
3153,128.68623366976323,31.60941986600919,94.54169661615484,0,4
3154,210.8762994185904,42.57085954170324,74.92905167749407,1,4
3155,255.4413041660632,24.78597539688571,99.71357409365508,1,4
3156,152.20906296736908,24.70223856623913,46.80343997319136,1,4
3157,144.26023759086772,31.92421760660605,86.42479532679724,0,4
3158,102.08594012951907,25.702281530794057,73.89620037415112,1,3
3159,53.12900828822514,42.31248143951965,45.87430297579661,0,2
3160,281.77431686253266,26.335441279267854,76.37411868082762,0,4
3161,94.8239156038515,29.713267575584013,60.76974712460463,0,3
3162,240.20743907228564,31.001678519112325,35.117911263769805,1,4
3163,214.60410638624225,38.462033853914136,33.910374592757016,1,4
3164,237.27528008343876,31.91717818244651,77.07190774126785,0,4
3165,281.0304400116308,22.174653004419724,76.95443698533867,0,4
3166,187.01122806626915,18.71961619879102,62.46190087691468,1,4
3167,269.3851030146134,43.13323640066892,60.11325338221977,1,4
3168,50.3091968736881,39.04688983917322,34.40307565510895,1,2
3169,188.0137727870363,15.688956308667471,54.34288984034439,1,4
3170,231.6826838743838,39.64586952970643,89.71180168248809,1,4
3171,81.49233922325222,32.71793381714306,88.37818448761207,0,3
3172,222.2261403875895,30.5668270510483,72.8735121446479,0,4
3173,233.54304873487104,15.366875370706769,99.78853423757866,1,4
3174,249.35638680493344,38.42592169153245,91.45426773516964,0,4
3175,93.86487377877984,20.941950427237504,31.61843388544816,1,3
3176,204.4819770504928,36.839436395822375,51.93091224749623,1,4
3177,91.27598502292862,15.47604742097452,30.554998780741947,1,3
3178,221.7121162495366,38.89060948998559,57.287169314336246,1,4
3179,138.89209954371367,15.691184050651216,82.11062597958656,1,4
3180,179.263312358166,22.07678712217557,32.46309679430076,1,4
3181,124.75199442917068,23.048346375381403,90.43376259359226,1,4
3182,48.59487807894729,19.725259143207797,65.52460412324051,0,2
3183,53.4088588816091,29.43174588586107,79.9155563837796,0,2
3184,23.27067217864035,23.510638788501268,23.612464968608027,1,1
3185,185.42180391649853,44.798639271817706,27.507052268069742,0,4
3186,254.5915193859178,32.39906380096317,69.66889491181283,1,4
3187,6.2510478786242825,31.99433475162721,87.05535303430301,1,0
3188,19.87185062650605,21.62608890319365,89.90920676201739,1,1
3189,137.24009769087309,27.26068316144734,75.06954602136653,0,4
3190,221.3162208504568,18.7193398308,36.07509761178748,0,4
3191,47.312293413585394,37.87587756751159,35.601737172855735,1,2
3192,81.49539586475815,24.93477738460431,90.5090197885723,0,3
3193,69.60186038454215,37.55897500179631,29.058830841382036,0,3
3194,119.71536560134624,26.150879997884264,74.8856691286781,0,3
3195,67.49960310527135,44.66271720344537,62.68054712293964,0,3
3196,105.77960356342592,20.133648667638653,53.71360769096684,0,3
3197,218.56277959858323,15.045716816499938,55.22676529310844,1,4
3198,183.30277453625675,32.84476624135157,95.61658901881523,1,4
3199,24.354511617507868,43.58859600263514,88.91545599175969,1,1
3200,191.32369987371533,34.41162164717938,89.19870911053968,0,4
3201,143.12315146776405,17.57170568244543,52.529464651489775,0,4
3202,280.3696724121416,31.214411473986765,28.558496698984584,0,4
3203,86.79129513121597,42.28460808413182,99.82715464941126,1,3
3204,217.849925909748,15.195182036400382,31.62744698043852,0,4
3205,219.25824691337095,20.007366385133963,61.24658642629263,1,4
3206,66.4502343027562,39.43684668307849,41.16953508787137,0,3
3207,270.96708749128084,41.81721319732448,60.85942893199267,0,4
3208,147.35496012888092,36.21481862604813,44.39465552821184,1,4
3209,203.66501006679076,44.74680490919462,91.75093124967675,0,4
3210,43.75666766505136,17.70647788759708,97.46732765670876,1,2
3211,77.34117509759078,31.37029547509681,52.80514261103065,0,3
3212,175.83213538116684,35.54984167942759,25.61517124620484,1,4
3213,95.70818051200484,36.07934161107264,73.06688794763855,1,3
3214,149.90787557129204,38.80453846032548,50.13004512387746,1,4
3215,112.20155981198675,42.5287813529815,98.87749247651416,0,3
3216,192.1661389932144,25.84924336851344,27.149982230793636,1,4
3217,146.14360883424266,16.288901784229076,29.53011525561302,1,4
3218,1.38298079195045,25.87325743442875,75.95384913492376,0,0
3219,194.9042513836152,35.148442901617045,80.69196818830078,1,4
3220,126.63646711505451,21.403682620009302,57.687712343245074,0,4
3221,102.50950214706684,39.299188546761314,42.18116819521089,1,3
3222,28.244025684967067,21.592933731684923,44.78480393043618,1,1
3223,66.11090716994744,15.3019020714052,47.03783731370167,1,3
3224,67.13168747425603,30.24242322670738,38.02255925130984,0,3
3225,280.6108498214187,36.7938471421086,88.05140385178795,1,4
3226,129.75389242396403,25.489660216105023,25.2061766043838,1,4
3227,12.619754164551011,37.46687398610361,52.58222592626517,1,1
3228,41.645004672996265,28.15213002363025,79.80825158727939,1,2
3229,23.70980271987362,20.151438519202063,20.30603795573813,0,1
3230,176.6608170621634,17.71675181396865,90.24260134247427,1,4
3231,55.98644747004802,36.31761494722042,76.50345699034915,0,2
3232,149.5672920845328,26.57144362808633,25.86991654672544,0,4
3233,111.01861886099267,42.38321303771311,91.59972711955506,1,3
3234,241.1629131432598,31.207651757218493,58.98439941046544,1,4
3235,96.14689117960867,25.45297254662108,72.17914671122492,1,3
3236,137.47964471904248,25.46972780969169,90.56266996150735,1,4
3237,216.38566457934772,18.94313593357948,90.49298757515724,1,4
3238,130.0053620791918,32.8136746076747,52.69952948060013,1,4
3239,237.96466080395672,32.46501406230966,39.01515880199473,1,4
3240,198.50530687099948,38.99981075809481,40.59372354769414,0,4
3241,123.1587341840148,21.03590887401228,81.27532691069823,1,3
3242,151.1945777059088,23.72368927427482,94.35442888033124,1,4
3243,290.16103675265805,17.91713907286745,25.778453865092,0,4
3244,198.4834489525177,23.8602660680672,21.201578245921095,1,4
3245,271.49856779169744,27.84306347263202,85.83480491781926,0,4
3246,53.62755104131931,43.92085217861951,50.928208260324666,1,2
3247,144.97084687354558,34.5919800862474,42.11593959665288,1,4
3248,272.5985009535152,38.486217893375866,35.06990780926735,0,4
3249,96.78361843242529,24.765296556614707,47.718448786259565,0,3
3250,290.29925944392625,19.335384384242893,97.71744714224064,0,4
3251,29.12324714209723,22.70159825739989,98.16638196349577,1,1
3252,270.8013510825111,22.694030729979637,46.52108212453635,0,4
3253,133.5636366197576,32.493459848802814,97.09520946312922,0,4
3254,22.1232495423482,25.24413397365086,43.98907597916936,1,1
3255,263.85647777582625,40.72196592999836,88.3584876213658,0,4
3256,75.58206372273403,44.656335577094936,36.96033673238077,0,3
3257,6.675037648567561,25.298952157903454,86.11900706975928,1,0
3258,40.742131670757686,36.15180821061033,48.29843180457467,0,2
3259,197.73442256992848,34.72459745761107,35.657881595436095,0,4
3260,293.3434467414584,20.833874631968445,94.78239259389046,0,4
3261,33.43864187505504,42.54025784461902,37.13474659429359,1,1
3262,138.5844144374286,20.983277615652035,99.34681806073934,0,4
3263,54.19096528425976,37.10871395009096,28.685911391079184,0,2
3264,223.5109602304776,25.42828926822937,20.801662671216583,1,4
3265,35.41766992854425,26.012447010269145,89.66348368616664,1,1
3266,71.95252454426686,28.66347158666881,66.9283526646785,0,3
3267,58.92179029472141,40.93523934165419,53.730104166002526,1,2
3268,165.75593411009336,19.207558245336365,26.55711404256753,0,4
3269,261.9552276001897,16.63708733504262,65.99140247853552,0,4
3270,153.32706034692558,27.06122456741344,51.49804681887196,0,4
3271,17.473035831441376,16.66755297426264,58.68975303909462,0,1
3272,169.0166791790494,35.62802649172322,70.43134891217667,1,4
3273,239.2562997954028,37.8097522508164,71.19468845044506,1,4
3274,39.64685919129681,40.64137184259776,96.84793930824314,1,2
3275,21.813364303377515,37.3152673645079,72.40427307514759,0,1
3276,56.34233326727072,42.49054181078037,47.15233121457847,1,2
3277,223.82589684648823,37.44903368169666,46.37062622120627,1,4
3278,177.50412585960046,43.08226919635205,58.17287623261219,0,4
3279,162.17839618852466,20.793323826280897,40.74621598945464,1,4
3280,74.8439683895305,29.995893986031906,50.11511825010311,1,3
3281,99.67097857405784,44.81791799114726,87.36902175438671,1,3
3282,289.7655038830027,35.44734547628147,88.78092822937577,1,4
3283,72.18756801881571,41.35923353967772,70.22339825602722,1,3
3284,270.4936269765265,15.911813814985656,66.62727535952666,0,4
3285,174.15945133732097,41.15273695705312,54.167986538682335,1,4
3286,36.98893991137434,35.93139703716293,70.87191324550773,1,2
3287,140.1937134465204,20.12266301963132,84.48426765851919,1,4
3288,284.56461520826275,15.770428692707895,79.02776463271843,1,4
3289,125.56967944120758,22.797797343769588,22.83676125421487,0,4
3290,259.0159694368087,42.47320076978311,78.49039988845068,1,4
3291,76.92860839551231,35.04398816100859,77.59581337400013,1,3
3292,171.2766455401119,42.584073128499725,27.919242935096207,0,4
3293,253.1556174605921,28.384523474827784,32.01978916713009,1,4
3294,276.2065323509087,43.098812857057226,83.03268089442616,1,4
3295,145.74701014539022,28.88879446335017,64.71916625972815,1,4
3296,191.9064306436287,21.127641732550035,85.73031924685299,0,4
3297,0.8940392346992843,19.54180392553342,34.77953079247869,1,0
3298,75.96699225401689,44.814354391051324,22.449181176506947,0,3
3299,83.61363112408372,25.015879844237126,32.95534037369429,0,3
3300,28.04790349632924,19.80159075952763,56.20560362264153,0,1
3301,83.908504007093,15.252252926722566,61.86342044879213,1,3
3302,96.33660991744172,23.567086995888676,88.61608976421334,1,3
3303,290.629811870458,41.67348430807617,77.29604238816509,1,4
3304,200.5807141682513,31.02027962031905,99.23125124232638,0,4
3305,127.80152382490328,33.973051545748646,26.29756731002911,0,4
3306,296.4163382086528,42.671733116715984,30.417685803193702,1,4
3307,45.96969607038336,30.38519754321088,26.74844750564557,0,2
3308,142.81535817914536,40.14839537557844,63.07664372625102,1,4
3309,194.1186621147148,24.71499834229061,41.34886166450608,0,4
3310,16.674190345223106,44.313055885236594,74.69063520776838,1,1
3311,215.09965742493563,17.364416205373573,30.615271076532427,0,4
3312,29.96020587659697,36.74488576539794,28.255311964970105,1,1
3313,42.08469257990309,34.816988602808834,56.81323759943582,1,2
3314,47.90685373862522,20.75014517552451,50.07186826106591,1,2
3315,278.6669479966553,26.66531996539608,86.33319327960793,0,4
3316,204.97066354145036,24.384873503310192,87.00432600343989,0,4
3317,196.6282503309312,17.83478604997486,29.39429342987801,0,4
3318,166.64804893949764,32.54364068852524,84.98582238736364,1,4
3319,87.84179960853085,44.81009536695497,65.13319859028968,0,3
3320,186.26691137980544,31.78764423160168,60.284661910136,0,4
3321,123.04491596659194,31.35779720638086,27.581070099569175,1,3
3322,43.62484502778447,16.20941122063645,79.17046151956669,1,2
3323,206.87918709831996,19.176606700910718,24.77070259179168,0,4
3324,38.87465037897682,30.39657267306783,42.215341571968,1,2
3325,57.20057430635197,44.55535692552214,27.63452278112185,0,2
3326,245.30979355428175,41.29823206385576,62.46140878727389,1,4
3327,198.0351288375462,25.206273641195025,71.61840469676739,1,4
3328,189.2973462640927,31.290127626843823,91.26841171843398,1,4
3329,125.46083530281722,31.5810666676241,78.70975367970108,0,4
3330,118.88415547181135,35.56081838286549,96.88835191310136,1,3
3331,207.07878275562035,35.63346123717416,80.87598663075562,0,4
3332,222.00166158271367,38.69377465157921,43.845848263396135,1,4
3333,153.06396070929316,15.749130745190472,63.80678484505325,0,4
3334,290.7807733045579,43.310405719123374,56.63517114560126,0,4
3335,286.7098676756616,17.1018613796774,65.27749789098755,1,4
3336,123.7288470038276,29.2848033443082,65.76714715299138,1,3
3337,246.1866762849461,42.58737829077128,76.1680868375221,0,4
3338,162.9803524795246,29.630064876932398,26.643505171645145,1,4
3339,153.52676626715234,16.909105026993505,79.7396103105401,0,4
3340,16.48921841359555,21.87720059435817,31.49948905866058,0,1
3341,172.19241314049304,32.36000266105268,22.096584393601244,1,4
3342,270.1733791689494,17.63584853696907,61.512443356916975,1,4
3343,234.0401547585276,27.710337930518893,66.51815685297575,0,4
3344,235.89514340977863,24.872797985742142,22.788085609362312,1,4
3345,47.978711572901766,39.45622883472719,61.22968918240184,0,2
3346,107.5348341400691,18.30395815006348,62.76561666923773,1,3
3347,69.96147499507074,35.48395350476359,24.19959210119849,0,3
3348,94.77458473669078,27.19767212627728,76.92682280917408,0,3
3349,173.86180304811762,32.63252041416986,36.82317614275099,0,4
3350,109.43514401107436,21.165953157616343,83.55673710602368,0,3
3351,168.20934523927983,33.29111054284877,44.86577038399136,1,4
3352,131.55037448237312,35.21933182248338,58.23140251713735,0,4
3353,85.98466753491829,17.106946939832333,91.34807035350936,1,3
3354,28.62103026154759,39.73032802748811,84.4943573482038,0,1
3355,267.5515372034348,40.83762338664724,82.54908628683641,1,4
3356,3.4120098013946,16.90662167048384,32.83473580923372,0,0
3357,0.4957464425913493,33.09562464291857,23.851390935968706,0,0
3358,248.0393219290638,32.820344909166806,68.46071605444834,0,4
3359,299.043282097737,15.3737523560533,52.85533139910783,1,4
3360,218.13084831409685,25.27039241867854,92.72618211443792,0,4
3361,4.582151418865421,44.06777348141243,47.96746108504816,0,0
3362,68.007068000554,31.663522568062287,52.84386807983378,0,3
3363,291.5468100785884,42.99635408224515,62.08004344391356,0,4
3364,242.58127565215045,35.269339076321515,83.71205325056896,1,4
3365,170.03995314141332,15.851715546698292,41.4639243280642,0,4
3366,71.0582128321077,17.33139594145176,95.34565257298992,1,3
3367,4.311061778024694,36.66536866102269,63.19368901772306,1,0
3368,6.258441791222702,31.637033711070583,87.27818089395274,1,0
3369,183.594259059068,18.814549937996272,62.04947867648151,0,4
3370,6.549562905726935,33.42188035060849,81.75945565920107,1,0
3371,298.0890425776118,39.308620817045885,24.11366019874357,1,4
3372,55.01515004812143,37.58947290397836,83.93699853464109,1,2
3373,213.2122085607832,22.38487380096201,61.91675438479539,0,4
3374,46.51791642372402,22.74584899968132,55.95324705492661,1,2
3375,162.02802632931434,44.03513415306341,28.928773328949436,1,4
3376,24.18338653986527,41.62214406458149,79.32500311268103,1,1
3377,230.03352735997296,24.55011943292616,30.49309220033111,0,4
3378,175.4763284174489,39.72163469007025,35.385425024319446,1,4
3379,25.850008020424507,19.852155891976363,30.113860456771864,0,1
3380,254.57585676000164,20.905233039796933,20.52604861709249,0,4
3381,164.1055844330106,20.43588161536036,72.9531024053747,0,4
3382,276.4776930039954,17.631623250405454,41.66752358172852,0,4
3383,274.9870121034338,40.640343484840656,31.957636735264103,0,4
3384,276.1523368459748,32.36420694613726,45.59779860114661,0,4
3385,23.33556006014039,22.76868277481816,59.92677532373418,1,1
3386,36.28732852635703,40.45965098182782,60.273001670742886,1,2
3387,296.3117429148594,39.07940278178461,49.375680666556754,1,4
3388,146.2802464196118,18.028545543832667,59.59458168331432,0,4
3389,71.46421584874429,34.324181212049155,54.18731662359953,1,3
3390,230.8993465495974,36.65500804577312,85.81321975875886,0,4
3391,79.28556636374459,36.474820109578914,22.36911739929456,1,3
3392,218.1647064055927,36.69428123561812,89.44241066584375,1,4
3393,251.18573335492837,20.08373356947112,39.51322045429003,0,4
3394,235.27901318858417,24.45259362806308,77.74257720290004,1,4
3395,82.21434245938062,40.32535525513387,52.40316930724048,0,3
3396,120.48557222377111,41.95175250682649,43.546637160382886,0,3
3397,123.97530096998292,23.37566659694611,69.22778983999076,1,3
3398,147.38187543134154,15.690585485332573,81.51075350904834,1,4
3399,50.21185546204081,40.79300841498325,55.9949162482883,1,2
3400,135.74101512430272,26.31275513475248,57.32430744523848,0,4
3401,153.2348971546439,24.88390667879809,24.708518781414355,1,4
3402,159.51269897431573,25.40999039065877,93.91967845022752,1,4
3403,245.97012899533743,27.470892719029244,87.7517357157007,0,4
3404,155.20034954384855,26.347998649647632,51.839423003394856,1,4
3405,69.23517675410255,31.99292697400681,81.19604905284467,0,3
3406,198.93862147325612,17.368208354945708,45.06233405667673,1,4
3407,239.19424322598755,44.14620582925545,78.43374344102199,0,4
3408,95.81149993147852,43.09353103416484,61.335337325124826,0,3
3409,193.5917787052816,43.032199398464975,56.86133777758012,0,4
3410,44.08139878380379,41.37832872245741,24.521839780649177,0,2
3411,102.57789137341922,34.809789065451895,97.23375374470903,0,3
3412,272.76717886489024,21.63325688245297,86.99271759027363,0,4
3413,273.39244894877123,16.48450461439117,83.47104543891572,0,4
3414,172.5973736229191,17.979631943452997,44.393295812297936,0,4
3415,210.705438259532,24.719775013968167,43.16721475389869,1,4
3416,256.2046245617824,30.116490764873564,65.85544772757194,1,4
3417,287.565955593788,44.79759213554382,87.69785569809189,1,4
3418,146.96593208693085,28.063304753837976,94.7702724934922,1,4
3419,168.4727209878103,30.739382714741303,41.514322080624446,0,4
3420,124.69246999434908,35.85471741564242,68.5931840255534,1,4
3421,21.594581116928623,20.422019113433887,77.91222399147722,0,1
3422,126.84104173464551,42.98481004686767,38.11137161465791,1,4
3423,237.1882018149232,30.871038175282024,52.59749041779394,1,4
3424,241.4656493974586,23.287690368053056,34.99794189709125,0,4
3425,267.7131343779899,43.053269590165215,75.91240622146674,1,4
3426,15.440011552790722,33.7635185567685,89.10281092361582,0,1
3427,158.14637687419017,29.510691937476317,90.2027483641324,1,4
3428,32.22734638112288,32.40467729882322,73.60710963941656,0,1
3429,60.222654949723,37.4490665671568,47.77218881394907,0,2
3430,270.0649507141819,19.6361401107886,72.88323014834035,0,4
3431,149.03737752890876,40.94491292109676,89.14133817366549,1,4
3432,227.5634762689841,43.78520430894639,70.06846671486267,1,4
3433,19.315231778604247,32.00998955250223,53.03135522366924,1,1
3434,125.0479511774556,35.46812540392794,93.58422005751991,0,4
3435,202.2720841993013,40.79500442538722,86.81732746155411,1,4
3436,40.02194438346399,26.244318942495013,90.59481921982494,0,2
3437,97.74536373170494,44.78495384647195,92.25536168322355,0,3
3438,19.364341507164973,35.41504107920693,51.504984612825055,1,1
3439,195.40198226085312,27.719960950739463,88.77112060058681,1,4
3440,291.2673777174356,35.32013925004881,65.62797369973582,1,4
3441,248.1136473428489,30.65040097540309,23.052717884323208,0,4
3442,292.38693504226967,18.349247146150955,70.86690852160942,0,4
3443,253.6814385295189,38.87595914307956,57.64951394355962,1,4
3444,256.5587418590936,31.931267407587963,42.01237273498379,0,4
3445,173.15315861140277,38.87536673621666,97.63065120376316,1,4
3446,155.47569342396298,19.64735821102397,24.40566866343793,1,4
3447,121.87627992834828,31.15071470402327,95.67019125656532,1,3
3448,245.428468513764,37.99872816638739,32.74136485077105,1,4
3449,54.62028368340738,44.64913702772395,50.15905434404257,0,2
3450,16.86747474725796,41.53191829155776,53.37881403354794,0,1
3451,284.3681468054025,40.93048881181918,78.48164149286511,1,4
3452,1.1334555610431174,22.42380414439194,37.24873669893636,0,0
3453,293.0487965627556,40.13953805127142,98.88814745820314,0,4
3454,218.65601096212976,20.078438326288893,79.92094822112183,1,4
3455,98.5496759093483,20.943229936453008,83.19621106776438,1,3
3456,209.34595292589307,18.30350231230416,28.51430181719156,1,4
3457,245.3625471555382,40.72789592141362,58.104960760756015,0,4
3458,73.60861679593077,18.24763489353956,95.64874803826312,0,3
3459,231.26870498387456,19.1433443923503,41.60528572414452,0,4
3460,241.31088750247204,22.376614502471572,31.63069239606877,0,4
3461,74.80638903760362,32.17987227361923,58.83155678113506,0,3
3462,12.57790631339506,41.405405559012095,94.43144557209666,0,1
3463,61.2366853674293,27.546844657667044,58.94324995445018,0,2
3464,60.19392266681833,31.388578475753555,52.38674423357271,1,2
3465,19.57213625264496,19.99468199871759,72.02179493710213,1,1
3466,217.80221539655875,22.978375676933748,94.9507199080441,0,4
3467,113.99247733752246,19.017772874573247,23.92459593632529,0,3
3468,265.3158502361576,27.297565346012693,32.271643638135295,0,4
3469,75.6513316995558,32.710069760345775,30.62034480354083,1,3
3470,135.9696495299782,23.520585901003624,26.826638583933253,0,4
3471,191.70522867802885,40.37987566724378,44.16848645187167,1,4
3472,263.2394849015334,44.43715053019904,38.3447226496248,1,4
3473,157.38633048581244,18.60464556943743,63.89530129674682,0,4
3474,112.05738834371483,15.535801680459723,46.18315373805626,1,3
3475,260.10452354160265,38.69330722184351,52.4166289166301,1,4
3476,93.07392740628316,20.719280334100347,95.349175239985,0,3
3477,23.82710988977293,25.59439777982577,32.4524513015525,0,1
3478,133.51263225307198,26.82693654827431,51.07658614358417,1,4
3479,235.5279919493976,42.497981667028334,40.56654724150255,0,4
3480,9.234249526056926,34.76514647298486,63.93327858862017,1,1
3481,175.76467349687763,16.21828470908672,78.90689812373154,1,4
3482,178.33921455817082,15.444307221424635,85.3590298734292,1,4
3483,278.5625290282145,20.987042925908405,61.22373556138925,1,4
3484,85.93944514350655,24.545158226181343,88.3933273221554,0,3
3485,83.65098396320886,29.53571502259797,82.8060406301854,0,3
3486,132.14509540190343,40.135182369265664,32.56032491469908,0,4
3487,107.07447044145457,24.444532681042784,39.634300721599615,0,3
3488,220.90375880679804,26.296116578149658,73.73764226667367,1,4
3489,192.52562313946487,24.88013790028973,97.98352157924865,1,4
3490,227.6763113718799,15.268960080987169,50.09037604800001,0,4
3491,246.01253735960677,43.6560461735436,38.38462725157925,1,4
3492,276.89433982024434,19.169876524094214,89.53035474364631,1,4
3493,129.28101953539428,23.63002434609741,35.968956763430604,1,4
3494,295.40921684146485,18.879099062893253,75.79266192398893,1,4
3495,64.69824402109582,29.71629468470168,22.73992562846917,0,3
3496,214.30954858419855,42.96498344827498,21.518441207832293,0,4
3497,160.20279519215677,18.02102152876459,56.12533711553318,0,4
3498,245.070178405465,28.22690770765488,72.52321020399225,1,4
3499,143.0311561819278,15.671245373147354,31.394756316701475,1,4
3500,235.18159060872935,38.126946641584446,81.11059624012303,1,4
3501,279.0506143943034,34.23678430663275,30.29891859295773,1,4
3502,219.6882798420262,35.9909599112145,62.696624629733975,0,4
3503,232.8282858654973,29.17009082687198,44.66393538216644,0,4
3504,20.15262937975684,42.22899088669217,80.18026214265643,1,1
3505,61.487298669684186,27.286723526178285,84.32934028511072,0,2
3506,292.2911221510781,30.42255224361231,25.287299164997687,0,4
3507,207.9561011362183,35.85867666811888,35.4083655445972,0,4
3508,168.43470519330137,30.6168192328638,91.41152876555164,1,4
3509,110.09291201893502,20.68006943748984,53.24902692806934,1,3
3510,13.316700362075371,24.51211854134736,58.13886922984364,1,1
3511,110.74077238924048,17.76883404416416,33.44190733300532,0,3
3512,149.67386198687277,27.978404916518933,99.59158372007944,0,4
3513,63.43785281606602,33.281762792589845,93.84381462714607,0,2
3514,51.94103738214976,18.55589832807422,20.161973678579493,0,2
3515,152.52496540725505,33.91761364410387,64.0587746126308,1,4
3516,175.77127068826317,41.78616419256328,89.78139068825237,1,4
3517,71.97537565635746,25.131711989565588,54.44268849871682,0,3
3518,176.21684233686392,21.6609928865646,54.94514068613479,1,4
3519,270.1019891622885,41.79018191525709,50.34777253810314,1,4
3520,141.95197740640614,35.75835707692646,22.306266812425875,0,4
3521,257.2170508761544,18.161846041696617,83.22266686829622,0,4
3522,278.18143335999554,27.243358561851974,56.54281627128758,1,4
3523,27.71820868112571,35.222687992636466,62.48525107229806,0,1
3524,28.74347389703909,32.23151624926364,40.45480934453107,0,1
3525,142.81325486628043,33.55641358049619,82.72947936534555,0,4
3526,176.4307332953108,32.01405521921778,83.49988373635584,0,4
3527,127.76503933950876,38.9418409591467,64.23366534814075,0,4
3528,97.93523112525092,24.61280870390936,92.3702340640131,0,3
3529,192.2982348378468,36.25387043698089,29.27073845813135,0,4
3530,0.6244537049760801,44.73238327482853,82.93013317148794,0,0
3531,290.4219842591227,26.69876573343541,64.68673138565316,1,4
3532,69.62372645640664,38.73144943664379,38.48105336291594,1,3
3533,275.12963057490214,22.38327711408513,30.584302612151596,0,4
3534,32.7044233603518,23.45690136852148,44.08056322582706,1,1
3535,71.42615461337178,43.04591622550629,88.50527344811616,1,3
3536,70.46211032625011,15.778150687460665,83.00954797409088,1,3
3537,298.84587126019386,21.52282034582488,71.61059406544321,0,4
3538,1.380163717765326,29.48762093436009,27.226160622694195,1,0
3539,191.89146279104875,27.05542865112559,96.3864511794643,0,4
3540,260.90597431825586,33.87509193705094,44.43521059003257,0,4
3541,201.682096207421,20.781661510811457,68.55999866760467,0,4
3542,108.82014546508326,17.11641013105594,84.24814966443473,1,3
3543,287.4928088108805,26.08000193414271,30.628466756700643,1,4
3544,268.0562263767123,30.73065726432543,72.17573938046985,1,4
3545,130.18647607485534,31.86005511254734,22.583679736337004,0,4
3546,171.99854778334904,33.044805706274005,28.14314492034729,0,4
3547,290.25575634157224,31.45985987284665,77.85149075417135,0,4
3548,294.768108577941,22.372559129135627,32.40657244582353,1,4
3549,134.94698271538567,37.93649207907005,55.48053786443027,0,4
3550,254.20500844292656,17.633407852181957,39.86660406218953,1,4
3551,90.5940680861809,20.95061638656549,53.69836069359537,0,3
3552,111.5438618791994,37.18134027057342,26.17761922331767,1,3
3553,49.44656489706788,23.391784023157552,80.39204352327914,0,2
3554,62.75537783301909,29.80420324828216,26.323294191529158,0,2
3555,197.06199067780767,24.815932225666764,87.0331597888376,1,4
3556,153.23448540212428,30.209436348480097,73.0087091335649,1,4
3557,69.33955818768086,25.39967399842095,53.32684605314266,0,3
3558,120.87288490849576,44.82623969718152,89.31892347763934,0,3
3559,111.95503795910452,25.7243276807444,34.890502294106284,0,3
3560,296.20806136060025,33.81148252192936,41.16513819318604,0,4
3561,256.0697511634138,41.65029652952632,30.96989293273653,0,4
3562,116.38990001514728,34.13804983094251,50.5254954632028,0,3
3563,274.1749736688099,31.975717653288257,98.938654778727,1,4
3564,102.79061748845136,32.07688364268625,32.88219022405557,0,3
3565,200.37045382045784,29.893821327701566,86.4781188692639,1,4
3566,289.99499900463377,39.22741204213365,72.15040573384576,0,4
3567,117.08365919656568,16.512722350841457,21.265130448948764,1,3
3568,203.96548953148013,41.55389723787983,95.591215435016,0,4
3569,88.77714331878997,32.58876660736928,97.68730121799878,0,3
3570,79.8936946793924,40.46619663767245,93.99205614892348,0,3
3571,172.24699992946557,15.311781076326255,60.1391726165627,0,4
3572,293.7793794099655,41.07829211884853,37.63001459807032,1,4
3573,135.940154616051,18.604125575198005,51.30117419763852,1,4
3574,281.2910910949742,36.63654019177197,69.13532371329849,0,4
3575,274.3090560734285,27.49564178663531,50.30691047339598,1,4
3576,76.12878370349843,35.43217173293773,76.65373206957463,1,3
3577,120.54582212529822,33.84569213032093,83.64604382212148,0,3
3578,192.99074354825493,19.90189641201725,36.75143189184461,1,4
3579,155.4137653234175,30.438412933426555,52.39535266262404,1,4
3580,28.787558958952296,23.316914195836222,96.6195500820848,0,1
3581,298.1094090381475,31.81310528544037,39.98454410101104,0,4
3582,225.796200363384,37.14009849158532,47.71579908755432,0,4
3583,131.3082114674135,17.43775243745514,22.85284030815778,1,4
3584,185.45056489988735,30.47287270593076,46.58928328828811,0,4
3585,26.27184517986904,33.52889462286775,49.67451184832821,1,1
3586,148.590496106883,23.86102360791641,27.986844770145787,1,4
3587,279.24972474524634,43.59010448388021,20.115379998796577,1,4
3588,268.98028741649347,30.609084765204884,66.0324387494968,0,4
3589,101.21425364494368,20.475512695377983,44.1221281062975,1,3
3590,159.41035914640165,18.23364785397852,21.425906980807365,0,4
3591,209.21505722629405,31.249786474960967,88.79554431737435,0,4
3592,102.0027800723716,26.25715143380787,66.75277416533127,1,3
3593,19.463765428181546,20.77641293305154,33.69346803934563,0,1
3594,151.6324970153414,15.920954603573238,89.21972983527812,1,4
3595,180.4907207470009,31.9980024011364,40.28687763783843,1,4
3596,1.7524800364530746,32.958007105009855,38.19565852290048,0,0
3597,28.67261206155919,19.254078035444053,91.57072455978152,1,1
3598,62.18719307824568,33.05214149310913,34.35663035675789,1,2
3599,104.41568609728024,43.55918264122795,90.31886345352596,0,3
3600,162.31536684917413,44.348868299692185,84.23786409982408,0,4
3601,88.15287562789959,41.65478809671015,44.78220326633867,0,3
3602,82.85514432195113,39.21235742507221,22.751766492250844,0,3
3603,260.8048031439246,21.281035101399937,26.60584828410536,1,4
3604,43.51519224042788,19.693055474877905,28.7622614215662,1,2
3605,148.63803995170807,28.348428068560636,91.26390681283824,0,4
3606,285.8474150808408,33.58895253955657,52.32287824299805,1,4
3607,187.5039747348137,40.520360520251344,22.602380582919544,0,4
3608,215.1616439683316,21.958891234104048,64.52387696445437,1,4
3609,129.37109741718214,29.38943701560998,36.63938004855933,1,4
3610,5.97965013591587,34.423207258705375,38.81008340864152,1,0
3611,193.8391105101616,28.36781563603257,32.867338793446294,1,4
3612,189.5772844284372,28.62581031237853,80.96171699189739,0,4
3613,33.128290938999925,21.75351483084837,20.04903150442181,1,1
3614,138.64791408738944,44.59982714733228,55.11873311174761,1,4
3615,274.5986833996951,29.2557985022233,26.94969331219867,1,4
3616,61.52544959159254,30.98225836216476,64.18996808036428,0,2
3617,138.3296263902331,21.55677873860487,47.679387692907405,0,4
3618,138.33095556015613,30.42410154995456,22.268126462114253,1,4
3619,243.22844044429152,22.6604867560292,56.87793849240353,0,4
3620,247.37276109883337,21.070087541503995,65.6468398291842,1,4
3621,227.7808258990176,23.271667528288035,39.81232253301737,1,4
3622,109.63624775648212,15.08278945515843,81.2409517656847,0,3
3623,21.611077505556032,32.10453336005052,49.68390126354266,0,1
3624,104.84489316720423,26.62440016568529,79.94772113152115,1,3
3625,203.9373603814019,41.96067057581791,66.32125832070142,1,4
3626,210.8239723467229,16.221215208375636,89.54024543895079,1,4
3627,289.5000628430157,16.296009025672504,63.75398327858172,1,4
3628,136.09236943311254,41.5762055193775,34.85017546565648,1,4
3629,189.7306748820871,18.79933926613024,85.80729554229491,1,4
3630,161.7572612167595,15.064803123720054,82.64282001398324,1,4
3631,45.185568033971215,20.367415911390413,97.78846517874612,1,2
3632,138.36074163964082,39.71628525292813,27.48655352860296,1,4
3633,163.4505464066983,39.08142248280306,67.29849298446794,1,4
3634,285.22488181267755,25.203966325303533,59.33351871547859,0,4
3635,109.96171632268684,35.04092751779556,73.66976923841321,0,3
3636,294.0297309323933,30.217491220074837,98.4143878498584,1,4
3637,162.69002220722533,42.14204969537718,62.58176616926046,1,4
3638,72.74077299091726,16.69270426252267,74.85909079571434,1,3
3639,57.499316104742334,39.39537386209895,47.77707549776342,0,2
3640,42.50847517806952,20.1179600828238,43.9176390137346,1,2
3641,135.8798611720359,26.74862692295278,46.823725254693365,0,4
3642,6.577928936676969,20.758714543042977,23.08863148775531,1,0
3643,133.51358499445962,36.07843228782417,42.77925163300759,0,4
3644,296.52140764678387,35.34978539259773,33.83571150457617,0,4
3645,201.03203871668,31.436928050970806,56.59423838684455,1,4
3646,227.9358363601214,35.94489110410966,56.86598111189851,1,4
3647,35.70161721547876,34.18694341814022,81.21838649812028,1,2
3648,141.93025844702723,38.29326167052804,60.18333183136232,1,4
3649,85.86693030771417,22.18219953871646,57.04652706585928,0,3
3650,268.2292583967088,27.86737844822161,38.53010493603932,1,4
3651,54.38774160417376,19.548795880626862,88.19840081157419,0,2
3652,137.6199981410226,27.88780692660582,27.280072454777525,0,4
3653,176.4143155036913,36.05075254261024,98.5836771983429,1,4
3654,154.21232747355978,35.74173482353055,58.085999668119854,1,4
3655,249.0730583911222,36.28280709884828,34.8789599676579,0,4
3656,69.43595139589212,24.263025859330696,48.34624446147863,1,3
3657,113.21733312710737,34.86641921372772,21.229614616703103,0,3
3658,237.62528897218576,26.023989587668147,33.321814340658946,0,4
3659,158.42142352104145,43.334761383151495,46.827185545014174,0,4
3660,120.63521569438718,25.30099097641016,64.35322230015899,0,3
3661,8.832754423449451,33.090547021331645,30.35846757158836,1,1
3662,226.0156272046828,37.504371425765285,74.07706369464924,1,4
3663,291.65462339002806,42.19222287079023,87.54211919913439,0,4
3664,186.086102846553,28.13785810361733,65.78716883791247,0,4
3665,256.9623662066384,25.81455324624804,43.75211577801793,0,4
3666,155.06272295847785,27.90084525949767,29.711386038869712,1,4
3667,69.50428962700937,24.710890546493424,21.242805038715844,1,3
3668,4.332631270543641,34.61773470201942,78.54418663986294,0,0
3669,196.0194802769968,42.981502920257526,70.2783494650179,0,4
3670,147.9326544744734,18.782130194681,58.10267248282991,0,4
3671,234.62944412628045,31.827661943104708,28.159644177611032,0,4
3672,208.40472523059137,41.92946176080993,36.5620145011173,0,4
3673,296.38571046196944,18.003436339680526,85.21378429493137,1,4
3674,153.09377502361193,29.815962322988423,58.38811744162956,1,4
3675,128.1524369019028,40.95688787581338,97.02662876954982,0,4
3676,86.02190683178848,42.01356635136247,99.9977717894386,0,3
3677,143.05838753738234,30.430564834587493,84.05657010924702,0,4
3678,261.86144343687664,15.748556534031524,40.65468879256756,1,4
3679,12.73191773752238,18.16917535283465,38.48919697440973,1,1
3680,293.37001418585663,32.60150235723701,40.29074563390581,1,4
3681,297.9921582923394,18.715758193990347,98.9428063053242,1,4
3682,179.3464135763705,19.482533307338123,46.82723824546333,0,4
3683,99.46326110862042,38.163512933463416,76.51573949157512,1,3
3684,66.91469049660714,37.52076175726501,96.72141678490888,1,3
3685,82.94711870546362,40.28318278276416,85.5676917414896,0,3
3686,15.031627951491554,18.17205409518317,67.80830473045222,0,1
3687,142.53328754500765,20.94434643290453,33.517241973738564,0,4
3688,17.197281259321752,39.98884289575952,33.995059574267714,1,1
3689,215.5422644327776,36.63262826093376,59.39384684547066,1,4
3690,111.57883665985622,39.17868383484121,96.15555966993944,1,3
3691,59.80941952414896,44.69237024723766,92.35949566005236,1,2
3692,163.4560673508115,40.93294818467106,33.29536443635337,0,4
3693,292.1277921729041,30.61389752549281,43.01757958198727,1,4
3694,208.53931470552547,24.32304554391772,67.10490524447802,0,4
3695,147.52405503124805,32.09029759724103,58.19443938023719,1,4
3696,233.0742897763519,34.157596507033574,29.549024750120985,0,4
3697,221.2429415696966,25.05936423778863,49.54457495986556,1,4
3698,267.5206383173381,38.128111124540354,96.37714941242372,0,4
3699,61.40068427818425,17.782613779736604,96.1153779795602,0,2
3700,257.6632728776196,38.3817855204513,64.75407048212732,0,4
3701,90.30782611250966,15.959955560458454,70.82090437417821,1,3
3702,282.29967834752915,29.938981821644703,37.75250246871661,0,4
3703,84.31954468402056,40.84309390449799,79.3562181136505,1,3
3704,278.05456294880287,17.594858220641928,24.19969497079051,1,4
3705,289.137214339224,30.53216809482509,37.65457505311447,0,4
3706,43.64740723710428,19.78174316883949,20.470695013200668,0,2
3707,292.3499649788349,41.84447250182806,50.85610070010151,1,4
3708,25.716890528784685,39.9703658110089,88.02089589616733,0,1
3709,65.57033598375659,43.01751729880464,98.60051816879758,0,3
3710,133.25063426184136,41.249470245902806,73.42047803044457,0,4
3711,298.079209713513,37.09659929597972,79.5893348341146,0,4
3712,146.5689153496138,20.54667586765508,41.01996625719521,1,4
3713,165.12283295354575,24.07507847006702,61.62661547910518,1,4
3714,208.32748485709456,29.90565474924022,78.92623190602919,0,4
3715,290.4880674818854,32.66690344544171,59.78206607734233,1,4
3716,235.00542003727327,38.4655018593963,27.083711369123677,1,4
3717,67.24620132710957,21.80878884561183,79.26913545314474,1,3
3718,90.8972791993064,18.8483218244089,37.56515134998016,1,3
3719,29.28847188255732,29.47830511780908,27.815813675012464,0,1
3720,193.33570924942197,19.735242326187617,58.24463590603056,0,4
3721,54.22209196176647,35.81210406988717,25.96872622396905,1,2
3722,77.22146654380971,32.268926702751514,70.3554933585323,1,3
3723,266.4340965541131,37.23323391056654,71.23786002505962,0,4
3724,98.02670259960456,16.90309678965325,40.53615785064074,1,3
3725,169.9940155062501,43.94092681332612,97.16275374460749,0,4
3726,119.26980263675313,15.00016610027214,85.9561269397192,0,3
3727,22.209386221774075,24.76327245040604,28.7669566319782,0,1
3728,108.85914896901151,35.3890438009872,79.8809701871276,0,3
3729,122.42046091077924,16.354262215863567,48.24597500878675,1,3
3730,268.71033057345545,17.500487440728207,80.0230817319167,1,4
3731,97.33519609390186,17.30044311684661,84.06358338820871,0,3
3732,113.77233592862036,32.44529180162938,32.110244484836926,0,3
3733,234.8690306017004,41.87775945115615,72.94735878703221,0,4
3734,227.68699536347935,31.66310933136786,89.01839683914469,1,4
3735,239.48558299454723,33.10714056839015,45.86988992405387,0,4
3736,286.13122202280124,25.38004953623968,26.42626433447715,0,4
3737,238.66724951843528,15.562234759665968,22.1813983951359,1,4
3738,122.28246096536728,15.648441532536491,28.800076831738288,1,3
3739,246.4525550694276,41.64929899442734,20.33647370264111,1,4
3740,152.6023896269815,18.0771731615894,46.15567539142626,1,4
3741,83.31420975556959,44.99368115437786,43.94628703699585,1,3
3742,90.87512043930371,19.932678345338346,28.82730141499345,1,3
3743,67.1527165690195,35.239033318655686,72.08943024822383,0,3
3744,43.49788734592602,43.46866416542717,99.3525086271688,1,2
3745,55.3471235560951,25.86867832926079,92.07411318756708,1,2
3746,18.953414986145813,37.03299566243968,40.2280479741644,0,1
3747,266.5352594797159,25.52569930327005,81.59853063772375,1,4
3748,279.30234289473697,24.14823170284336,94.94906106280152,1,4
3749,176.03111774816864,21.054122477263167,92.50913896364388,0,4
3750,252.1468669826055,39.62804720696593,90.76396170490308,0,4
3751,55.07133079594414,22.72161190827444,82.91604097420748,0,2
3752,270.50214756809555,23.494744887175727,43.4393180888838,1,4
3753,151.9084678891525,44.969092265963326,26.68504529686338,1,4
3754,20.149497781666525,24.819313063359598,59.02554822767642,1,1
3755,42.39382334824806,27.683234664961468,24.38329074850695,0,2
3756,92.69293823604517,44.70166373324504,99.8778947628023,1,3
3757,13.06727410642543,26.079010362522787,48.66477464517907,0,1
3758,92.78801340523307,25.98456021707601,96.66719347111152,0,3
3759,17.979129935667537,39.8314339864158,81.84967935207325,1,1
3760,70.80828155784755,24.35791105463076,52.90327629526399,0,3
3761,79.70092675693247,22.01358310927221,29.46491301728317,0,3
3762,298.31069291003814,27.69630765525967,38.97544722757728,1,4
3763,70.66400212909933,36.01922401728578,73.8435660919522,1,3
3764,71.75593468157409,16.29729074937796,86.39481627030042,0,3
3765,206.0366905075155,26.217480816557003,98.3552393465054,1,4
3766,257.8072435549356,25.38734705837521,30.57297472109636,1,4
3767,116.11662378062596,22.344550417860976,32.47578763079488,0,3
3768,262.6854059822077,34.62862007713035,23.39515813521171,0,4
3769,102.04260622432712,23.69970241241032,40.82916204017509,0,3
3770,59.10476388450579,33.20194677024009,85.68539510490486,1,2
3771,98.89164729831704,30.13010524363881,35.860548538472614,0,3
3772,182.8069121783977,21.51569612477696,63.82917999160552,0,4
3773,110.14294779362211,22.996981711265448,55.71257584048159,1,3
3774,201.86814119678664,20.11800159919692,46.06609938721088,1,4
3775,71.08076382674471,16.698876445528736,69.46771307635713,1,3
3776,210.29786819674464,33.57565389314735,60.18606314641565,0,4
3777,104.23150897454,35.18366081743003,46.78105387876656,0,3
3778,136.76051148058036,19.979999808260096,75.10807080960039,0,4
3779,167.32354213286877,33.4617715405822,42.39745528308319,1,4
3780,205.8675009557981,44.46254220172735,71.45466718355848,1,4
3781,71.6141075546201,17.232062848134664,96.57966946732408,1,3
3782,250.78366122324317,29.711126174965912,78.31615833452132,1,4
3783,216.55282492657196,36.99114640931562,53.47196477090624,1,4
3784,70.22937570719984,16.380275934891806,79.80474569620199,1,3
3785,292.4923687808731,38.34820481992847,84.73934534401201,1,4
3786,199.43909730913757,44.38533711278657,46.06723735983803,0,4
3787,135.72806594001167,17.654635905982595,76.41057725266309,0,4
3788,47.258197666054905,39.666897163977765,54.75169568587318,0,2
3789,159.96630069243943,26.357446335362827,85.4817985425495,0,4
3790,49.432766048135456,19.323486073020355,43.63020761402886,1,2
3791,128.84750360935314,29.79579627589043,95.0207736019546,0,4
3792,122.61375682185566,17.145562073436473,65.98295498111787,1,3
3793,215.98189330423804,30.663042245015525,48.26426511485722,0,4
3794,57.71495436727494,15.580703640121488,53.549701496945765,0,2
3795,246.5614064612537,36.8583432501819,47.8238890651226,1,4
3796,97.83969810484972,29.63909057434766,31.699706868572424,0,3
3797,133.19658809063253,28.76818982805542,25.479391750997536,1,4
3798,231.70229266615277,20.88574481226251,45.74229561106088,1,4
3799,187.61771991405445,25.83789467384297,56.69523528625519,1,4
3800,92.4076055405812,20.456082972649988,48.94535515488152,0,3
3801,115.8608773637643,37.06170301607218,21.113560293384975,0,3
3802,91.73604419688304,20.970758982990816,66.32049967619828,1,3
3803,178.43105018314714,33.50259981155145,31.58531839127526,1,4
3804,99.78735996205192,23.388225032032565,36.88042228492928,1,3
3805,217.70930843494224,34.70946587769981,29.65988274249604,1,4
3806,173.9361475751178,31.21364876764027,61.63461840228135,1,4
3807,43.711983524252695,27.7031589495816,27.612743393121608,0,2
3808,93.08058560396472,35.190025002314144,40.50857993471303,0,3
3809,66.43423257304673,27.471662148246875,56.13669740959944,1,3
3810,117.0939637654456,39.64111807725098,33.416710813749695,0,3
3811,154.79522586280893,36.88795374705798,55.69930893614664,1,4
3812,152.02885718523297,31.219169835392435,47.41881005739136,1,4
3813,226.3571029689867,41.31182047757992,88.84777418956845,1,4
3814,56.751559080512806,39.86585464404166,83.59225701026315,1,2
3815,283.94184878923403,30.955181838614976,99.42836667724252,0,4
3816,102.8535320646506,17.053430811023926,62.3129386372358,1,3
3817,90.07465407484156,31.97989056597732,66.031767484604,0,3
3818,205.55357345406597,25.65770968680857,95.73166784925864,0,4
3819,241.65498860491877,31.203388284112023,51.96737717500148,1,4
3820,113.54152944409604,34.4139138149278,64.45461476065537,1,3
3821,224.05409246819315,34.34515724551919,50.3268396580379,1,4
3822,265.12078684081644,35.20572130554004,63.66885647184744,1,4
3823,230.04109956208725,35.378058751350444,26.46131460140316,1,4
3824,10.258945671249895,18.278442561405125,82.7035274674985,1,1
3825,248.21067340985644,20.75136991371881,98.82239579432353,1,4
3826,232.34428753631025,33.91623013627053,25.25923219516432,1,4
3827,200.7870714459558,27.2451716619311,84.08317841851795,1,4
3828,228.00672572637103,37.885549359172906,39.3387840396027,0,4
3829,293.8276187495817,18.747278467884964,35.8037642621585,1,4
3830,129.3338663455049,20.74568983261618,75.46963186187652,1,4
3831,20.16697048637934,31.75393927309419,23.53057988452654,0,1
3832,138.266990888315,30.02244057803696,57.05914778018883,1,4
3833,13.93009661731438,22.991914619300697,20.115557273225704,1,1
3834,88.27512242653835,27.250297305154756,64.35152229171791,0,3
3835,176.0639375390277,16.04943834169959,56.96653341852986,1,4
3836,92.8868678778469,16.111143239831225,93.2386085344538,1,3
3837,205.6185737728616,17.84781008474615,77.62175222275323,1,4
3838,246.59589830571636,32.30377359601681,30.0804937503153,1,4
3839,126.13175378386109,40.91149243839461,48.36319678015578,0,4
3840,270.0413853879011,22.806698677787253,94.52638157430496,0,4
3841,23.951679405120064,16.018194891702606,78.02673178192718,0,1
3842,252.03394926013493,36.25881306156937,67.54200919890312,1,4
3843,248.57194363178968,40.66056717015199,64.72572726295213,1,4
3844,96.59816889802948,19.14518355789305,51.84787731231019,1,3
3845,89.6145561373845,26.572430878212003,66.81611701351821,1,3
3846,91.5284943460538,19.762105217706143,81.73315318940723,0,3
3847,243.4181137033233,18.190722918280954,30.2030141085094,1,4
3848,249.4960462830585,34.44505615423124,97.58645117184996,0,4
3849,98.91673764830028,44.026094285343945,39.149189527117954,1,3
3850,177.77710423333855,35.34496876862286,55.81941451499,0,4
3851,41.679968832136346,44.54443988422855,21.81724997182256,0,2
3852,140.63362148430664,28.031858282108743,64.02767383667883,0,4
3853,299.63785525666145,41.9360936648208,50.54934778092991,0,4
3854,47.65174431187405,21.15252673998914,39.980469781839865,0,2
3855,284.2687919880177,18.537131010323797,98.84194030258844,1,4
3856,247.27641658950236,36.07560152737309,54.25129141378196,0,4
3857,291.664395283881,26.142249925879074,53.143709087511766,1,4
3858,53.87362818315991,24.53062808241305,57.04826115847809,1,2
3859,64.05554713300927,35.138417339929745,29.292302325292905,0,2
3860,5.060154520457605,25.004521253084643,51.44768878519561,1,0
3861,217.41054387468165,32.17674516745564,46.91234072844491,1,4
3862,193.2284080308557,23.98365318783913,57.20995670100435,0,4
3863,53.41963149741963,38.51272764633754,88.52969334730257,0,2
3864,237.3434896626216,24.37165021485946,35.42283156472855,1,4
3865,89.75865183951763,31.049824334886605,68.61914605756981,1,3
3866,40.49867079919055,15.695282510910353,23.010967180154253,1,2
3867,126.76879950580444,38.751923500751786,45.34340016800168,0,4
3868,27.290954528056822,33.61013324465928,57.8126095274154,1,1
3869,78.97309688197399,20.76711200978687,25.942332063804518,0,3
3870,111.40000752820384,21.461201282730755,63.51743476988007,0,3
3871,255.55925235424496,22.87478755514466,44.82604968576641,0,4
3872,237.76462238796643,32.29590313786686,99.42480108738502,1,4
3873,132.82628572518547,31.44948999279069,70.4775601748537,1,4
3874,217.37251732571625,23.21591158925668,39.53401568125739,0,4
3875,170.5948908537015,35.82186875931011,28.21385963580284,1,4
3876,102.25255652342042,41.67123497801194,23.25758234972316,0,3
3877,217.76230304858544,16.305464329606153,27.261861150016927,1,4
3878,205.04974633991336,27.51589913468045,74.40476216231468,1,4
3879,185.7283326580806,32.805603556344295,88.3993820795472,0,4
3880,185.3866563129752,32.593056106109984,32.53864917688623,1,4
3881,204.89459769809304,15.586060409685324,52.17075628422036,1,4
3882,115.36365379276148,21.31698197545815,48.33882745567132,0,3
3883,260.7227445203107,16.854921639363646,71.56144729504581,1,4
3884,48.69235364893824,32.06895217649802,34.61423053789356,0,2
3885,265.1656389717462,34.36169663008401,96.26554483580092,1,4
3886,102.68455290959832,19.79226490270433,78.28451055125251,0,3
3887,37.50948468258676,24.990333580262178,96.4057503107716,1,2
3888,180.00822080373896,24.89411230128063,42.18953959626931,0,4
3889,112.79600072112156,39.5940699476935,67.01725102868446,0,3
3890,244.64991813105576,20.839782135874,78.58143496882684,0,4
3891,129.2356405586302,31.449423639769755,76.87649782141871,0,4
3892,200.5687576686329,38.48806537502653,21.707687954269083,0,4
3893,92.47739685144764,39.88734578691144,99.8631330791908,0,3
3894,62.835712507602025,34.99698282854199,94.2447978215028,0,2
3895,116.41470928464716,23.985832567856487,29.580166501808858,1,3
3896,182.04235038073008,39.69139724486568,63.48534194361363,1,4
3897,197.0840217634056,37.2649808130038,45.16451642555329,0,4
3898,173.4619995894055,36.13407401487808,90.31152127394292,1,4
3899,296.41671558723266,17.020061966550216,75.80157044705233,1,4
3900,207.3270559485496,16.297946419546488,37.88137253859144,0,4
3901,279.45588827907534,35.860958931047385,22.708891629383263,0,4
3902,35.37995846855235,43.34384403701792,43.33934420918193,0,1
3903,18.411878944043657,38.21171784189058,23.050981824627044,1,1
3904,93.2984106035861,39.94426699481066,31.304857039868985,1,3
3905,40.97668151292718,31.34946842549371,70.8910433290969,1,2
3906,157.7605584684803,24.13758432264222,79.60680544944199,0,4
3907,155.69437605698363,35.332106903006526,57.441352000460746,1,4
3908,172.51414993318505,36.35912626478078,68.02302965553028,0,4
3909,223.5683642493218,35.26073915082021,32.47080290128076,0,4
3910,291.39891006369595,43.40127170157962,45.34361364261657,0,4
3911,263.47760743174393,26.01537099793669,77.0307077822203,1,4
3912,35.51017187267448,16.189726168673506,49.1912892868076,1,2
3913,101.55410663119716,42.253330582722285,47.90489788702316,0,3
3914,76.74690751441257,19.81497356562244,35.519410962083654,0,3
3915,53.04520733393784,35.919550181622974,67.5859900852193,0,2
3916,163.41746299673534,41.19613319318053,84.76308848153585,0,4
3917,165.97932060981915,24.304241940439056,57.55560228845085,1,4
3918,68.1734483664184,39.9124572256478,29.243140517687134,1,3
3919,213.56917509200565,24.961743788143323,87.06939455275597,1,4
3920,219.8742897508516,38.82773784708749,25.71176836812267,1,4
3921,6.293998450179994,17.09489588921177,57.73818985609605,1,0
3922,118.72731111669496,34.65728996012783,40.88618689257971,1,3
3923,267.0421923604863,35.31414241736388,94.90545250560676,1,4
3924,156.09558247315147,29.74277490242869,79.00345583588316,1,4
3925,104.28834043169827,35.61272591588133,65.31271863743362,1,3
3926,76.10284547853904,42.695510116615225,73.42043525514849,1,3
3927,73.00635597548468,37.01564474904684,62.61818102499924,1,3
3928,29.930410155241905,43.83888086953979,31.808075617552795,1,1
3929,245.16792572792764,28.458369415562156,76.72789439972306,1,4
3930,25.997221618251366,30.848721951118712,59.41391618155932,0,1
3931,87.68842975854474,22.912160917131203,70.74474170581873,1,3
3932,13.702721569905965,44.56805003402606,23.6161331181816,0,1
3933,234.41597091711012,16.65410205483817,31.36278340506025,0,4
3934,11.78510466803714,25.758612528504308,67.14963807455922,1,1
3935,92.49033116046252,23.930914943058387,56.75431224663595,0,3
3936,171.98921102599925,26.59535139384166,38.14989351629232,1,4
3937,122.86840808803316,42.53153581559597,39.26087364268439,0,3
3938,84.68132017473013,26.04113622205545,70.5326650044754,1,3
3939,82.55672172826249,42.509299581000015,24.71736215432592,0,3
3940,239.3370918018748,27.70016584989608,54.740667537885855,1,4
3941,292.19342852617353,40.64306307660625,61.84828037812875,0,4
3942,104.41232113463802,30.65250295502006,44.65140821938672,0,3
3943,11.743654082704955,24.340585302849448,85.6439862793869,1,1
3944,10.969733372732527,28.48049396903662,24.54156660550748,0,1
3945,227.76402456321543,27.731432369346106,89.26262281975607,1,4
3946,165.71094648273808,22.797421862566527,77.86103943102167,1,4
3947,235.07779722519916,23.6891618997572,55.70035031465575,0,4
3948,209.24910308657243,20.593617639331637,93.95739121700062,1,4
3949,272.25190477961894,25.08001671622825,76.17906371957734,0,4
3950,265.74728731398704,33.73217409747513,94.48362797272353,0,4
3951,236.4982186863532,26.59674506128893,57.80718235324529,1,4
3952,142.5567480126431,36.369696327788766,56.23784807963089,1,4
3953,92.43792228115574,44.6093450906386,62.4594105156943,0,3
3954,152.10803623339197,26.31303238453455,25.23413631886421,1,4
3955,150.62148219594707,28.87917642268851,92.6795401069309,1,4
3956,183.0826646668013,19.923304708442927,73.41736413134807,1,4
3957,55.829270334871225,26.76645857337948,69.40685423274948,0,2
3958,196.68596413349664,36.80497352372038,94.11708291764508,0,4
3959,136.98027726174473,21.52214399227389,99.49097420867092,0,4
3960,186.06144958225772,20.461621459656875,33.07147125267815,0,4
3961,71.8814468758637,26.29124620947575,79.91975879240188,1,3
3962,130.3184681632065,39.55948457153194,66.39561395907089,0,4
3963,63.06036433575608,33.7097156913445,56.87977508722237,1,2
3964,262.5915470270405,43.7273813275982,98.20900813177164,1,4
3965,146.38831351246128,42.13621304782876,88.02104089240905,1,4
3966,67.49442467214364,19.53411590469727,75.73999872747754,0,3
3967,12.362608722463886,16.27658323821644,50.61409337521116,1,1
3968,202.72159939606252,26.972842025842624,73.28326433237476,1,4
3969,64.39341419692671,30.662384364559188,62.535529884752286,1,2
3970,296.8746576956335,30.46711845656144,39.9494759794159,0,4
3971,160.11011202455148,19.02321803313166,56.03050585165393,1,4
3972,86.69309887440963,18.74452296463831,36.97695744813699,0,3
3973,197.3032301377891,16.40582267337611,60.033623456414766,1,4
3974,82.56597703142566,40.52579778166201,77.61904607560965,1,3
3975,246.08228817292397,43.43232414204536,22.93169790553032,0,4
3976,92.47081527898256,18.47055060653915,81.23037674549215,0,3
3977,296.4743197187728,21.393671056473348,21.599519360667465,1,4
3978,181.54343563358808,17.69588654204731,61.382216236746025,1,4
3979,253.323344682799,41.32506513422505,65.87813657201308,1,4
3980,21.844640873526664,43.76126200608723,80.89947677022326,1,1
3981,104.48982521585646,22.853897301626706,80.88230586726536,1,3
3982,221.2461258498449,24.107514898061247,53.39643566743249,0,4
3983,196.5177052021748,25.880090532388188,25.30980087187477,0,4
3984,58.27293643012733,30.07391278142194,75.48001222206537,0,2
3985,106.86087915291296,35.4738293593478,60.878880591393454,0,3
3986,79.03302224626228,30.131717497638725,46.64467653304812,0,3
3987,184.0110509285529,43.53004745028724,38.78990262023923,0,4
3988,103.37046883763249,17.99680375564496,29.58065704883806,0,3
3989,92.71627260010494,38.95816536825189,43.61139977668842,0,3
3990,62.21339413090251,25.03449272440413,56.67917001002344,0,2
3991,122.70813627439448,26.326430642596428,58.20873345434018,1,3
3992,58.65077705896608,36.26488331130676,66.6191145131829,1,2
3993,288.7708762132897,42.88131329623137,48.99748554832405,0,4
3994,46.35054344859102,36.486023356607305,93.59182953910371,0,2
3995,273.9914144876329,38.2758172613819,59.66956904660944,1,4
3996,128.5419294469746,37.523377264763965,53.89800320947644,0,4
3997,113.35979746851662,24.629358179511748,23.85343746811865,1,3
3998,69.39594027145465,37.70791299546744,67.9212065706307,1,3
3999,190.72690031025573,38.53562280659405,68.22951488533748,1,4
4000,205.6584045032509,31.002009619515384,66.66317040245625,1,4
4001,140.27128867572523,31.10268716000449,91.00775340865763,0,4
4002,16.71206870802724,37.79162409187451,81.03206660714321,0,1
4003,275.55304520656495,39.51092586673222,89.39244956739414,0,4
4004,294.0987398629144,25.115863260920115,24.753804552794456,1,4
4005,129.3130245635505,39.04686652725872,45.45011458038736,0,4
4006,184.09824222279812,39.42627020026234,45.49695549557637,1,4
4007,135.089587873124,22.02376922755738,72.5636046214896,1,4
4008,96.56389526583618,36.50852235950149,55.88920389636081,1,3
4009,23.195637857342287,20.59601765508475,82.19780826016334,1,1
4010,136.82031911918966,17.791473389643876,50.75444533245558,0,4
4011,245.51536690783544,32.23629036150683,37.7286061849927,1,4
4012,5.109438326401072,42.25956596350197,43.27608546354227,1,0
4013,174.63230495406668,16.063770705772896,34.59757809206515,1,4
4014,264.23163261800664,39.79504912784765,35.831415341032,1,4
4015,65.2648290043074,30.1941363211052,37.34711323445212,1,3
4016,54.97675940671866,40.8268634616369,21.28757692057796,1,2
4017,231.6829877105829,40.3043080551314,77.28704278100363,1,4
4018,76.52592933578799,41.25860414448866,51.968187381690846,0,3
4019,57.595280268194536,38.0662186442002,21.813706550546318,0,2
4020,113.39677517077052,40.28977063640985,49.60060355726722,1,3
4021,117.7506036810654,20.28075621603611,92.42945016923296,0,3
4022,262.2303189049698,24.115594466248247,60.89954535739558,0,4
4023,185.53304158010303,22.27458512421889,98.94016090770803,1,4
4024,121.7884369018768,37.272849111841815,63.19675455024449,1,3
4025,160.31638928573005,19.60929358101408,97.02391992408512,0,4
4026,286.1895699975822,20.466833711333656,36.14405830435302,0,4
4027,33.96440298296861,41.36894162165828,43.19478501754941,1,1
4028,62.31465651740743,36.17646578738514,75.99760881438091,1,2
4029,288.7586119759666,41.2613993375726,98.94572935995572,0,4
4030,287.1974545581612,19.18065774782072,86.02379288155008,1,4
4031,53.149626379431794,26.96941213683907,64.2964221340601,1,2
4032,43.53264513758946,23.49453510228953,26.812209148713222,0,2
4033,126.32554030158596,15.290432558389483,49.15032879998351,0,4
4034,14.915487746390731,23.535688813161205,26.91405604772725,1,1
4035,196.47105968554203,26.38749755933638,44.90250894932036,0,4
4036,23.24880649852265,17.766589117281356,40.703368053225965,1,1
4037,17.408888128284218,31.994626734804594,51.08442373093747,0,1
4038,145.55608086265477,26.495179874178994,86.98212719919351,1,4
4039,287.33599083303045,16.393849868326363,32.03013370483041,0,4
4040,128.03878081894788,36.1193659460393,44.485115908288606,0,4
4041,106.94434759816532,36.87839501523311,40.8893795457286,1,3
4042,299.3870146506858,40.03414328908305,43.69133177095263,0,4
4043,159.59068823375503,29.56621799600948,48.84987798456738,1,4
4044,112.57242206707456,44.059763920035294,39.54493999469108,1,3
4045,115.75824400248057,42.42192433597369,95.40650177784984,0,3
4046,58.48784881005314,31.540548753003947,53.60813711301237,1,2
4047,153.6669172342617,28.34855793208252,29.12906121578145,0,4
4048,131.65650845040173,15.091032837087685,57.41268880218567,0,4
4049,81.23858890422402,36.32983595217701,34.7545521489087,0,3
4050,48.162025980527936,31.94863512149073,37.2904514001056,1,2
4051,93.37166060026613,43.126324364582416,42.803313411586615,1,3
4052,152.60499830631878,32.82696375723732,29.980788482075734,0,4
4053,17.499981685440503,44.7856828167819,77.6895146064,1,1
4054,46.1232085751868,40.61457815589871,83.35571797849991,0,2
4055,284.2971800907286,43.6079380744486,51.542793753248006,1,4
4056,162.8566053094017,24.829883138551168,75.11940315468362,0,4
4057,19.03479109801136,19.480079843017997,51.11634321365565,1,1
4058,207.9263276308719,38.90616341385376,33.12618589090911,0,4
4059,18.54086102371042,38.58591308907397,51.77344490650227,1,1
4060,221.6622681139119,21.34346818216689,64.55899163853115,1,4
4061,224.9888165160081,37.942339624047385,23.279545126151117,1,4
4062,195.3236927247758,32.459200741242185,72.3587512545896,1,4
4063,219.6613633858049,18.28575434705019,79.40863752038284,0,4
4064,26.38973430391732,30.05350792710626,88.7976206166849,1,1
4065,218.0341657065803,42.93414002516035,28.22164481994456,0,4
4066,41.00649591716488,30.193726363356863,20.00748750866179,0,2
4067,101.85177218155314,38.66096968660416,25.861309521772988,0,3
4068,282.82357605018984,15.867299599258695,93.92934430288864,0,4
4069,150.86264329774204,36.84244238587781,81.24445768330088,1,4
4070,290.22792962490416,43.40512158412432,86.83485174089336,1,4
4071,26.676737666021268,29.985833546788072,61.36110377327778,1,1
4072,143.26697986895402,25.131297390767596,62.13758996511003,0,4
4073,18.720696083061195,34.39951514660692,43.88044718713476,0,1
4074,189.06307871978544,42.48783645279658,87.4202441574531,1,4
4075,23.61210041055492,20.303089516000288,86.38156664670275,1,1
4076,52.6103407621132,27.110826300681293,51.37370765777292,0,2
4077,77.64909302078415,19.68870842945524,46.34136563771791,0,3
4078,224.62315549934496,29.899626966596784,79.06986170024199,1,4
4079,49.18863564542243,31.21266039091677,22.0934510670347,1,2
4080,253.98961598792036,43.32610844164981,88.79591188147103,1,4
4081,39.57118164924026,27.375454613028825,55.69983914513383,0,2
4082,10.5733347210469,32.008698406190945,55.30753972342887,1,1
4083,118.51362569090035,41.557877221624565,73.52622779099157,0,3
4084,293.83249259138853,24.64215000528476,71.65994882484252,0,4
4085,33.102668336633165,35.2249160690277,41.27792528450934,0,1
4086,30.515533211888712,37.71485546466289,95.46228836112772,0,1
4087,225.3499532386872,24.91584704061028,98.90639834661243,0,4
4088,93.6485081980696,19.93023556591933,62.079121143694806,1,3
4089,215.18448516771508,30.0872862570682,64.91046385362776,0,4
4090,60.00317683300901,25.70405190399905,64.34543707388988,0,2
4091,138.0215982594489,22.99387295376642,58.86299265426088,1,4
4092,79.58696332467537,44.20263932082315,95.61496429422604,0,3
4093,135.45846446372607,30.064590561046,39.58019591819298,1,4
4094,230.72912777559117,40.69433081530271,28.636654100431123,0,4
4095,228.6029821432985,20.859522316300776,94.3637827459865,1,4
4096,154.73168630211708,43.18328294697392,37.04306513689222,1,4
4097,278.51155311631527,38.83294303707065,79.93242828336687,1,4
4098,79.13523073448219,39.26076468567428,36.30986473856921,0,3
4099,72.09340533576992,26.692946255877857,96.81488124978873,1,3
4100,184.1419203526301,29.569109792330583,83.28974162698475,1,4
4101,186.38911026503672,32.800629776960406,93.49745376918872,0,4
4102,13.962011869492198,38.69296608615194,96.07878560893272,0,1
4103,182.33331371606928,40.47170256181313,26.753950741519983,0,4
4104,112.33084720470433,17.341359280558034,54.6711084659958,0,3
4105,224.23275759616772,42.12187162599523,71.84802696226475,1,4
4106,242.43169936358183,43.12489957512783,84.19648833009846,1,4
4107,165.64614586411096,32.78662213070356,39.317739553152194,0,4
4108,0.5115094506795259,20.602518397647177,93.16838875114308,1,0
4109,190.9097430499926,39.552444981104685,37.67810632785077,0,4
4110,224.6643838997803,31.45762843648797,89.29411212325493,1,4
4111,74.69497986945427,39.51589361149139,61.0170063731352,1,3
4112,139.39380034223663,39.4442437976795,61.233773749615175,1,4
4113,289.71798702353647,17.601879470573774,49.92044923855929,0,4
4114,89.43466601823104,33.21064285111992,28.28041851349524,1,3
4115,66.94597531252224,29.49432897806164,47.76720504956305,1,3
4116,63.25643714340304,43.38358409998553,54.13893719859784,0,2
4117,167.64025030619888,23.899238757761893,58.32168452423765,1,4
4118,284.93613039240194,21.18000318572775,79.12762323281068,1,4
4119,182.6070387601064,41.91260568057464,48.16560883720469,0,4
4120,90.99693607129798,19.46146706700314,52.52742882511892,0,3
4121,191.57093342023623,35.59558376173385,92.48788818576956,0,4
4122,187.45268927933623,24.000594415254326,80.20538357068764,1,4
4123,179.07754071889627,32.035372664924324,21.828461560303325,0,4
4124,47.8278620664906,33.48658298523783,84.967100617843,0,2
4125,190.37003980349823,27.521078458739,99.19551394802876,0,4
4126,129.0493357543499,44.24894940711288,95.18141930942576,1,4
4127,5.57761758691001,18.95499504254937,86.87647195968718,1,0
4128,161.92934614424854,26.741972671102708,70.33389978698138,0,4
4129,296.7800235655253,27.911859806229472,42.25536977322088,1,4
4130,104.92187725319506,33.93140846988545,72.35444891040771,1,3
4131,289.66776549559745,27.21779274583557,75.64739767006915,1,4
4132,28.861722498778363,17.911080341164897,42.52465288245365,0,1
4133,219.7350347601919,43.42289994542479,40.42636995267517,1,4
4134,34.2989983988506,27.48237244916057,51.75390872738163,0,1
4135,82.07147206658225,25.28021181651218,71.29175752268281,0,3
4136,171.2522505966373,28.40166372522014,43.44498154258992,1,4
4137,177.83390819302468,21.497870463867677,64.4533217742827,1,4
4138,232.56339517025137,18.006650540059525,91.93899214833462,1,4
4139,184.59342216823177,19.45735437326588,43.60802599033996,0,4
4140,178.08441131416822,19.999644810106787,97.27789889020092,1,4
4141,273.7059260967415,20.930203146476853,57.86783829385725,1,4
4142,135.64822566274717,27.59880636678577,28.072667011671516,1,4
4143,67.5797336085165,33.716978071324604,24.403151498365894,0,3
4144,48.53657550708908,33.866635140801975,47.09396114394521,0,2
4145,119.99837904284992,15.002927086857806,40.70071653838984,0,3
4146,213.82582655810876,42.628730006952,87.49706617626018,1,4
4147,12.76304547897027,39.68541541596965,79.01107371335652,0,1
4148,38.71601595282184,43.9181411830812,90.76370294960466,0,2
4149,31.834038031091826,25.799590341905784,67.14027985694958,1,1
4150,175.57504591543764,34.943978300681906,54.83657980724005,0,4
4151,72.85939515937989,20.040622477682916,41.64543424685896,1,3
4152,49.87782849041895,39.51099081661008,66.64870675385998,0,2
4153,177.8312159229067,19.841031688631062,69.44198225889224,1,4
4154,228.39297463571376,24.77957102423249,51.43580509934933,1,4
4155,99.64647493579932,29.7250456784095,94.9276337461912,0,3
4156,173.46138170297883,32.83595006558251,71.19636706796126,1,4
4157,29.437323959838057,31.788990728601945,86.99849604812263,0,1
4158,280.557309137271,18.06288035129992,69.63125978951649,1,4
4159,101.06885559443184,27.65028008591553,45.32294282653639,0,3
4160,299.2517079520504,42.68727792617467,78.92953263029601,0,4
4161,293.5763267549346,41.17105583255555,38.42036247069319,1,4
4162,233.64703480074343,32.7235056976392,67.72874919988867,1,4
4163,6.020128622090015,32.16973726360804,52.18930744155215,1,0
4164,163.042476115309,18.350255479479905,31.99078950434961,0,4
4165,26.05092613200345,21.0077835693091,53.05924604223143,1,1
4166,268.5414077884548,22.57919227812288,44.82246635632716,0,4
4167,236.89087579422088,29.64587185571417,28.977766536673712,1,4
4168,291.70211297870486,36.940681442871565,85.90625829278869,1,4
4169,182.5148859449386,28.821760668127745,59.886604514766624,1,4
4170,156.6518413453014,18.781831255121933,47.70850178171364,1,4
4171,155.69215678331628,28.180466310341416,60.39713997623607,1,4
4172,115.93451233630348,19.87899761246665,80.36664940067652,1,3
4173,140.60702016874228,37.534420550786535,21.463631457539964,0,4
4174,190.6237749406051,19.99502581213737,63.74014084588968,0,4
4175,279.88428226688313,29.4760196863337,58.33206266271743,1,4
4176,178.76530147680933,35.80240807983279,91.44561532120588,1,4
4177,257.13478269521016,21.845941918356257,64.47773270302511,1,4
4178,258.8339733907502,17.280903229119794,30.985827403125388,0,4
4179,155.64980275447778,31.898984282242463,51.09465722281122,0,4
4180,104.24089244928648,16.626079905131775,69.68554976420684,0,3
4181,191.87216199962432,32.63305928904504,23.67470456446279,0,4
4182,133.76320257445283,37.60495612758604,90.77192779180906,0,4
4183,24.43226019657987,24.8794797501692,25.422587257036344,0,1
4184,113.3427301297301,29.650482272420764,22.44729022770988,1,3
4185,298.2216414147975,42.8628551467484,20.16124592801762,1,4
4186,14.553561007886165,29.13326592526657,74.69955933062838,1,1
4187,209.000073570278,44.89662184180166,56.47360697781345,0,4
4188,252.35661152137413,19.710072340730186,28.225415538328065,1,4
4189,194.6177710426136,36.26801707449867,88.49668181244488,1,4
4190,170.924469348987,34.57855794591762,36.217621927392514,1,4
4191,212.26632509362727,41.169144405789815,46.10593271768553,0,4
4192,128.8028211898967,17.773296359716223,34.217717907862166,0,4
4193,27.408521192663027,23.4061977450545,94.14050381780856,0,1
4194,288.71152629101454,18.965376772810057,80.64534265376287,0,4
4195,129.69023099525882,42.99285366815764,77.9162717315418,1,4
4196,199.61677115040527,27.799059739357716,23.519682405823453,1,4
4197,159.39313106678858,42.30197536605208,61.816136339149246,0,4
4198,16.401921593266366,23.832209830764683,66.03619493957923,0,1
4199,285.8239802977615,18.79104304084956,50.6016672066146,1,4
4200,237.761167834297,23.89611818958049,45.74050002381179,1,4
4201,44.72936834081848,32.915230779841465,88.15542881750294,1,2
4202,294.49466288648006,40.35697775353773,21.841327308362565,1,4
4203,221.0704116515124,26.561720796749903,70.02838786216535,0,4
4204,141.69649512849267,42.44425977760453,51.53975311662133,0,4
4205,183.411016967872,22.32696179033786,73.27605449146323,1,4
4206,32.02100460437926,35.806220619113006,35.83340366360294,0,1
4207,168.12345300468328,37.071400514468166,39.09274837029503,0,4
4208,22.09832160511782,23.21888757991848,66.94830453414409,0,1
4209,163.45657713579058,15.809096349015825,98.3950837028641,1,4
4210,165.80870662883564,25.95712026152266,97.97468663890538,0,4
4211,262.3316355482232,16.355884419184083,39.91847870485486,1,4
4212,217.5172500816882,42.022613262065335,28.188082426056845,1,4
4213,74.865717664536,43.60575788802174,67.22745903439974,0,3
4214,266.52784265635705,37.061397478380016,53.598608645890266,1,4
4215,171.97279945440172,36.80053755941502,80.93493703765972,1,4
4216,181.9138435722101,22.22678008235192,62.238698022279934,1,4
4217,50.6944107666535,17.21776729674254,60.846944479651285,1,2
4218,257.33207879073416,39.0631390758275,71.71678945766553,0,4
4219,279.2895345049632,31.774857946601028,30.113475587918728,1,4
4220,232.49719484847245,35.448825923615246,74.17293837332541,1,4
4221,282.2257357935018,38.3892320425869,59.08157605243629,0,4
4222,90.68997123670376,27.283028068568065,85.6117652507554,1,3
4223,258.3357505088313,19.336397699349533,31.096546696385477,1,4
4224,146.66794285912275,38.85110398088686,44.05976392931231,0,4
4225,49.17516088307548,28.61296917685222,96.01970992124194,0,2
4226,200.6401797100204,39.807726925677976,64.2458303432017,1,4
4227,205.2360812117637,28.130974402800383,94.3440799803192,1,4
4228,86.07735412700704,21.510492253719185,75.1228082489503,0,3
4229,8.247999488271018,20.13015049961347,94.11450919481008,0,1
4230,59.954177725669,37.31765269677504,45.4261027488384,0,2
4231,119.93326430216602,32.24667368381991,27.242700669532574,1,3
4232,50.26887331796056,27.138087013940595,84.17934119184791,1,2
4233,58.20898447188125,29.76350268573996,84.35750019698693,1,2
4234,117.41719931468086,31.4891581585962,69.50614357138515,1,3
4235,288.5359842925681,22.18249325477388,66.36561625294658,0,4
4236,229.2730546222945,26.34496739093068,93.19265365410271,1,4
4237,95.92452036796924,23.77234395329205,34.11987736172247,0,3
4238,285.4812206755645,26.65271540236882,69.32303770966136,1,4
4239,193.6940376776198,30.016866405537144,23.98164886577685,1,4
4240,136.63489339204204,20.200726171630976,31.26919494061033,1,4
4241,140.49005968654413,26.80545187946664,54.981787875463965,0,4
4242,123.22334035061756,26.564833299207702,85.69658955107327,0,3
4243,69.8976157637819,23.580114505267883,78.65061526000474,1,3
4244,115.98965766411172,44.95488974407356,97.92515128367955,1,3
4245,158.36891521301777,17.208825269828743,23.587891877591936,0,4
4246,158.4082052190663,34.28853417857208,50.5081775060988,0,4
4247,228.5210706637554,20.23315819609307,32.70326412601287,1,4
4248,107.63935714720576,40.18571967855547,22.956902723960138,0,3
4249,215.0394087911857,42.425896080279024,41.15180450355798,0,4
4250,173.4275516306054,27.044339478268768,39.55774753497731,1,4
4251,288.55362135805035,39.704353482621286,53.60221747697534,0,4
4252,115.5854778101948,22.49728348050181,31.20649663204745,0,3
4253,270.3649392782371,19.20205521987785,59.0854063380894,1,4
4254,246.19276418948684,24.47634799207833,93.60786618513936,1,4
4255,191.29928537683708,25.250220416731416,79.8551145278652,1,4
4256,196.3543400226352,26.920726343567367,87.37418635946133,1,4
4257,25.394980381923205,26.18876825873456,84.37828746572266,0,1
4258,285.06738167802973,27.33433358551512,51.17010691525073,0,4
4259,32.08081904872317,36.3010009741539,76.71688290382681,0,1
4260,168.96999262305212,22.367403985972057,80.3404991538398,0,4
4261,99.02124013474636,15.55726787295365,36.45184845593885,1,3
4262,128.95559348695554,29.69041654143815,88.82098932958186,0,4
4263,183.05490325104512,28.44873732614592,56.61979188178108,1,4
4264,272.65541336469647,16.801949695302913,21.308779160750756,1,4
4265,137.27013707169044,19.01404204504241,71.47072868910803,0,4
4266,296.3188665919324,30.297626840546812,74.1410473534372,1,4
4267,177.84361960544993,22.042522800587378,64.14098373414666,0,4
4268,48.16618279265234,41.32794882424341,36.99322406777252,0,2
4269,57.002788449375686,20.19877459378485,58.582242188485225,0,2
4270,214.8333106767753,15.603678955455488,52.01019601964057,1,4
4271,15.119338273014527,28.42691308173181,97.97488590751406,1,1
4272,144.10247286666805,44.58489331824767,85.97427478047504,1,4
4273,44.46573294105498,34.01617578919429,80.95196840697719,0,2
4274,129.9655905533535,25.62089163785773,34.48589624001305,1,4
4275,224.97522662151584,15.50604034403575,46.48320139369733,0,4
4276,137.64387847243026,29.548453192266805,50.37694684553762,0,4
4277,49.03533269427809,21.193980064152907,59.41020258403836,1,2
4278,75.57761110699272,34.43262256339938,22.41796096523771,0,3
4279,110.26187659565473,32.49025481193904,67.44073824597211,1,3
4280,20.86835504592441,22.95641326161555,48.62852351776851,1,1
4281,175.30129082433658,17.06648202656015,64.9341716340732,0,4
4282,182.26013738341504,37.65057594121004,20.718270740536557,0,4
4283,18.64557813977024,32.56392283778827,45.71465111980189,0,1
4284,120.6933963522486,40.26378748525885,81.49328448103911,1,3
4285,124.20020486541748,22.79400046910149,60.08652420216321,1,3
4286,100.14587056578036,34.58586194341236,83.11098626765106,1,3
4287,167.32192209933356,18.56041501586055,75.91683140139094,0,4
4288,103.78724701803354,23.754297237505316,88.39364601207816,0,3
4289,124.92278384334182,34.69617335632108,20.59548708417389,1,4
4290,239.25706423248167,39.76743915434379,40.90603934755151,0,4
4291,48.63280662906043,24.627765052300404,63.90413812808652,0,2
4292,185.73440859102627,38.96560669669503,95.2814461321746,1,4
4293,151.67832050725366,35.332573808198475,74.38321441060313,0,4
4294,91.52149124380472,25.460243145227995,56.52710290254788,0,3
4295,218.2603969471232,41.29190813233318,30.411306440614645,0,4
4296,165.3565078623444,30.276871981062936,59.45722838059618,1,4
4297,143.2084580882086,34.44740467638247,55.2869577964853,1,4
4298,200.30079443136003,29.86894025710441,82.27546197509615,1,4
4299,240.68709239440824,28.58159881472304,53.06789123972385,0,4
4300,291.8006370100729,40.43933151716569,45.50704598666664,0,4
4301,188.80511051291205,23.84113245115877,27.17757459750567,1,4
4302,262.33199562011487,16.09887667091174,23.720085114029345,0,4
4303,0.327462306887083,41.39347930634884,55.13075420179016,0,0
4304,159.07070781776736,39.75071859153549,47.748958360174775,0,4
4305,64.39426463105943,25.99681423708838,64.42593356102873,0,2
4306,28.25773712494115,20.563534161156337,76.95427496920544,1,1
4307,159.59130511931764,35.266009291454125,23.20054508590424,1,4
4308,224.04795184472823,17.36282710906918,59.69736877622523,1,4
4309,123.68175674231392,27.712642666164257,88.95775153455837,1,3
4310,201.03223480333045,17.575869646200935,56.41332689122627,0,4
4311,146.915776152285,32.937290259862884,61.69937687606195,1,4
4312,131.1257597878278,15.8162515142889,58.94334725733408,0,4
4313,87.07699213075819,33.87715126902935,51.183433478672825,1,3
4314,114.77805435030136,35.1961671986819,28.809561913869796,1,3
4315,104.93868923832837,29.61433423875453,30.10849725460213,0,3
4316,193.85615520446444,20.250219878928355,34.32713933901547,0,4
4317,34.80555338374186,18.041818158816216,83.40517127181239,1,1
4318,27.7909106063418,24.3987704441101,42.02658404493705,1,1
4319,198.0038982625381,28.95620038800037,95.84990254203284,1,4
4320,163.88942096366424,34.266249505345336,84.81361332293032,1,4
4321,129.06002902279727,15.037503825554989,74.7632534558945,0,4
4322,45.73286532237106,36.33191757706089,77.63149035165921,1,2
4323,123.30813356079344,36.38135796375829,23.810576694268093,0,3
4324,236.9195289960035,28.336134194775,65.47114935892361,1,4
4325,266.8863707367771,25.302193372438552,95.28455279373838,0,4
4326,210.77297098926604,40.26925694011076,23.128814671400715,0,4
4327,17.973652764264248,38.53762446093684,43.28132148108321,1,1
4328,201.1229329803356,44.49828265553172,24.12091937071483,1,4
4329,72.29567686388837,26.15792416016856,65.57932622929324,1,3
4330,94.57537290792152,42.20497814571295,29.29605017364232,1,3
4331,58.76196238799536,17.62205657678857,58.34001249795193,0,2
4332,232.72673718606137,27.343981987525567,77.59595494300358,0,4
4333,194.5806367911837,28.96122356245977,33.155082794837405,0,4
4334,183.55051637975427,28.226229486103747,80.42915496626166,1,4
4335,200.39178290078283,33.75294565293371,24.816356955991896,1,4
4336,71.03167842117102,20.106235165145065,31.96995842055973,0,3
4337,133.39332429760847,40.99356515178757,42.40882905457788,0,4
4338,189.9761164646968,31.55292055618918,83.68792539296697,0,4
4339,190.97820828549013,42.126286440397934,88.01095112987207,1,4
4340,237.5555588265392,15.078949320644542,37.63038514929897,0,4
4341,86.13119000643317,33.899643407789895,27.66270604203969,1,3
4342,231.10083650904676,27.373735405644982,87.83630258778012,1,4
4343,132.0553441850807,30.152971852483724,71.94939500176856,0,4
4344,201.05180761768045,37.31413532340856,32.62843491189451,0,4
4345,136.71581401958605,21.814552450100688,64.6173428120602,0,4
4346,284.58305093728296,21.14698305643164,89.7897146308428,0,4
4347,53.79067942249334,36.090234532114295,25.56119536414104,1,2
4348,202.50152657470716,30.640972768325405,26.697698691862417,0,4
4349,172.96050023044768,22.00917294185071,41.88862085300545,1,4
4350,51.81931228432338,29.52055904008246,72.18098604789253,1,2
4351,19.80190074350038,28.786752173314788,34.24068075764788,0,1
4352,239.74331669149907,35.74333282245935,85.30937634537315,1,4
4353,47.23540009387956,15.079833108578384,80.03441414359682,1,2
4354,55.9520048357328,32.60280797314449,64.88038829023844,0,2
4355,293.5302671967118,33.170344515368264,29.285416349627454,0,4
4356,215.17825544298924,37.3653041156376,99.05758626497582,1,4
4357,75.14605248036675,41.67691398106347,59.202690365026,1,3
4358,177.28468804548038,28.205693913350665,56.16585182938237,0,4
4359,160.233551520754,25.27560672926653,99.64552637338524,0,4
4360,253.3419802541543,18.069611325338588,89.10946107770688,0,4
4361,218.7962243497873,25.10507534679699,56.5094187225185,1,4
4362,249.5163376479557,17.05453993333223,53.504238874901766,0,4
4363,63.45197639320873,39.084606160243645,27.67275060535889,1,2
4364,192.06576131010155,39.2101844353751,94.12093971112635,1,4
4365,12.072257525514097,27.517129718843343,87.50198781753583,1,1
4366,20.68218368376603,22.789237016294727,44.80019943039287,0,1
4367,214.0581098113792,18.540602263568157,80.26570300550219,1,4
4368,7.326030793179406,40.53711498065539,81.01835410191394,1,0
4369,173.92950267015277,41.32485835156216,38.2328573781292,0,4
4370,252.12152953335905,22.98868843769442,69.09243759509465,0,4
4371,113.98254252540858,33.65281645403291,40.402304272976906,0,3
4372,13.452131051973836,22.75960994371166,83.19088415487292,1,1
4373,214.15423488861805,21.753798814307363,32.30477619863312,0,4
4374,278.90593573924525,15.63624151894246,73.51247989498219,1,4
4375,215.15141761748035,32.31478252758188,46.0809369321409,0,4
4376,173.53417290083257,19.49824629556672,22.89456460282148,1,4
4377,69.00864896371802,15.371135486007958,29.89637153687145,0,3
4378,4.612687213349098,18.14553493010452,72.39193105468752,0,0
4379,208.401632543716,24.413075747634416,39.19314425775859,0,4
4380,69.30785275328789,35.074895703351345,70.48282980677372,1,3
4381,257.44880315470726,21.078691599963754,53.18577328010296,0,4
4382,139.9092356497834,41.62771687595016,75.41707711009974,1,4
4383,159.19067471173688,23.6546523114885,59.43588977483841,0,4
4384,226.18096327991,24.936788682709494,44.68376777289368,0,4
4385,233.82918234100296,21.53931539855932,31.665534388608148,1,4
4386,192.79524992417043,22.61416011215515,47.287860193702414,0,4
4387,281.5295446238229,17.224053436594254,70.79152623414025,1,4
4388,294.6895308961258,23.843117361485685,79.23788041579483,0,4
4389,284.06563331238505,40.78852378801869,32.827173987199245,0,4
4390,247.25375560318307,35.6527362418684,73.14179271104936,0,4
4391,211.68756607327543,41.2580461159685,34.34236077212098,0,4
4392,198.99775736450027,18.145770431380697,37.74554747919868,0,4
4393,31.12505307616017,28.66849892526477,62.5053792224012,1,1
4394,81.44530404573375,21.87764618940345,43.13618415808598,0,3
4395,1.7064670588131103,36.63646771668444,72.92763529891891,0,0
4396,41.22296107019756,44.10713474177672,96.46212993932306,1,2
4397,131.7688431507565,39.46078437150864,31.91137610699154,0,4
4398,43.960965236722,16.058345002530192,65.64086658475333,1,2
4399,270.49902440302736,24.499790839327027,93.86393461385542,1,4
4400,241.70975560058457,15.857390713515706,34.12231813212899,0,4
4401,21.483573626855467,16.205009007929565,49.34807227078865,1,1
4402,74.67411464017981,17.385459124932417,29.889346799182974,0,3
4403,245.72156538345263,23.289807869116856,71.36301746511587,1,4
4404,240.91383796796205,24.12608302914393,73.5314342155761,0,4
4405,283.6351650353366,27.013605397046646,73.13458555485097,0,4
4406,299.26432848520807,27.14793283398888,63.370163869067625,0,4
4407,292.88101897233656,38.14227035529543,79.70086942382177,1,4
4408,123.04139571643243,19.242097307366997,22.87018371039838,1,3
4409,75.09853314060967,19.73221847412773,96.60107899562448,1,3
4410,227.52305712811875,33.797671550167024,37.76769663434828,0,4
4411,89.78186782320924,32.1522645657749,29.724957495339478,1,3
4412,241.9201080393989,19.620141164463373,95.29088343535452,1,4
4413,160.18641911937732,40.56793280561757,86.43495330892665,1,4
4414,238.17818257048617,24.871782423036223,81.18963354333441,1,4
4415,82.76396391510313,26.009020456334586,28.37965671511853,1,3
4416,152.40819466614624,27.61380242503765,84.60233709409326,0,4
4417,169.2071380806546,24.681056122168076,68.72188184078261,1,4
4418,282.9324203160396,31.723651568178795,78.5526888809476,0,4
4419,79.97927304912518,26.659431694745955,98.2456223854714,1,3
4420,281.0064717854684,22.78304177835863,35.55529416944002,1,4
4421,241.45767463971475,42.13424603132323,60.35055686548241,1,4
4422,219.26821622600855,24.250522204204643,80.2681557167292,0,4
4423,236.06108075553755,35.95466776406465,54.692508061735865,0,4
4424,181.6275137640171,25.416803110706887,24.37224663345668,0,4
4425,73.22400313874576,28.05659960632416,28.91511191004169,0,3
4426,56.84849065195582,22.07830570203995,68.16735780364982,0,2
4427,259.9024307551172,37.569888581617626,42.800331711260526,1,4
4428,217.54182077874995,37.11609754278759,31.027251784207472,0,4
4429,63.96128482828472,15.667198374243004,47.1913598019666,0,2
4430,184.5280097623205,16.805821209038754,36.07847456358285,1,4
4431,134.26394442426715,42.67129364234819,21.91515732598195,0,4
4432,47.59655098892818,41.664805417135526,32.14511908537329,1,2
4433,159.55713280714932,30.18261578335591,90.6462368734138,0,4
4434,84.45572773992518,29.80072174675009,20.962982600217288,0,3
4435,28.873237247271465,39.372725231513776,81.90802428752765,0,1
4436,140.08748956362325,19.153504406546368,80.27688846972669,0,4
4437,177.03256562806854,34.61097364037877,65.13901506871915,1,4
4438,14.071923114345154,29.279489834617785,36.67582125666965,0,1
4439,120.62782482329904,37.29993087946869,90.24473794401854,0,3
4440,77.29857595100559,15.903083739359714,58.00604550351545,0,3
4441,9.195177212169725,32.78176649171816,33.85649832381883,0,1
4442,37.698764883451744,31.70184645646673,54.321807399138095,1,2
4443,41.71024764551326,40.22544988767556,35.59337821954021,1,2
4444,54.86227443539134,35.30508892665084,50.08062729039396,1,2
4445,241.01327143137635,41.40481075186913,59.73502168080962,0,4
4446,131.84755994344175,41.61819964927677,48.792071176164,0,4
4447,44.12579768111606,27.244920026991537,72.56354192581608,0,2
4448,30.089090078366777,19.1230240125544,94.87342432707509,0,1
4449,89.38213761871172,33.90850967466564,47.85194781175708,0,3
4450,239.4046556113357,41.21238295225531,48.459161106918856,0,4
4451,109.33795438189304,17.248600325842823,79.06419764818123,1,3
4452,47.96920808818143,31.737698192539924,62.44727452168678,1,2
4453,121.23485446384798,18.44998579979472,54.30715516965929,1,3
4454,166.59346718611724,15.80987975265606,85.1046550765202,0,4
4455,8.875255091404155,35.389060618225,91.2828853753129,1,1
4456,188.29254043205196,35.45548835616492,67.2469284837747,0,4
4457,118.5302259044368,33.019741349890865,34.808261820440485,0,3
4458,2.917762539358315,40.77668411705392,57.30287112015823,0,0
4459,202.16681968391427,17.42629319380435,60.34965297185074,1,4
4460,213.71629066879444,18.15780785096278,54.57658856886876,1,4
4461,188.65193656760485,40.93606313938342,40.994550309230746,0,4
4462,102.57906527952667,30.09830159658789,57.78574461790836,0,3
4463,158.88145621978833,23.19158426514712,55.72369216781517,0,4
4464,116.1473118400306,37.14470933955862,36.759481916155096,1,3
4465,210.18651904790832,41.83211167813207,92.2744521868852,0,4
4466,175.0740558701066,35.68809858608887,90.82727606779744,0,4
4467,24.539734148234928,38.75797790035347,80.76931427604718,1,1
4468,192.92806746569923,23.47491720585577,52.07572620898251,1,4
4469,206.17152430134047,23.66326078231627,49.62735263137085,1,4
4470,111.21065418440982,40.923716410638974,77.31723019167717,1,3
4471,262.7357342879113,33.44588545965646,68.64953880024551,1,4
4472,252.9043064534888,22.02488255021209,68.04786591574063,1,4
4473,52.54995716992136,30.724854463866365,29.92892219958853,1,2
4474,271.27989254576056,35.57581414416748,69.46270242363587,0,4
4475,132.26171144852324,21.55647243752364,92.14904088986926,1,4
4476,217.124895790288,34.64719224623208,26.865317653634676,1,4
4477,244.2291020901708,16.264345494533032,47.133703925662985,1,4
4478,151.53372632090696,24.11074869012484,60.72114331576579,0,4
4479,119.73058181124472,35.219154351783445,74.88075958651896,1,3
4480,274.6354105845295,19.480471964697045,27.170794364500097,0,4
4481,69.25606588062696,21.66597091927497,89.82449546310754,1,3
4482,77.09102331574334,41.37279871075168,23.243649632652115,1,3
4483,108.48609420403112,35.22963298294825,88.6151733445794,1,3
4484,257.83973339116966,29.967561307700212,22.21214046922041,1,4
4485,281.63647926392275,21.326801763823568,32.281864346188456,1,4
4486,66.02031442645855,25.24228969746774,84.02590617229387,0,3
4487,259.1610442893736,32.229914948620774,88.81315497630227,1,4
4488,77.46088784057079,19.65937781714005,98.58126634289803,0,3
4489,291.1923740249664,29.452322396945668,29.257186267494014,0,4
4490,179.2223675944747,27.26923182414067,62.11608928725053,1,4
4491,2.1259402342147182,29.300620242828547,26.172466123175244,1,0
4492,10.238971221353363,18.166824638408983,32.512610077107965,1,1
4493,44.245359241412544,18.19491261135086,33.95950863250906,0,2
4494,56.27194734562701,43.92332858238965,25.071060116726837,1,2
4495,230.285736847979,44.38103201174306,91.43838447426695,1,4
4496,66.82976292508496,27.78493973735455,30.108441441148788,1,3
4497,290.74248601495793,38.66986360952512,70.3472674409859,0,4
4498,190.8336171608815,34.67374280769231,70.0597651650513,1,4
4499,207.75525277605533,18.50750563855167,35.891616429296974,1,4
4500,65.34495578556225,23.90035972004093,99.8729008988625,0,3
4501,267.81189422852543,24.409542259335616,47.7894218556709,1,4
4502,200.34437184597945,32.873233045776715,92.40754967707156,0,4
4503,259.3216873025592,32.3993013694341,95.8627785802996,1,4
4504,286.9443291693681,42.70526081108267,95.91910514397571,1,4
4505,37.69229313287893,38.70108941928822,80.22700700813783,1,2
4506,28.9761690806837,40.70542993808921,40.30440042495864,0,1
4507,241.02234797689076,41.73685840833028,29.65242814482064,1,4
4508,259.8378177282511,39.038300176649415,65.59079817233774,1,4
4509,175.1284262633957,24.986437831713232,48.80313048776084,1,4
4510,109.80016432515616,21.450389140035,86.48312094553796,1,3
4511,195.7888908225671,32.15302014063141,79.59920420934012,0,4
4512,91.6992217777372,35.68704949359956,42.11746369387293,0,3
4513,71.51570764604045,26.59703906889497,21.3612186951783,0,3
4514,146.44356285817963,40.45015949893531,38.98526071607296,1,4
4515,64.84614828191391,43.8169977845395,65.36924673938131,1,3
4516,145.11108249455188,32.081871784120565,26.31979777700753,1,4
4517,286.9819516390716,28.697761866486548,72.66180797732919,0,4
4518,251.93521068521716,40.286613508275536,73.73570278178398,1,4
4519,282.4892758500067,15.7280864096816,33.551513788790324,0,4
4520,241.8986924542076,18.870378475027444,67.70545872683446,0,4
4521,106.425280783883,40.36972977018803,68.5577142368987,0,3
4522,243.6135715654677,36.960857569439774,58.23825170832432,0,4
4523,276.8747230659642,27.48410094612978,96.25966460230993,0,4
4524,284.1107363511163,41.66555573173216,28.653054423879965,0,4
4525,204.95935520549912,25.543748629361613,52.53005349623359,1,4
4526,63.40999314453395,34.01536073600752,90.63366178025288,1,2
4527,11.918746009407254,34.030034109777475,50.90512139676875,0,1
4528,44.16006844804673,20.529956778427085,53.9711687204268,0,2
4529,289.6640753681836,23.545552084921734,73.46191043495622,0,4
4530,138.62904725783082,42.48020768088257,73.24508396636655,1,4
4531,256.49580444961725,20.50244561380251,21.83215667510123,1,4
4532,139.51324606748733,20.207238655428736,56.4557940890363,0,4
4533,198.24527503795184,29.38846421201622,46.68094757587276,0,4
4534,7.242233136700094,17.76592104713523,70.2156197717429,1,0
4535,74.95948281581003,41.838785669531205,64.45618525562172,0,3
4536,130.8807840127768,18.004474149374133,72.06893016909582,0,4
4537,189.18931414624896,33.49672430522384,72.30139092048032,0,4
4538,51.45635641595355,25.193455693359542,40.38974890461069,0,2
4539,229.36543928114705,39.12818656413101,39.71718116553479,1,4
4540,109.3214118408712,32.694322373026154,49.62259160185226,0,3
4541,245.2305807701653,26.649184232383146,39.35667684293552,1,4
4542,29.39072711852019,44.51618953634433,74.62464622549335,1,1
4543,203.9269763047116,16.98692965396592,68.22927801795672,0,4
4544,87.99849996195306,32.3335890969203,37.31096053136401,0,3
4545,238.61495223678537,44.68704934632135,90.7283847039753,0,4
4546,120.65112811272316,35.728579296390514,56.8530092056908,1,3
4547,199.60488967906997,37.193088949265785,30.164257863333308,0,4
4548,280.29158059094203,15.962734337384578,37.03724704732657,1,4
4549,6.1879896041293065,15.640894892908872,63.18804505042763,0,0
4550,3.335034700312089,16.083303359465784,47.0739213164476,1,0
4551,231.08377565301404,44.75171706528696,88.09775492755746,1,4
4552,193.91791545242344,44.38559282222555,59.57883259217361,0,4
4553,87.8939161513298,25.035267772927853,93.22358403475228,0,3
4554,148.3190108322787,23.729454487974863,28.146118475068384,1,4
4555,12.580699679660622,19.37876236553533,73.48745063958064,1,1
4556,57.73368160837224,24.874208974942757,90.86278818821512,0,2
4557,127.34891235815024,26.10449791641811,43.434438044577625,0,4
4558,250.21332486644468,37.44848450277101,30.855007705223045,0,4
4559,143.90015485802545,40.98880658759204,56.53157903825584,1,4
4560,175.90875135779362,37.40205359224164,96.9067381062094,0,4
4561,262.1261375981341,34.39425303286718,70.67695404026564,1,4
4562,92.64567407665358,37.97700234266394,71.51815768241914,0,3
4563,210.2097963306168,37.15492437455416,73.72010036244708,1,4
4564,258.500177603476,29.272490811911844,23.18091004750327,0,4
4565,60.78471020885302,25.075542073840737,55.6519841059514,0,2
4566,106.94344954434976,23.483421506327986,26.20576083533677,0,3
4567,293.9430521668065,35.38066378538345,45.2687063497563,1,4
4568,294.9655694388633,43.77912373335676,85.7279219469502,1,4
4569,66.96897908818137,32.431641568068905,72.50159597816234,1,3
4570,19.933751667788435,42.37579507416798,99.6458158988252,0,1
4571,81.27648339301587,15.426881129188423,33.77235394981415,0,3
4572,119.31958719110618,38.83411940208018,51.764338894833855,1,3
4573,132.3016802793491,40.60807973880239,84.77121730583475,0,4
4574,185.64189219912708,33.92981513831087,37.25532819147393,0,4
4575,269.8508280394639,43.02182998085189,32.29774770633,1,4
4576,99.10440357214874,32.69738978643899,54.20900455950608,0,3
4577,254.99536064976252,22.21610707580248,50.69811921260012,0,4
4578,28.043676277988077,21.47151688344583,98.41647527226812,0,1
4579,12.562409691964415,31.675088000781457,56.500122322132064,0,1
4580,151.21355493703837,42.194517914886326,88.87570744822028,0,4
4581,17.89866699918147,17.17103837265231,91.03724153871116,0,1
4582,117.74694037026904,33.13171536632733,32.629737127552744,0,3
4583,269.0334350607704,38.09410418946074,77.22438409987637,1,4
4584,72.44491086224201,18.462062088707075,42.20857113691227,1,3
4585,211.79273253747093,18.503090721360387,27.57911746101036,1,4
4586,90.70961771702008,25.98383990008764,89.97639288812695,0,3
4587,13.47601657264068,23.216435206491504,43.39464327706811,1,1
4588,167.0071744230928,20.949424766810694,47.62925361526481,0,4
4589,250.4560471610255,20.96082520834036,45.9191229215472,1,4
4590,122.84053450278584,18.92007097274508,36.02363383626959,1,3
4591,185.18814793742607,33.325620392458575,54.760270562289925,1,4
4592,270.0070792973178,35.64376810752261,54.263425664195175,0,4
4593,236.90835382109637,36.08808680637134,52.70013005689464,0,4
4594,58.16291981784579,30.970619284158182,93.30381977252634,0,2
4595,220.01518780950173,43.587188089967,47.18013029566491,0,4
4596,150.5679075480456,41.41598332770197,22.430312667532533,0,4
4597,223.79004236582543,43.7289342799884,34.27496049926211,1,4
4598,148.35466515666545,26.66386434381534,77.7197661258779,1,4
4599,38.38744923249086,41.33349479865074,67.2686885051609,1,2
4600,170.97283400677173,37.88624098220652,96.13878429929484,1,4
4601,147.64019771920198,25.19918709102039,75.55480857527066,1,4
4602,155.37652009243254,18.19779775512658,35.53933387189691,1,4
4603,263.6707360937611,35.47863749690423,29.65153749018425,1,4
4604,268.4511140118754,19.09356972365641,61.66078202515814,1,4
4605,136.0611320297155,23.813274210033363,73.22101889138739,0,4
4606,136.7196123840265,30.010937293313617,33.25093903748291,0,4
4607,154.5560876617848,35.3964760544542,68.13544083061745,0,4
4608,155.87678350027707,42.78682971591915,89.2022947143726,1,4
4609,285.1161432537338,32.7972013454699,78.20551424744355,1,4
4610,194.82014021324804,35.14239299016285,73.1352864705446,1,4
4611,83.23709846638319,24.30041550452934,83.14648436079395,1,3
4612,159.461039086197,35.618778492856165,28.326616724298475,1,4
4613,188.1670748723949,28.133703621902235,36.30651646489555,1,4
4614,191.93151630418936,40.707935486513215,23.04795976206313,1,4
4615,175.5762678714548,26.77351541704423,31.598235634140543,1,4
4616,53.320846386461206,29.048160649696705,93.05458741356212,0,2
4617,10.077956723852244,27.97763270730773,37.771594233385045,0,1
4618,101.35291571005632,39.33368502922156,72.96777730766904,0,3
4619,128.25664636807608,43.61097591035716,75.32537993083027,0,4
4620,18.54127187282598,24.818289029498217,71.62603675356705,0,1
4621,244.49020140595383,29.250837022862303,64.31368389886907,0,4
4622,103.22323125308212,36.177788000797065,58.89042779574495,1,3
4623,274.0898238535514,41.86144866104193,53.59366734246733,1,4
4624,46.32303235267955,29.811020905380623,93.35189572946278,1,2
4625,17.08048708119403,18.26680524680182,20.761148870171624,1,1
4626,144.69483131589652,26.060141505039645,24.279170082153225,0,4
4627,56.738801047712,31.51085656320339,59.40099724021188,1,2
4628,281.21978267335834,27.52573817898098,46.440806544335445,0,4
4629,3.0910195361216863,20.596671803642103,52.65841704826025,0,0
4630,123.78590251771048,16.109684860296525,99.8278815647153,0,3
4631,278.0243314035505,35.62225998239685,82.01077593569761,1,4
4632,115.32546201893052,44.78211572331428,90.192636479058,1,3
4633,27.932784180138228,42.576199016898514,49.48596513964912,0,1
4634,90.86848285853613,35.498127325824406,39.16483520049415,1,3
4635,149.40311815033004,40.24589425549288,81.43923746579569,1,4
4636,55.54550620299993,22.6718285540158,84.606087540569,1,2
4637,139.96851154297858,33.67303308235339,63.991875677935006,0,4
4638,250.90295873575124,16.818126461968962,91.67532117178436,1,4
4639,261.7853910589839,36.21551781937373,97.38602054362606,0,4
4640,14.778220413219634,44.09617017072806,57.68165427450481,0,1
4641,48.27100741577205,40.82391921653577,37.81333342245858,1,2
4642,82.58704073004125,31.033226243149123,61.3690485641051,1,3
4643,178.45975526628055,38.662206579383295,99.16265789405094,0,4
4644,108.29842763774012,43.316964298444944,43.4341487746464,0,3
4645,253.21227403382264,21.48052733817646,69.40794589862408,1,4
4646,215.00156048488128,38.79775538932134,75.51869312559577,0,4
4647,30.136806934052466,23.0954087390656,37.11430354762216,1,1
4648,187.36725075362736,41.30842265819,67.07672982577326,1,4
4649,33.90378760409353,17.950635170704366,45.16056047752923,1,1
4650,76.51070089093803,20.346552566095244,88.33676872693937,1,3
4651,53.36119006026841,36.61849390415405,77.18028565648353,1,2
4652,51.91858476021148,20.24332511589747,86.10131419831927,0,2
4653,184.91865743305777,19.74162905709133,35.97459156735643,1,4
4654,169.08147676624844,31.66400632196616,22.76597645484541,1,4
4655,52.808445836318064,40.04961713127213,88.04205478479,1,2
4656,297.0518416255295,23.054022758238872,50.9403360333144,0,4
4657,126.55101971048812,40.23414548116455,34.377792952971895,1,4
4658,29.12079844648099,39.23860189637924,27.351629221384396,0,1
4659,36.17070508653454,32.373162028780065,61.3200644845673,1,2
4660,175.1681141179784,34.39688261061811,32.01023620895566,1,4
4661,293.72082101504185,16.213235598357247,65.33536195530054,0,4
4662,171.58533048575936,26.0140667491114,78.18452340101956,0,4
4663,284.7124429849911,22.901847933550577,62.80465372130017,1,4
4664,133.23985522740804,19.50011582182417,92.29598261507849,0,4
4665,130.7523310956036,26.689779874709444,32.44556994685102,1,4
4666,150.00220779476467,25.647125890422984,59.51627786003992,0,4
4667,209.22763744666656,36.86675034389181,33.055236750930575,1,4
4668,110.2847899353998,32.9428902143026,90.07215411572372,0,3
4669,259.1658098036871,42.39300206406058,94.57914210809103,1,4
4670,8.78441543044387,19.362227491675167,51.999670531427824,1,1
4671,131.9292585085327,16.79245815970578,44.45986062789397,0,4
4672,153.29755499397535,31.03823362473386,42.3452876343399,1,4
4673,182.10967147892885,15.030814158323553,88.77818767925875,0,4
4674,82.82157370975898,38.63156829404897,74.59535397013161,0,3
4675,128.2439912957506,30.179186660550283,90.44744437230676,0,4
4676,145.361325064217,29.641967281736807,29.401346358702646,0,4
4677,206.072993604964,25.87487936172523,58.0822342291256,1,4
4678,232.06325542074416,26.249215084462875,74.09432755720766,1,4
4679,221.34819820313612,27.934010347519678,91.7672608602236,1,4
4680,102.4749156868756,15.480970332780906,50.56153711303909,0,3
4681,299.83515689758906,17.50637361648614,45.04720581682223,1,4
4682,254.59959353615383,30.15144060033711,93.03725673486764,0,4
4683,78.00701194349068,19.50366795659412,23.802661586413,1,3
4684,58.53174170184826,38.36287825040995,58.3676391884464,0,2
4685,94.20637517501714,23.23455522013577,56.69012484852665,1,3
4686,135.70345589989347,17.936989120479723,31.68451311126497,1,4
4687,255.2398134958841,22.05629777710349,51.59600889451025,1,4
4688,233.50867913836032,25.712946904673643,77.80797919867867,1,4
4689,255.3738370517628,16.05949825784651,49.34947556434032,1,4
4690,81.58713447309854,19.25026573158987,44.77283836878236,1,3
4691,178.03836673555085,24.71540263432559,82.55163983250769,1,4
4692,84.97471868321233,24.314414214292924,99.09723288219216,0,3
4693,32.706948215847945,39.01160089679517,82.34818991442238,1,1
4694,205.2593230424042,40.2976642593796,87.70746305272655,0,4
4695,42.89926535863163,20.8025579743065,95.16005998500104,0,2
4696,200.30932851194143,18.718196517385422,84.14179728608252,0,4
4697,194.38929147162276,34.024874529642545,98.42834318533664,1,4
4698,243.0745333272051,39.13870667086295,79.78274038056493,0,4
4699,41.86638136906932,43.91169291672395,72.92180409337935,0,2
4700,235.04404455264327,15.203888542395427,75.46788393996998,0,4
4701,299.7829577838711,27.41034340280413,92.00654614199873,0,4
4702,255.31273457577063,37.019635022831565,74.64065206894388,0,4
4703,225.54362289829987,39.85677896623064,80.8964136758139,1,4
4704,198.6496064084123,16.868578460492934,37.28079469576482,1,4
4705,126.53444540562884,35.418435583923824,93.0119690347848,0,4
4706,219.15005036748067,23.6681615219691,55.77705937433686,1,4
4707,217.25341054213595,17.23790877999376,32.88538647302438,1,4
4708,189.4494848061865,29.673077452640012,83.98297531419689,1,4
4709,238.88351348934853,19.74460029612438,48.51144141063793,1,4
4710,134.6291665280504,37.11022554185054,34.7295314369297,1,4
4711,36.3758136397172,37.23785399098361,40.500092733647605,1,2
4712,167.72031828277122,40.26203294962528,22.795918431237617,0,4
4713,79.51305861340279,26.327060554432567,27.2498386314708,0,3
4714,115.32992922874506,15.399293916919309,67.40997883089001,0,3
4715,5.224471182367807,22.792078151234392,89.29742624755646,1,0
4716,114.837176375365,29.03435098575831,55.88243307190609,0,3
4717,242.6403318406364,35.82033838248151,70.08465138397781,1,4
4718,162.81671008147646,26.46121757060224,84.77864809834274,0,4
4719,2.940158080191313,31.081451882014143,48.54151283664555,1,0
4720,140.9531460719542,30.727907623671506,72.34512562810674,0,4
4721,87.43549429362223,19.949470480749497,48.03459406327632,0,3
4722,143.26519661915134,33.691485002400384,71.41722838176554,1,4
4723,121.40781643436311,28.177551846161933,37.40861761113984,0,3
4724,279.5937658672145,39.23756104957479,98.2271723416336,0,4
4725,12.353189688904742,35.718336243867,26.094221484523462,0,1
4726,205.0764033845797,18.34407558592664,60.41862796180461,0,4
4727,255.30797889052243,29.66275230109705,42.90371304416616,0,4
4728,287.77157539514263,36.074830754825626,68.06702678528679,1,4
4729,53.29086796328877,17.610351774220277,54.264558392872885,0,2
4730,159.39144058985818,38.77491097669895,44.53324700879416,1,4
4731,13.076873195163577,21.66013543933198,40.00301106263484,0,1
4732,149.75505733652656,30.09254386421069,34.599889135809185,1,4
4733,37.637426862294575,43.21683862417908,82.630345295101,1,2
4734,251.36900240961404,32.140027044668514,37.77599496749168,1,4
4735,34.16100078160945,27.721633551118423,81.88209571007323,1,1
4736,153.9865081159486,15.20384782197428,58.803088732347575,0,4
4737,156.32882069782613,19.002408683222345,25.77824170849585,1,4
4738,291.49514937948163,32.35991655293962,33.23541421229887,0,4
4739,196.49420821166643,29.81475121961215,91.43237152977588,0,4
4740,86.35208792304057,25.91487526940494,68.22526576041038,0,3
4741,72.23979298144154,42.69647656182352,34.74665429773475,1,3
4742,38.474461693519466,24.974476122778224,76.30119321606409,1,2
4743,226.95441721471784,31.1145226933232,85.8609395542792,0,4
4744,207.2269968547016,32.0614022857239,46.45225180467799,0,4
4745,182.96313819243176,30.82405170191768,64.52761702485701,0,4
4746,12.252132884996502,29.327561746202974,43.475997622650965,0,1
4747,228.84865991828835,25.111912080357243,26.4049374176469,0,4
4748,192.56627314454377,42.26290899118858,51.96072621895488,0,4
4749,289.1666604331465,28.524097852774343,80.1145615291909,1,4
4750,176.16063896304362,30.85346602038227,56.69442231106216,0,4
4751,91.18557199851244,34.69433951490727,52.42152064161259,0,3
4752,114.45616565679607,17.02968127294604,49.280575107153695,1,3
4753,52.75221161346975,38.43864424389736,56.713345813563976,0,2
4754,216.87425466041557,30.375219302581066,45.45831617061324,0,4
4755,212.3164980065176,34.715308075349,68.97473559294997,1,4
4756,60.19500464330287,38.16036196241075,25.0852783619756,0,2
4757,47.54679695468358,41.222981722926434,84.59105387578514,1,2
4758,23.101479960658377,26.76661250858793,33.85335577226701,0,1
4759,273.5927231045276,39.342896780467655,70.67557826309957,1,4
4760,69.92095010845534,22.76510686697705,55.99060184417926,0,3
4761,103.2490580255412,34.81006952872099,81.87948375030456,1,3
4762,84.15135251324719,18.08121902038918,86.09119894568452,0,3
4763,124.08738078323732,15.600914022722256,36.33602977485337,0,3
4764,214.214639814745,17.87289378337919,74.17433179502045,0,4
4765,261.1786901178853,24.581474596874276,35.192600541400495,0,4
4766,54.779624858562045,15.932838414739928,29.91986086679077,1,2
4767,205.92370312234956,33.91473816561788,94.42368811770008,1,4
4768,105.76864267274556,24.496336151467943,33.15112563530743,0,3
4769,294.15815048918785,37.09128203142894,38.25055460661866,1,4
4770,89.67574778522305,16.377454088088168,30.425920623037516,1,3
4771,2.157886802357989,21.501046996424947,57.62335114971647,1,0
4772,154.69199220595357,27.24010275989096,93.56858580195124,1,4
4773,45.21932528278132,26.479546868821387,41.12445909697955,0,2
4774,13.34832804551973,18.929960185090216,63.34817045994318,1,1
4775,209.48076958431253,44.82410440744971,52.9166989674212,1,4
4776,219.67778475253692,23.53318742501508,46.88075286723816,1,4
4777,138.20970393495077,36.63096253954389,65.77221530108598,0,4
4778,203.0656550269732,21.600800916351545,64.71143209350487,0,4
4779,161.47183447414017,41.33553632178252,48.74932807072005,0,4
4780,188.9403323165795,26.632749304490773,88.04506372528334,1,4
4781,179.01119195638836,42.02707466967314,24.253768619962017,1,4
4782,199.74682921667767,25.25504758901913,26.819071613384637,1,4
4783,59.88919460195138,15.259314644907404,99.26250079733904,1,2
4784,80.61198601101006,30.510612932353844,79.81463296409433,1,3
4785,131.9889448523076,30.743638084532893,84.31431227440788,0,4
4786,133.8384028257559,18.595025483659068,68.21608601110378,1,4
4787,232.32351347607127,22.04890720257877,53.58883408211678,1,4
4788,110.2180977688596,38.50486772944048,70.3381502985846,1,3
4789,48.75154681775471,16.102674738859776,27.40677644869704,1,2
4790,75.43979114732277,29.68580060060042,80.62153346417304,0,3
4791,64.42005071526852,30.912243702406883,63.25944377150796,1,2
4792,219.4980057768066,35.66136182028372,96.53855124304738,1,4
4793,141.10188438779463,16.123688022004057,70.99802061661198,0,4
4794,212.58920939129504,32.56938981271392,32.13540297427609,0,4
4795,124.86590422728808,15.092941097345497,58.20400919824373,1,4
4796,266.9206807511716,22.95535101867572,24.625779937545687,1,4
4797,295.05609231682035,29.99052765949444,79.6343647433497,0,4
4798,200.95275261078348,42.33844012276852,60.146521725465405,1,4
4799,259.14376717086566,18.79769448016606,49.57226958338956,1,4
4800,152.3799801516188,20.078673870098253,97.48395053376312,1,4
4801,280.3862521061724,35.07750193151483,95.2478815173904,0,4
4802,249.4759457018484,26.245850814671968,96.22655974608958,1,4
4803,297.5335715298117,33.70264205768615,37.67761937735281,1,4
4804,186.92812059833415,44.92362501402802,78.28556765751938,1,4
4805,233.76202208046857,44.60614984046562,95.6305709761965,1,4
4806,162.86044199346404,25.61140738483264,65.6696205365307,1,4
4807,77.73603128142685,30.11776061474498,37.1328275146537,1,3
4808,106.42655133892733,42.1407047588818,85.42499711058097,0,3
4809,268.2016244193948,17.765029872256726,90.39345978613694,1,4
4810,16.78438397958617,28.569117115105414,76.25883091092112,0,1
4811,177.44396582232244,26.32732044949377,43.4842302028477,1,4
4812,111.7452097512326,23.84648317982992,35.25551189235622,1,3
4813,116.00776140166673,44.82612635767045,69.9415840957374,0,3
4814,265.3713619241302,37.006478819171335,58.62404198419584,1,4
4815,256.14671236386795,26.662409771787654,73.50261795306177,0,4
4816,179.6527126717406,39.87065674996258,28.93597323698928,0,4
4817,81.87565422130018,29.689983021361705,30.873084083845104,1,3
4818,142.6369038486072,41.18473237103576,49.03116447814973,1,4
4819,122.4880181367648,22.991395368917352,40.70082301031,0,3
4820,106.0854087607486,21.708006821611963,69.54709048741367,1,3
4821,30.835673567188927,22.41860043742343,49.40324234897504,0,1
4822,162.93416601459612,31.15441728375157,74.71766289183071,0,4
4823,90.54938936234508,23.73940173465404,81.50387216845517,0,3
4824,198.24238287825847,19.413590524391523,34.97340561753454,0,4
4825,95.76118074765922,44.83883755517196,93.58590683320487,1,3
4826,129.34904794044053,42.012996823242304,82.9727872229256,0,4
4827,15.70811225832226,34.05037312479239,70.14246417234203,0,1
4828,297.7614209716433,41.74628621771838,92.714308379851,1,4
4829,152.28311498255275,43.06388212523456,41.26949996953597,1,4
4830,7.271278249251845,35.283248755975066,53.73705615776144,0,0
4831,162.36919762834322,30.560393360739248,26.86295843204813,1,4
4832,261.1061997916949,41.46005376644032,56.49454569256862,1,4
4833,231.7656402798608,32.03390990738728,60.51205836781767,0,4
4834,210.27200523883624,18.80401628561622,69.28535389280493,1,4
4835,41.83939637971047,26.005680013725176,25.123137046749385,1,2
4836,197.3211236962417,28.37762855206131,22.597281538696198,1,4
4837,229.88951340367808,43.06107048406787,53.59121322248775,1,4
4838,171.72571918964897,34.77556416917467,35.130664982074016,0,4
4839,267.8247013561055,41.25832688387672,80.70306737219703,0,4
4840,83.09693453546562,37.72775102519809,73.49890273081841,0,3
4841,72.64340992177517,24.295826595680488,46.06615795064415,0,3
4842,260.87092348279384,36.5612697919255,23.66266121306662,0,4
4843,187.6194728974357,20.85899207771624,34.59548990748141,1,4
4844,0.4341661562997978,27.24437435152403,75.33434740904889,1,0
4845,105.93942255331577,39.18275571467797,99.21319146695814,1,3
4846,257.35679574440235,33.35787485745685,46.11683240796658,1,4
4847,8.195853492522986,39.76237517857845,84.15970295723147,1,1
4848,0.9743784784526645,22.641107470501534,89.36771932790057,1,0
4849,84.37778715753893,37.49246497281885,23.85446977267817,1,3
4850,274.2000111027834,21.06973084325509,93.29772783377716,1,4
4851,270.4432744410049,31.359125171940217,57.29621634959636,0,4
4852,155.62858374045237,28.006037833632934,97.13937652297342,0,4
4853,165.97106134188678,31.69427573312421,63.08446619624928,0,4
4854,99.60240339515664,19.06600272084817,38.81148079189183,1,3
4855,73.12099860834296,25.836836265390357,97.97346459261024,1,3
4856,244.56655626363548,35.007114925985206,39.46439312927736,0,4
4857,31.88845814989243,31.75592382243082,90.5982582078003,1,1
4858,146.20631126359072,31.46909276735459,33.850279577484,0,4
4859,190.3191778491253,30.324903363937636,73.98140582053024,1,4
4860,31.104087111308765,43.31654730116635,52.90332871089552,1,1
4861,155.88212864170384,43.03709093819202,97.7614538521156,0,4
4862,173.25638637373294,25.80434918394883,34.78181049114036,0,4
4863,222.74881815220945,25.556850347526144,52.70357384064648,0,4
4864,70.45081474425986,31.646953697191837,71.1821059234993,0,3
4865,87.9982509872275,17.868188524176233,98.20963386203522,0,3
4866,170.85634398991004,24.09020102302548,44.30904613050724,0,4
4867,294.93792299448427,21.92602697403518,51.7496840835822,1,4
4868,65.24795484603433,21.701690050092854,56.94335898578877,1,3
4869,295.77114813703923,34.15516577685804,40.21603930369409,0,4
4870,214.3027599163444,26.53051003032448,85.38837603229138,1,4
4871,247.82462088900692,20.13493124274919,27.359648460184214,0,4
4872,26.892380470901767,41.62715534963279,76.3831945365042,1,1
4873,90.12605622918969,41.22446063813383,62.71431759660284,0,3
4874,17.320883895294315,40.87388770596706,39.35415647885699,0,1
4875,111.46409850095256,26.722348267733786,59.4264378827239,1,3
4876,294.3868979760156,16.709473605313573,86.3959273755364,0,4
4877,31.581918661901543,18.20226053683308,55.63532831377011,0,1
4878,168.71183471135984,23.28144239313897,29.75182119319817,1,4
4879,1.821186844143696,21.59910012325964,23.264156970521583,1,0
4880,213.8048448132188,41.21956860446507,82.22370352908456,1,4
4881,59.15780771161232,44.59074541167779,46.43465166672325,1,2
4882,38.87536113742888,39.50020986995408,94.49957572593088,1,2
4883,101.10534364823629,36.895467082475655,69.3717744800418,0,3
4884,231.3132893816945,32.658724197819424,54.90271129345303,0,4
4885,31.98392589336324,38.09724897539618,65.157193612057,0,1
4886,68.95169873960862,43.41099936577173,56.57061159301061,1,3
4887,2.539326485192861,33.04034009721243,92.46488659066291,0,0
4888,290.52445880868544,19.63839732059502,56.64174954938326,1,4
4889,177.64367999665916,19.91574951806159,28.32516068709979,1,4
4890,215.96989091540985,32.515884093857586,67.76704313267669,1,4
4891,195.41495134680437,25.00405619354424,69.83848369202552,0,4
4892,43.30936766090231,42.30742125734908,81.22640582344278,1,2
4893,178.48198169819824,33.34927001507917,94.66273132408072,0,4
4894,39.42467854237863,35.294778402700814,55.44653456987604,1,2
4895,120.37093618893836,15.174621303027076,48.16612852858447,1,3
4896,170.6889407775879,29.96545656187869,59.26168125979994,0,4
4897,167.66433423064677,27.93494164166735,92.01591215290377,0,4
4898,35.72202779482229,36.176155703025984,98.3985905469216,1,2
4899,10.330790893956651,26.47915981000097,97.69880052909936,1,1
4900,239.4702941621441,44.29725095661488,38.37564102441824,0,4
4901,217.7767310988016,35.10609544669205,59.7516289249501,1,4
4902,24.545671369421417,34.79754999427768,40.75792206840092,0,1
4903,38.22465564046603,42.58023434273948,49.43862258936377,1,2
4904,267.7751329168861,44.85614501695037,22.53472844332377,0,4
4905,230.738670486534,20.9346206778634,32.84809434172668,1,4
4906,298.84808886500224,39.31599429644184,51.766076374962175,0,4
4907,76.1962347615065,19.869584859660826,49.17637057784515,0,3
4908,146.34089666064446,28.711303591626297,42.30660409050705,1,4
4909,70.93787281870671,18.005562129974106,38.42476616690427,0,3
4910,186.8400415431929,33.701129354014945,79.91645715579122,1,4
4911,34.6242717273954,29.05554490215225,43.56397598491129,0,1
4912,38.17295182290993,33.86096844977145,76.52349051701947,1,2
4913,21.566367421536796,35.33882257846239,49.49000872653311,0,1
4914,208.07582467925008,33.582967500937144,84.15833912604461,1,4
4915,148.22177322996205,23.820873678221197,33.37866789882737,0,4
4916,185.319364906389,40.10877471731006,32.60831042956625,1,4
4917,263.7903139768077,31.55058598125372,74.37378136328036,0,4
4918,222.0985454266076,29.695535196504096,93.1932193447084,0,4
4919,138.5168754500073,44.61191412704624,31.438936386629702,1,4
4920,295.306796518268,23.505237201194305,25.89636942750536,0,4
4921,136.87683034259197,30.840909146855196,94.7709765457459,0,4
4922,33.73520197005996,35.46973735823974,29.38615550926556,1,1
4923,297.7964241758148,18.75677798799701,40.02935358125462,1,4
4924,6.84621900445419,25.627191724396063,94.35953339360644,0,0
4925,164.96506784632564,39.05066147991978,84.23343143681774,1,4
4926,92.72864660991276,22.102747037994902,47.42062509258351,1,3
4927,151.06564530509544,29.7987109471082,96.36221757252748,1,4
4928,167.61388577835646,33.91891817948913,65.443881055899,0,4
4929,72.02876888354628,35.134870599228,25.77986101021546,0,3
4930,167.05762672117856,36.84931326143477,76.24535018142517,1,4
4931,226.81833360166124,40.97931951128833,62.98218862586416,0,4
4932,79.95295117319951,26.78578329100913,65.80704404153244,0,3
4933,115.02783999417213,36.19895777891568,99.5283395460372,0,3
4934,80.47280794921737,36.96523943310754,32.201142663963324,1,3
4935,246.16791929646072,24.008223903809707,72.54367202303138,1,4
4936,217.494677762879,44.04473850634923,56.699287778375336,0,4
4937,261.3589311655222,40.95657520566186,41.75144999103965,1,4
4938,51.01496787049778,23.69583986098692,75.48358333303702,1,2
4939,22.073891447925465,35.25206030060963,73.45702458,1,1
4940,35.81505115760201,36.53401903377882,88.51960864988241,1,2
4941,48.30549984727092,27.94450908826138,90.30953881492032,0,2
4942,159.9247982024407,40.91229857822899,64.94555624393905,1,4
4943,291.27362110882945,35.706880605271195,46.045805285417394,1,4
4944,107.1706249850346,34.744640554581544,62.366436035051606,0,3
4945,287.55248080806155,21.625211168541547,48.74041013622903,1,4
4946,11.460238496753917,27.23526934048748,42.188486722368914,1,1
4947,278.0616608443975,28.017674673970497,64.12603022217334,0,4
4948,54.34578219149135,37.009832897370615,72.63473393304554,1,2
4949,273.74249571580464,33.55183635772657,67.24570295283154,1,4
4950,16.86822903463835,17.575817718788013,96.35356170906556,0,1
4951,284.4658342485098,24.2309385566172,43.89088948431719,1,4
4952,60.23947929565825,29.19142513384637,49.78733480437393,1,2
4953,90.8142180219482,37.101988375709794,73.4114258578843,1,3
4954,147.28270323088742,37.30707390239022,68.02869020028855,0,4
4955,114.21626437064256,29.716299257149103,20.14907082698908,1,3
4956,200.25839077894497,18.50797146782033,44.982837482139296,1,4
4957,292.4423301750232,23.78710210118517,40.300948197491,1,4
4958,181.9279472414822,22.64077146741208,87.19319093168126,0,4
4959,216.4456228309648,38.43079230924724,89.29989847079432,0,4
4960,26.40157509171045,20.399589420169608,42.71145128249266,1,1
4961,188.3437287210016,28.947636671855765,28.165692290202912,1,4
4962,136.15493311392396,35.1215641054317,36.41615576469596,1,4
4963,265.7347073758885,43.94358458850111,34.12547191352472,0,4
4964,116.4633298929306,44.9772174067332,38.99482874280717,1,3
4965,203.83624321497567,43.58766430666317,38.77159218379322,0,4
4966,68.44611847772373,36.54727035760605,58.38709191207787,0,3
4967,77.8117600572588,37.393224990662745,45.57131045900516,1,3
4968,112.83672927668208,37.776302928270525,64.7857400684355,0,3
4969,91.21906125195082,40.8781462963887,47.53076994726732,1,3
4970,76.16365181702245,43.55356388556624,85.17415439722164,0,3
4971,14.900611770242788,28.371184335609826,96.063398222699,0,1
4972,251.0238995257377,27.49532634126381,52.31347626840198,0,4
4973,19.29045926738529,28.81393387135892,23.95748278292439,1,1
4974,266.2096546808903,34.79451514369782,39.16625978942715,0,4
4975,37.63961672041808,38.26336188833294,28.14865313624334,1,2
4976,19.57852111879771,41.11633172703988,47.58111278503254,1,1
4977,168.90142919420913,28.68632262847817,71.60913873441356,1,4
4978,150.73253777241652,25.90117878540389,61.512632715560855,1,4
4979,147.37037064956553,44.50057844106679,39.43005424221107,0,4
4980,172.35129825041935,21.956628630216787,81.38072421141254,1,4
4981,86.11698183574671,21.66014505757432,30.518458350378328,0,3
4982,198.88478202888336,36.46222364479487,38.255678009976094,0,4
4983,150.72066591215497,20.38971886807927,74.08377204741399,0,4
4984,100.42304008719758,26.98226999238367,35.77875093510934,0,3
4985,247.95020009421845,23.77160466942756,74.30101727028713,0,4
4986,218.31632889801304,20.06131370270846,98.155308023692,0,4
4987,118.0831025833866,32.391217172936805,86.50826297569226,1,3
4988,254.28533556866185,26.205344722638863,32.80084322903391,1,4
4989,276.07747503353227,28.86702518545338,61.63987372026028,0,4
4990,161.05988012530875,20.87589014476548,53.78572507459877,1,4
4991,64.48573504707623,38.03600408015269,99.33355305867175,0,2
4992,274.7376469640961,24.44136250352237,97.15205613924662,0,4
4993,56.84388602865516,25.281545370806967,30.16896422167239,1,2
4994,14.526967925180744,22.56461886300338,92.69846976130668,1,1
4995,98.24610266193926,28.032107163571013,35.4734670430767,0,3
4996,218.08990333831196,28.90729881716016,45.556120137019946,0,4
4997,276.98222590606485,30.890007489885456,48.27263837847547,0,4
4998,191.185694044332,44.027048459458186,42.945763609745725,1,4
4999,285.551564089998,42.14075424137111,88.25950345335434,1,4
5000,27.711251782768983,33.281778929611605,46.39459247011,1,1
5001,18.226118876406016,16.167104032892926,85.3390735268153,0,1
5002,181.25758522309923,33.36781022630204,99.55014532039658,1,4
5003,289.83489674782646,17.69005820292349,87.26092302616365,1,4
5004,150.8163926864172,36.31032715556242,47.69143411474338,0,4
5005,15.45456778179154,26.70232939742792,76.900191473029,0,1
5006,66.36559682323686,40.13089474705557,62.71387575928586,1,3
5007,73.4378719247312,43.27587735795392,82.92142271067269,1,3
5008,101.357138741085,27.51331024396827,32.24779157169934,1,3
5009,13.081015075863789,28.816658864212386,71.05076741167231,1,1
5010,271.4678101493749,32.70442743038551,81.89334186733876,0,4
5011,154.66918341644856,20.91398165574152,80.89850683253121,1,4
5012,201.27923788623272,42.81998522485084,97.08744044830252,0,4
5013,20.15185106850269,27.98999779504118,24.672910462745605,0,1
5014,16.23464034109482,20.00461007748022,47.66234952738324,1,1
5015,175.94033161216416,37.881955002566514,58.12428654331511,1,4
5016,266.1888031512624,21.57454117331956,44.7810822713665,1,4
5017,158.5446002878641,19.30587825215565,44.78316109379767,0,4
5018,263.34575177102147,31.88616226482021,34.090288535194105,0,4
5019,243.2973819165718,35.144857658747725,85.03611224201661,1,4
5020,22.756135738476225,32.08688221994749,92.6455235507634,0,1
5021,60.587242315706966,34.6953194684209,26.58618876574004,0,2
5022,197.31320074660275,18.465720369232333,32.391912940663886,1,4
5023,133.05041476501248,29.28054113652322,38.276239989748255,0,4
5024,87.20994409407616,25.71055932265624,60.71899870833353,1,3
5025,125.59015681439372,44.20105848720365,83.29376266407736,1,4
5026,133.5598938811903,16.488718025384024,25.716441981196017,1,4
5027,273.16567524647894,23.94882609179769,70.94503885267429,0,4
5028,31.037485111485907,43.25586582275166,31.946836501633584,0,1
5029,83.9192240422845,44.50488549552989,97.71656543010124,1,3
5030,161.26944497481418,39.747048231814006,91.90187446813934,0,4
5031,209.4860779891775,17.27994732049228,95.96662791566015,0,4
5032,189.1911866877731,31.84065085030621,28.493110206616645,0,4
5033,282.49282132121834,27.003689780114016,59.04291062833536,1,4
5034,238.682677445842,39.193577030862045,33.21972535987002,0,4
5035,167.1230525923291,16.65072706714,68.0284440626533,1,4
5036,64.40480750205225,20.91386254934106,38.61912901294913,0,2
5037,135.26226942067194,29.67585198667888,81.65047866951767,1,4
5038,208.0146732583432,19.729429888434808,71.52020805197341,1,4
5039,251.38865245082548,35.781454280828946,65.7283675429815,1,4
5040,287.92086732671623,39.623016634193945,86.01817263722639,0,4
5041,181.63582984137528,36.135596808829305,60.02184246679591,0,4
5042,158.07581019132974,28.208511409199467,41.58813922765477,0,4
5043,5.307576936344494,41.351629987579386,69.65643974400706,0,0
5044,21.62972074505398,19.13058395159825,96.56501057582447,1,1
5045,46.83149929122008,22.810157516970264,68.09274906753646,0,2
5046,16.42797935688842,29.6861905575691,70.36955592315445,1,1
5047,120.25897164147794,16.84015796637756,94.78005450077312,1,3
5048,101.06356354166164,17.870573446996417,61.2220080246196,1,3
5049,191.20624736051784,26.92330115167116,99.7085969371834,1,4
5050,160.69953238002083,43.31658890203662,32.772963482646034,1,4
5051,178.79122781635792,42.25241079831001,62.96318744098562,1,4
5052,141.59316088129623,28.979245748352334,37.03206728115052,1,4
5053,83.32114456627714,19.264756335321906,56.26610946725541,1,3
5054,285.8475944839431,20.34322967875307,33.64591276014145,0,4
5055,25.92274792804169,26.326381638273816,37.802301722064485,1,1
5056,281.66729983959215,21.30222585260344,36.86400397058108,1,4
5057,93.3714140594204,17.489267831711334,45.60250712192064,1,3
5058,153.79843361018922,35.213324505599914,30.768402761506916,1,4
5059,32.652696848263844,32.44345913378085,84.7473739980013,1,1
5060,21.279320511302775,23.738902739342556,37.65404778337708,1,1
5061,128.86363461558088,38.36845147656912,53.32551961147001,0,4
5062,222.50921291390344,38.27846663117504,21.284571058401944,0,4
5063,80.80943326456467,29.730059106382853,28.390523462542568,1,3
5064,168.70436668059602,17.895976665356816,91.70175203306012,1,4
5065,83.5951021568455,42.554082003040726,86.97281630723563,0,3
5066,116.58391826791224,35.05981570622914,87.27379619641556,0,3
5067,271.9338955421474,22.411524574558527,52.908273380388565,0,4
5068,256.7518876484759,33.3136364110268,31.322463908133138,0,4
5069,154.80526302528895,27.150644874828902,28.63156171954529,1,4
5070,71.43168824162362,34.060489192078734,68.44821798405724,0,3
5071,57.95517381990685,29.216126871930623,86.25546039269037,1,2
5072,286.22620591071427,29.564164507192004,92.00915857121944,0,4
5073,60.81497895320626,37.07646275722078,43.09853204481812,0,2
5074,242.4504932737617,33.41177238191928,45.682125586676285,0,4
5075,110.69106286066118,17.39858073732677,28.07013254891397,0,3
5076,295.6979542674715,16.961207113389108,81.95278314144096,1,4
5077,110.44672210883635,24.15027712490176,42.05522168969111,0,3
5078,105.45498747321784,27.90737989616239,58.47435756507437,0,3
5079,191.2390886632869,23.25667677537858,94.31178436230658,1,4
5080,288.45504198804576,34.543795742097544,80.17725842599495,0,4
5081,292.86288173892984,20.85323795176865,24.219031703125744,0,4
5082,212.1618439400956,36.12423289188509,20.65236755675437,1,4
5083,226.3819096909061,38.19452225666791,82.99263407043264,0,4
5084,169.0206527919083,18.72957922786952,64.20001895829566,0,4
5085,226.7327217396996,34.52418730088964,77.62675274901608,1,4
5086,257.93389649114897,43.84307927700343,32.54522574612908,1,4
5087,145.82859095850696,20.784714517900404,89.76382799764961,0,4
5088,185.9586788490309,42.27908493348464,81.86599832115695,1,4
5089,161.1950085699143,33.1814384782205,91.26711312436908,1,4
5090,168.74118405860315,32.72834601995136,47.28768661259767,1,4
5091,267.0143729621823,16.557680469626014,42.056415622659706,1,4
5092,106.68504906167108,37.44900835159194,32.13851519391415,1,3
5093,62.455207680187264,29.348191579441743,94.40708063575975,1,2
5094,136.8840330820887,36.63523175505402,34.14633628462725,1,4
5095,62.42555714437955,39.27543310339818,29.5453786969204,0,2
5096,149.52012769860573,30.71389120116836,35.41425671894259,1,4
5097,271.0524316071176,22.909329398349424,81.71053814080906,0,4
5098,185.23005614474332,19.2471747417844,91.16233879863049,1,4
5099,256.6298559909233,19.815093837972427,84.87307651971395,1,4
5100,49.85727588465354,41.00803961837396,65.05908422970279,1,2
5101,270.262077761153,18.70734286891166,99.51074006221783,0,4
5102,180.53614932213472,26.54082219139705,25.508325159475906,1,4
5103,9.52793662214394,25.02823938867093,89.37533422573004,0,1
5104,189.93568658551104,40.96367000216911,54.21710893710152,0,4
5105,285.4190868782754,29.33080502082875,56.40978789643732,1,4
5106,23.75010014260862,44.89339252044413,30.20759149210244,0,1
5107,174.73683914087164,37.11164238909434,22.674637948306277,1,4
5108,274.6435808609144,40.52770726212857,45.33026608555466,1,4
5109,2.908550500312368,17.960167980800247,33.98828264911434,1,0
5110,189.27387793974697,22.59306765794688,58.66710048570493,0,4
5111,142.4706875492888,19.06338586715485,31.786442084301758,0,4
5112,104.09679559458318,28.90865917201679,31.03421892018206,0,3
5113,188.2609469836128,36.5486246448573,90.15831872830796,1,4
5114,15.810628376225075,20.071907046090004,93.70357610611272,1,1
5115,225.91891388622005,18.90505633709216,97.1372966870328,1,4
5116,1.3438430759122877,33.43826246341321,74.44019542991296,1,0
5117,92.08072313770566,21.90938261290272,81.68132038366954,0,3
5118,151.18759130540352,29.379752152612227,86.86278041941034,0,4
5119,113.10667516996553,16.53353183183153,72.71376472965315,1,3
5120,92.24278056167476,35.41838436202394,46.41944837620233,1,3
5121,249.25054364042884,31.23949144926161,32.51095987468193,0,4
5122,280.4497722815727,34.42268696875898,38.98186457265201,1,4
5123,262.1138054717666,23.262191401792386,87.23312411239701,0,4
5124,156.72939391499992,23.358089260845933,75.6877790629473,1,4
5125,265.2492525580449,39.04081599272274,56.46366108209213,1,4
5126,276.2584695544631,36.55686938954479,22.35240617443622,0,4
5127,122.7715191142386,32.39185953595844,41.29634963471065,0,3
5128,85.03375785163362,33.84430427346241,78.3117994500611,0,3
5129,29.479561743996097,17.821325385033163,60.99097880760184,1,1
5130,143.72757631476873,40.6851391335376,54.842599558596,1,4
5131,283.8890761315324,38.09721099034988,45.094352062392616,1,4
5132,168.2722584211113,32.71474601470343,68.55454644616191,1,4
5133,200.26863053585149,42.55785393302722,97.31083082973514,1,4
5134,33.86514554755428,20.059137230982,92.08989146380048,0,1
5135,43.05589924267687,35.59972158102501,22.43983504674256,1,2
5136,139.34197858790176,43.88945332956483,58.47630580667566,1,4
5137,285.3794396951177,24.300268937097627,46.35754384375581,0,4
5138,108.23539247745867,15.458769422025286,60.84837298718408,1,3
5139,263.24521239526007,37.04602400907399,68.49709518973718,1,4
5140,36.08657802771346,15.209409733683811,36.002245439803744,1,2
5141,185.10516208011305,41.17600947546501,82.5254455638605,0,4
5142,180.18389307315545,16.689037563107096,58.005444006877305,0,4
5143,257.9624250210805,34.58294189615631,99.36048439185969,1,4
5144,0.9950113214704516,26.315524332694512,22.010190859484897,1,0
5145,56.979500159271645,21.100219611501984,35.17753409491668,1,2
5146,65.90628762884452,41.94775199561487,75.17038404483185,0,3
5147,284.9898264272212,37.38737555780587,75.6143797220447,0,4
5148,46.10809688096849,25.2132169842978,66.5750579533556,1,2
5149,11.088705066168114,23.52459278571675,97.7568022952503,1,1
5150,160.3384484225424,37.08036882483418,53.22520069759467,1,4
5151,158.5675387301045,40.09712287818992,53.36294496540155,1,4
5152,253.21408961035928,36.475513928874285,92.83810905793386,0,4
5153,284.6578950533406,34.199676751072246,63.07534255974485,0,4
5154,161.5636326420393,21.837741755659465,48.29821292684804,0,4
5155,278.99825472589663,40.58411949829417,77.51503886670872,0,4
5156,217.5477453899489,37.48985950375125,69.5736494550022,1,4
5157,79.3677383986755,30.518228692992437,44.51280402292732,1,3
5158,278.52621328317787,30.347632868003423,43.83430384649725,0,4
5159,200.23295285456243,32.07519083422039,51.64902380218038,0,4
5160,124.22877982279012,39.84829182535988,25.72960525281549,1,3
5161,204.0726253550792,37.267786465126726,95.40935219901112,0,4
5162,120.39384832312528,40.6873498183765,34.641603215733205,1,3
5163,34.25513039638778,30.21848314976167,35.50594418621764,0,1
5164,215.69362415306995,33.73947177054772,71.76307240136622,1,4
5165,247.22628365122316,40.63715420687939,77.9397637839849,1,4
5166,218.6418597058163,21.969601805301465,78.9468367679898,1,4
5167,68.73440032700296,28.32062040768672,50.00600188033849,0,3
5168,286.99050404328386,33.619567109381606,89.86631623279405,1,4
5169,7.576368507346776,42.45438772074304,63.51992493984355,0,0
5170,99.80558921269215,15.475080331383747,55.087004173004445,1,3
5171,78.02773036046865,21.377194745196824,84.83091686925339,1,3
5172,14.437868284455291,22.03351523283871,39.48489993790702,0,1
5173,121.71890789660054,24.798380407853827,88.81483547484153,1,3
5174,186.9344520488324,23.453598612620368,63.1063515651942,0,4
5175,264.7658590455304,32.70416356686716,92.00465261385092,1,4
5176,296.906914857441,41.56860792764236,36.129002484460734,1,4
5177,242.42687592131944,34.10933523217168,94.88504608019409,1,4
5178,140.60415561384744,22.245796768630772,75.03013935779121,1,4
5179,217.1113277901092,40.91258550210253,69.46628214419084,0,4
5180,253.08713657689225,33.9613736744254,53.76540155864059,0,4
5181,139.5921589256044,21.56886374963705,96.50519999725792,1,4
5182,235.51633020765,25.849996114995097,55.51357026492102,0,4
5183,144.79572549386302,38.69894420219347,59.88343619580607,0,4
5184,115.9487972630168,37.16793544461343,82.519848686825,1,3
5185,157.82725133512835,32.29747108516928,42.78739436901649,1,4
5186,202.75642128814343,19.34302508221685,43.31962502510335,1,4
5187,218.0646168955792,39.09867891943512,82.0238150096976,1,4
5188,107.02088066763235,24.226275856582443,30.286383135208634,0,3
5189,171.39607546681046,38.14793816997487,85.83716162344187,0,4
5190,272.96126222413415,34.42699097286776,70.01400066478786,1,4
5191,292.89387003319194,22.925108449305547,63.12670131226169,0,4
5192,68.17442735518635,21.3710768439797,38.328750574390526,1,3
5193,57.84934971400244,18.927297697731564,82.9094535475527,1,2
5194,203.00569002859456,22.25838709764347,84.39624716069994,1,4
5195,124.40516574703317,19.7348706734742,58.63534943012142,1,4
5196,7.2667015254411105,33.51153743363254,51.13351798857671,1,0
5197,104.05856119418524,32.963493569317606,39.69294700191519,1,3
5198,242.02342304167564,32.585161803983915,80.33872136713399,0,4
5199,239.2280791149548,34.25669427674515,71.15615385013649,1,4
5200,148.40554464497455,39.44353601893699,36.53048234934862,0,4
5201,141.7733804662606,42.40658134649411,83.55744637479205,0,4
5202,173.85223273031323,21.911266137052863,90.57642506867676,0,4
5203,65.8190131690728,32.63323470506777,24.73978101985967,1,3
5204,157.81308746728664,17.350086637418144,81.7936510419233,0,4
5205,3.313908016994516,18.60427315066785,88.2241546742122,1,0
5206,142.66786643494012,34.63017938884171,99.32063195796376,0,4
5207,100.81531387517776,29.597416850713525,39.00811991498935,1,3
5208,202.4608817710979,37.74996260503301,49.68025641714022,0,4
5209,191.50607524578825,27.770324429717142,97.29528737607032,1,4
5210,114.2507640548427,18.827952204988144,27.521244023486755,1,3
5211,2.18189444357747,41.16160961492477,61.89662751318033,1,0
5212,75.68208881848814,17.486654134359668,60.539566387031016,0,3
5213,190.0043550567487,20.66893927606146,68.5238191104931,1,4
5214,21.71200290525136,23.30930597885553,46.463409187703206,1,1
5215,32.29272655003916,44.8584182119628,94.07344709374333,0,1
5216,194.11050737012616,27.50579460527952,41.60490087672582,0,4
5217,226.7302202847877,30.05125591434345,71.97564140675219,0,4
5218,96.46491240381364,38.09090252921605,59.67416182039489,1,3
5219,146.90191965496857,34.09246756016441,41.3338761984064,0,4
5220,283.7134094950976,40.24262075824,35.10830365779416,0,4
5221,283.66306865279086,29.59300375763681,96.52496994061272,0,4
5222,92.25083233902905,44.16533062479666,64.90331692766287,1,3
5223,242.99636250512708,38.904370847589234,68.33527297795534,0,4
5224,178.18321584205765,27.04096164939796,82.63163672335827,1,4
5225,292.645348005114,26.43815468835744,26.49813268798265,0,4
5226,143.28407091332895,42.88473576132654,77.10114142374229,1,4
5227,232.41206040466847,35.532469074441515,33.21121100578563,1,4
5228,230.4411388844613,33.643009035769154,79.23848680611647,1,4
5229,149.22986028992284,37.73491912301432,31.306293730190184,1,4
5230,238.68903428919236,31.825014843351344,86.5994959898877,1,4
5231,78.31209999209895,19.7750031925718,74.481300858161,0,3
5232,36.67591088706866,24.57646386235293,50.87122310819363,1,2
5233,127.54912339659488,31.738345911269093,48.70675551220668,0,4
5234,283.08919699007544,15.545034627815008,31.915765084473566,0,4
5235,150.2233824607586,28.120521148896835,92.32426846128932,1,4
5236,190.57774159407808,37.674086378278105,29.482341827905,0,4
5237,187.2487367723626,19.92702013548817,57.76619108233005,1,4
5238,39.77186018085913,16.93676850470717,38.92147638318428,0,2
5239,117.08906471316308,40.08087422183095,99.70620064152207,0,3
5240,212.08169187656245,33.51821605390086,66.86752412149586,1,4
5241,291.59702957421786,20.29736917468392,31.966760271281025,0,4
5242,50.40532148910785,39.189149417495805,73.40511980974456,0,2
5243,123.13256710173488,34.74388414461637,99.3287213778041,1,3
5244,28.528139940818807,25.023578089453142,68.40346244922992,1,1
5245,72.71293789477681,26.28588815885217,56.59032756449556,1,3
5246,113.02780299784509,19.67664489561145,43.461609729492366,0,3
5247,162.19297438570513,40.05766782626221,27.36987318630144,1,4
5248,69.17006467172429,30.27019954931226,38.25970391919101,0,3
5249,68.26879835360572,31.710572299309817,64.2896623651899,1,3
5250,233.34899374206117,41.50475745593244,80.30285589196657,0,4
5251,288.7924988840644,15.474918493592815,90.23447121837197,1,4
5252,97.08389032543684,17.00769187569876,83.49698002981364,0,3
5253,206.39760559070405,19.84736945579445,30.03721610979341,1,4
5254,77.42413840737622,15.901134392644368,81.87679080104374,1,3
5255,278.3856764896896,34.74468469873199,66.52836369166445,0,4
5256,201.87070804961948,34.01638404564962,57.5286046003859,1,4
5257,240.80305639127096,21.32405708786957,65.82112947776645,1,4
5258,14.806212959749445,19.482193346600845,20.646026301799,0,1
5259,179.55179047218738,19.3705410415982,25.418419437682147,0,4
5260,158.2836994075147,43.59724239955927,62.067942325838494,1,4
5261,87.8990720734596,35.80513585874225,33.88953995852461,1,3
5262,78.72899551719541,32.56286485395238,63.64327617067466,1,3
5263,174.0074406950909,24.674606154152823,48.337085749985214,0,4
5264,211.94569050216757,27.99129593726369,92.5929616539802,1,4
5265,9.951827110556687,17.68217643597623,95.97467418435627,0,1
5266,170.2204745771113,44.94455664165004,98.38272904548155,1,4
5267,51.13785868398859,37.652563907149045,91.91503967062548,1,2
5268,42.10881941583017,33.643594704846834,98.87126809538664,1,2
5269,186.93584642840537,32.633015856836465,76.49177005914893,0,4
5270,93.2610351652419,30.12943116099517,96.84338239208412,0,3
5271,132.2640699404592,22.72282283024088,71.34339723654617,0,4
5272,107.99964283193188,21.79171210379201,84.73713655085761,1,3
5273,194.50089604575712,31.48597371567673,30.55279941789682,1,4
5274,141.03592981994066,17.10602443673855,74.60796700820464,0,4
5275,289.0375986113842,17.23412396605607,94.48826474682078,0,4
5276,105.7148277319396,31.824408094810504,63.20385932262101,1,3
5277,222.08530207885056,42.594361446307175,34.94557708242474,0,4
5278,77.18777027491336,42.428155533895634,62.15108485800012,1,3
5279,152.62592778784406,15.32484901982377,76.55527952475907,1,4
5280,165.7709255705871,18.22182646942349,81.58307992779183,0,4
5281,98.73278431881964,32.492330812760855,61.89616079455871,1,3
5282,141.53415867378874,40.45427165418492,37.38944193749201,1,4
5283,83.78359136954765,43.63347259970486,94.1351030862998,0,3
5284,1.8002345021945976,40.81746678137338,81.88939331626857,0,0
5285,64.69449049136362,35.32839405889368,41.65507204940832,1,3
5286,210.0192517479602,21.015752327677077,84.94503339170996,1,4
5287,231.2889073456131,17.17864421936887,47.82901196144473,1,4
5288,84.06086014167599,16.42547348056934,44.99450757347046,0,3
5289,122.41289964542158,33.36230353876234,89.04613018777154,0,3
5290,11.209698041583326,16.08565812046073,89.8588165453697,1,1
5291,71.11887032930417,37.17719869396652,51.878512225518335,1,3
5292,233.76578501168976,36.37412212052907,20.713824406525163,0,4
5293,181.7958810795172,17.388324743300366,34.92524971199935,1,4
5294,61.73115658631142,42.19867095110384,92.74370625796467,1,2
5295,77.23259853672964,30.657878658759067,91.89994696440462,0,3
5296,245.04060689686804,42.13315702013195,56.26757984747581,1,4
5297,62.72526088347025,42.04830168564966,44.32933658207028,0,2
5298,100.24731775413936,20.91102191661355,44.219863368413726,0,3
5299,199.3076074963933,26.417328838088544,91.77558421028306,1,4
5300,168.33371571242358,19.038790005114485,45.97866487804132,1,4
5301,138.26106157014428,38.24934030408962,60.92642077920877,1,4
5302,269.9223272939233,30.123747466135875,78.48088404743183,0,4
5303,65.9131388145155,42.86422726184946,36.75848332875351,1,3
5304,222.4259672589,21.24645644628832,40.30712652687149,1,4
5305,47.719152185455,35.65102984557678,48.64495144761015,0,2
5306,184.7201500446436,44.67710483318126,72.33787114779119,0,4
5307,261.187069023394,34.961437854629736,85.39925209170623,0,4
5308,137.37053564344137,17.06321798492138,63.73646106647996,0,4
5309,217.2883521573987,32.65273049085572,30.63429893196989,1,4
5310,246.11800589969647,20.3952824904371,55.69964184557769,1,4
5311,40.807927463280826,15.915083322579465,30.21525776985552,1,2
5312,211.74806858463305,25.048820919156427,27.063773573335624,0,4
5313,275.9523071966029,22.983122491621973,67.16934158811583,1,4
5314,172.91118295666325,38.66312696447263,96.49696894383383,0,4
5315,55.83667335862681,26.21041623234301,87.00894666672475,1,2
5316,38.082759476682895,36.98876341155589,81.95770100339944,0,2
5317,77.92059914002436,15.487169758479943,78.1644772692267,1,3
5318,31.05398070500477,15.44436400300173,91.7702285708558,0,1
5319,154.01822147551425,15.879403726426712,80.22680673142222,1,4
5320,20.91140481202037,21.58075325347741,70.15018762406172,1,1
5321,67.02138739086794,26.219633550856848,49.17440642189763,0,3
5322,131.9731331736643,33.23537409350564,28.07551118878342,0,4
5323,142.17442512060643,44.57741657480919,56.88266910752083,1,4
5324,169.61954554408933,25.632287010429977,93.98273889162938,0,4
5325,211.68448882521795,16.669767202714986,66.6480212300122,1,4
5326,14.168591899640258,20.84700484997546,34.760334391610684,1,1
5327,24.186285652734973,41.93555501444587,71.92186467846751,0,1
5328,18.257745541434225,35.981375704431265,57.23697872644036,0,1
5329,126.9450946394731,38.7060247211568,94.51040708663731,1,4
5330,12.554383464880292,18.72504617018378,32.87519280496021,0,1
5331,223.8243800493979,19.04960966122524,76.960939880541,0,4
5332,66.90005431154336,18.36738022634688,74.52819718454413,1,3
5333,281.7637479869876,40.71507492928575,98.68332628172038,1,4
5334,145.92112652913343,21.29902826080813,65.1929701294751,0,4
5335,133.8977257326605,34.29455236139165,89.72592287469121,1,4
5336,234.1616077918501,30.48499098549777,21.977115002514456,0,4
5337,213.94619516789732,31.33169735621561,29.831357457930608,0,4
5338,182.19271228444285,20.863060751738047,47.67508582772244,1,4
5339,280.544011875111,34.05738280361969,69.54619177257902,0,4
5340,126.6777782961231,16.293016033749936,55.92634759739269,1,4
5341,242.55950273168597,44.80416828772886,36.21569978772711,0,4
5342,114.02788372374556,15.802767194781872,67.13629919131476,0,3
5343,251.50370228883145,16.504696221475864,65.33592474730902,1,4
5344,77.84238868979058,24.73942259675044,61.95579828166789,0,3
5345,86.78012185080975,39.94876067308615,27.24448896885585,0,3
5346,203.3608602052362,22.715676353302285,94.16203942049846,0,4
5347,63.81398848553891,29.158050413739844,67.38042429611491,1,2
5348,68.74625610762864,15.539319935285787,41.11933977589258,1,3
5349,91.57872870522442,17.366379494509324,74.99345523156165,1,3
5350,203.67863089811277,33.23898145622121,45.432639269510986,1,4
5351,266.81642772696955,20.83075408348286,60.46848214195407,1,4
5352,202.370295338096,35.827636890585765,47.29054168471863,0,4
5353,248.3442733032376,38.56173525051531,90.43152212301544,0,4
5354,163.06817690834092,40.5100259841685,99.5184467627944,1,4
5355,20.676966403543585,19.01398013997968,32.8945652262319,0,1
5356,30.1398634525502,28.66525647095775,21.88631604452775,0,1
5357,166.31759351007463,43.41244349711537,37.5458005585634,1,4
5358,98.34029059263288,38.16250627332923,67.19615864780907,1,3
5359,66.1704220910828,18.50881145538445,33.91609116620265,1,3
5360,139.87707819078625,30.07500735055183,84.91875396849227,1,4
5361,199.9490222712905,42.67141745516516,52.69364614355539,1,4
5362,115.49758432075753,28.201164165695577,68.84261925713037,1,3
5363,240.76267714720248,40.12252826522906,56.44942732982871,1,4
5364,221.5569739714181,29.875311635656715,92.26623372951629,0,4
5365,220.47446464787004,18.20435031737261,22.810826964982223,0,4
5366,295.55690690321654,19.43564778178522,78.34415165252797,1,4
5367,88.56899321149044,16.400272584245393,72.17377066726934,0,3
5368,193.4176759022685,20.85944221726693,71.9612024788608,0,4
5369,256.64350204809404,41.80842299611302,53.11915144305641,0,4
5370,173.85733017417328,34.505941378297706,21.254018278071804,1,4
5371,236.8506528346178,37.16570804648733,75.13925775743662,0,4
5372,124.33565575197368,33.649843751799835,86.35769702466027,1,3
5373,177.1474036964414,26.59617876415043,26.818424878987848,0,4
5374,16.699917841298483,21.50583398388005,55.32940033951749,1,1
5375,295.730281747444,42.76843752029493,33.00758831576434,1,4
5376,240.0055444345252,30.444893446740643,68.87502291436866,1,4
5377,260.64272148943485,29.43299643623818,82.84839010872292,1,4
5378,208.28828344288385,44.88312265780637,73.3365251941925,1,4
5379,55.81500984260984,26.517899651654297,45.44480563887084,0,2
5380,9.30853272540968,40.62375944676717,31.178616226590705,0,1
5381,259.39698232080406,40.87032180950568,83.54145168403699,0,4
5382,118.89919612083692,21.980106310733863,45.91334867941537,0,3
5383,79.15946281197598,17.845190770504864,21.77118653955409,1,3
5384,168.50188765168332,44.26860347147593,65.71369714794005,1,4
5385,126.2695567427158,27.77690592406701,39.73418481867027,0,4
5386,195.49979870626711,15.066609660305865,87.29647986865415,0,4
5387,145.13796991635408,29.97053501486876,31.46041635126228,0,4
5388,209.1699421320812,33.57901091242351,54.78406792474003,1,4
5389,256.0269808527429,38.28264742344103,40.25041628888094,0,4
5390,58.66710328673671,43.28826354670916,75.1681295376865,1,2
5391,98.82986416964604,42.45511886836389,63.88247274859373,0,3
5392,131.04467597119168,43.204074601646056,83.27901753988769,1,4
5393,288.6175344082915,15.963754447784185,56.689006017892176,1,4
5394,109.60008406424558,36.35322401491403,20.384674523551645,1,3
5395,114.32995487778886,21.7757388841706,37.21571844315966,0,3
5396,196.0417568878684,20.62658061616962,99.93256865554189,0,4
5397,125.75991296698476,39.00955705797751,52.42759914476082,0,4
5398,285.36712369188155,27.5138906751864,69.61880863089803,0,4
5399,268.34062814263314,42.49800227347008,92.39452864470056,0,4
5400,154.02263333270187,16.2730527238712,21.641934571607077,0,4
5401,193.43257018435492,39.0654248846149,72.76859171179163,1,4
5402,17.409168565086162,19.10503233847787,43.070157918274944,1,1
5403,208.71915840971943,20.297316046949533,42.33986042819452,1,4
5404,212.16026188470968,29.32055146573497,37.98811225986455,0,4
5405,107.75978869296242,26.867698226183983,85.81833730329278,1,3
5406,65.9048650875818,29.58516918386013,49.83581859571956,0,3
5407,274.52352054510504,43.20079566093166,25.36932306083406,0,4
5408,128.01147024153832,34.7216680669072,27.748092630653048,0,4
5409,196.1118314405132,23.70928145526002,31.889149014944167,0,4
5410,9.998638492876788,20.18726136953535,91.91420698007404,0,1
5411,124.22014997305088,27.601388253928008,54.1954741205874,0,3
5412,245.177643304164,28.54923081803213,93.28394716796168,0,4
5413,116.27280012021453,33.03883229698549,85.39835782096995,1,3
5414,180.94834804106304,22.98008110619304,87.03060970062783,0,4
5415,62.95674014536184,38.0252774129045,42.94654489054661,0,2
5416,124.95769465186788,17.953807364381447,41.70515301676286,1,4
5417,278.291315415956,31.813600908019637,64.80547038702625,0,4
5418,169.93552491031116,33.70594959732334,53.43399695919607,0,4
5419,270.57943772787945,21.20494743195436,60.724855064027736,0,4
5420,270.605789846863,39.78034051498863,24.25633614861596,1,4
5421,283.2443401273439,33.46296375623032,97.72721530100225,0,4
5422,268.6174980240316,34.37166643943918,24.65350462720985,0,4
5423,0.9843387030901928,29.93230517290316,34.306503812950986,1,0
5424,280.2044674744791,42.28782651529016,74.25604198682065,0,4
5425,41.237831725612914,35.81782744462873,32.44012413828665,1,2
5426,11.977875333345168,26.45506694687288,28.54959421662312,1,1
5427,16.616560373415844,22.158176633522583,32.28963050967377,1,1
5428,104.67485855293008,17.131850244704616,24.95361945731273,1,3
5429,186.2412255806381,19.960825115410785,40.10549922066755,1,4
5430,120.69335895569924,44.78048856250979,41.68954168118517,1,3
5431,7.666285394813843,27.203006879749204,59.889767003865735,0,1
5432,142.9447902524144,41.9606168183222,55.09780137638201,0,4
5433,132.63922268111403,20.11708070655793,57.89707321190761,1,4
5434,227.05477965049403,27.76082614022549,69.28316033671221,1,4
5435,83.8838695276315,43.81555401100346,38.47691449996351,1,3
5436,65.25935213831015,17.733967542579,30.77633048735161,1,3
5437,76.78168730298786,32.81952851437508,90.31026229164348,1,3
5438,91.1219467889544,42.575157020889066,70.7153071655161,0,3
5439,179.74946201014995,43.49050118862752,24.85306351478397,0,4
5440,141.45764563562395,40.38022431335327,96.88413199206562,1,4
5441,101.06836955371736,40.67803297080448,75.4454801814727,1,3
5442,112.29424748510353,34.56548862352396,32.13637136696093,0,3
5443,111.27709804769285,21.612693242849776,97.53075453411203,0,3
5444,291.72200841309524,36.92035633454759,49.232587459970645,0,4
5445,69.89909641588577,44.351533933761694,98.76080638918162,0,3
5446,245.4184680816776,30.778005440184323,28.26205035146308,1,4
5447,212.4632512764561,22.820920772307037,32.797537362839655,1,4
5448,1.6710016810651762,32.20413203294993,72.59356406998754,1,0
5449,297.9528654376464,35.71831068721849,21.77147721328586,1,4
5450,226.93181119007207,21.248409282732396,21.495171297458853,0,4
5451,204.7348759052374,36.57568042828268,83.35862657799203,0,4
5452,121.5974123029912,32.622985766531755,33.42242653918562,1,3
5453,166.5609266742869,33.37049727444156,93.50319940700858,0,4
5454,75.98126870024106,24.179637892195025,54.07169297370974,0,3
5455,10.645021543709245,19.658004303336035,89.89218834394205,0,1
5456,250.80649753379183,33.70349685916971,53.42108672692228,0,4
5457,268.9453481043515,32.586989674577154,62.4184003977712,0,4
5458,48.74119098427197,25.14036563141415,45.321132934113024,0,2
5459,236.1168287537199,23.876810026376617,72.64611342047482,0,4
5460,222.3458019856976,25.41733384986852,45.45609327544529,1,4
5461,53.51250058082714,29.696500154964603,37.853607828003945,0,2
5462,126.54864077243816,44.24459205333484,26.483784957016063,1,4
5463,126.827376250231,37.90693866078619,24.613547826227737,1,4
5464,227.9892774915745,40.55219217496465,44.47794825618311,0,4
5465,251.29827173281663,30.169487067105933,78.91786761994044,1,4
5466,28.432536417411303,30.78370835336331,36.44960530748931,1,1
5467,168.89077047126088,21.12973984311083,43.938196011159725,1,4
5468,228.5245490786656,36.631375089032346,92.41371348176992,0,4
5469,235.85717821954756,27.647520173719084,71.13259966490565,0,4
5470,44.39805732912268,37.27340576453133,93.57779115375811,1,2
5471,157.65154294523822,27.27166143937876,92.89808272029072,0,4
5472,257.26761190881086,18.255515616417245,25.072854598855194,0,4
5473,95.55557297558524,20.191610633576506,96.4007459942692,1,3
5474,127.53506967353914,39.3471023422405,24.09423672490045,0,4
5475,241.3075534008997,22.75849468676798,94.04951341987896,1,4
5476,26.795856355128688,22.93063267701208,63.73867493253727,0,1
5477,257.84798696669344,42.88104270006994,62.65516663019132,0,4
5478,93.3470150192427,34.72906868600549,77.06112500958552,0,3
5479,0.4350949773381463,18.42922661653069,90.3369016609384,1,0
5480,70.24774351690748,19.307558103958023,69.36036445290055,0,3
5481,26.85019226865194,23.17102298160838,54.03198830250573,1,1
5482,27.71547209887324,32.81987063479899,28.95114743878188,1,1
5483,207.85072024277744,37.58476409717018,83.13674447159029,0,4
5484,64.19290069171944,23.23489330359591,30.26347939766441,0,2
5485,280.42270889309475,41.11926112244893,78.10926889593944,0,4
5486,154.9333639773912,18.275405366524456,62.23399566256208,1,4
5487,138.02947738647558,21.227975041295387,50.86687398064548,1,4
5488,130.2850554660455,44.113947634286326,69.03891090026941,0,4
5489,207.77629190148957,19.04234590960973,81.78848688596344,1,4
5490,135.67882875708253,41.64333923171432,95.29116947604967,1,4
5491,38.580106867557554,36.11805226212286,41.175750627024,0,2
5492,264.051654192227,17.1926127192512,95.77041281693586,1,4
5493,128.5186046776976,29.51120486699832,96.87584367902336,0,4
5494,22.20137270985074,30.56938059434419,85.09044115837442,0,1
5495,158.80979624932831,42.964188942475126,90.51497399538792,0,4
5496,194.20405753671105,27.63313779231506,75.39420109737374,0,4
5497,82.67473924732757,28.40290846392828,23.12777759450277,1,3
5498,240.10212230215268,18.37451264359135,66.00628357643137,1,4
5499,200.93275381120912,34.17517690312987,79.77636503686176,0,4
5500,195.10235077933004,21.3269092766729,95.3362507765068,0,4
5501,126.24748586033826,17.325997746711206,65.63614776150989,0,4
5502,288.5745904233863,44.90757000212382,83.53605426059067,0,4
5503,82.25675038477429,23.08888883888416,76.40309740355951,0,3
5504,173.31165030463578,19.23159495386412,42.46423108380655,1,4
5505,92.71654724178528,35.98471123791529,32.37824601210868,1,3
5506,223.4414258914662,39.650464677657055,80.07242629423203,1,4
5507,14.337445161036433,16.922324793790402,38.70146889436059,0,1
5508,13.76816036251477,18.16179922409361,39.57532437041127,1,1
5509,243.25829085563743,17.705214707461376,71.5156990960518,1,4
5510,130.2804483191013,16.408779099675336,83.12547712236227,1,4
5511,102.35401638010671,34.78369435902852,66.58656742889889,0,3
5512,182.25805865260156,32.649395692180924,90.79865231032568,1,4
5513,210.5698031606921,34.88419969679799,36.915461540053954,0,4
5514,60.36040405332198,30.170014898225432,40.19315436325917,0,2
5515,55.62937242141947,39.52523056216745,70.95644033259556,1,2
5516,287.44522432796447,31.400049074957263,86.34945476946376,1,4
5517,176.8992919153708,42.562408043988746,63.14814413425868,1,4
5518,117.03494318828044,29.5694559751198,20.830525864203693,1,3
5519,240.43250840085196,38.71975983634796,74.15545033655529,0,4
5520,157.54768763337515,27.220810610509023,85.08659464143479,0,4
5521,72.49884311237442,28.056716843293287,42.12349023167793,1,3
5522,62.02059169247215,40.4697613571375,24.335858310581397,1,2
5523,119.05777985094652,18.2297950607299,61.43615824860386,1,3
5524,257.9687580779639,31.94753264949624,23.372417628076278,1,4
5525,18.43437481327768,36.790094033363566,53.28133951321955,1,1
5526,65.55780022642894,37.51261846251161,21.425427557623635,0,3
5527,267.94554565577744,32.74480581509926,37.99733783263492,0,4
5528,36.52037069077515,28.441934524785417,51.10579615095279,0,2
5529,188.8877154792505,22.823473316002733,28.93647117962063,0,4
5530,64.05341043630753,42.28278706062367,29.13247231909466,0,2
5531,181.7600542535665,26.09363842563976,86.16493922605007,0,4
5532,114.93125005326962,38.96976265600037,23.31390934059196,0,3
5533,30.50306892929756,15.949968388879087,75.11729989389167,0,1
5534,174.7425202662319,21.965076440598278,85.15856394794812,0,4
5535,204.9128241253758,25.36754378652368,30.45778833085112,0,4
5536,204.08178568974083,35.147221899306125,35.62965876107781,1,4
5537,191.11032272181288,24.57992421485673,71.31946412760234,1,4
5538,150.06743428066375,16.240914024579215,45.25172901945752,0,4
5539,155.8417850577977,20.216025481620484,58.11384569879202,0,4
5540,190.69203294238787,22.77496057107978,86.88021666237856,0,4
5541,207.0778085239923,20.28142439807457,31.038653710743187,1,4
5542,196.46302164941557,21.111736804234003,69.57220175237649,0,4
5543,176.08366947403553,38.06870822020064,95.391817782464,1,4
5544,46.75169544123552,27.361009318513805,24.597330374973644,1,2
5545,63.184961547858535,27.15537734003776,24.8005411987809,0,2
5546,78.0672063106045,43.99819009978458,64.37938980941098,1,3
5547,275.8984971262507,28.401055138326008,96.80606368754634,0,4
5548,227.81852753909,42.82974397597185,37.6378913893431,0,4
5549,165.86004586106347,23.97189294650041,46.46335757729604,0,4
5550,75.61707856321405,27.018787797125192,27.891837963829893,1,3
5551,33.26745697325136,26.888500682023864,48.97977843494799,0,1
5552,269.6277677939924,31.38236496943933,23.5465984016064,0,4
5553,267.7998047468751,32.52741872561857,51.127519819579454,0,4
5554,33.20867870870746,22.443750871268065,64.43902199536248,1,1
5555,239.1649998289488,38.80752751251356,98.00038613474088,0,4
5556,133.9935207929738,29.89577864030377,85.471038371356,0,4
5557,97.19007984916205,15.211306605564223,85.76523286202794,0,3
5558,221.73136086261212,32.74021899950041,38.25154596577577,0,4
5559,184.2988623182192,38.94178324587409,26.978776173507608,1,4
5560,234.0090322780012,22.51400213446373,68.24597632833948,0,4
5561,22.298658189881127,16.13613028085778,61.6910556044614,0,1
5562,95.57610598723691,39.21535966952168,61.3203101262105,1,3
5563,95.79505512502072,44.288301479148814,28.720638896056787,0,3
5564,98.92592768632966,17.29690843994707,59.51079154106607,0,3
5565,150.74396179314164,43.141104219771634,32.02845924796547,0,4
5566,84.9041409242842,25.77823235928186,53.76916749694706,0,3
5567,133.3150830262559,43.24318825764263,24.97301061158528,0,4
5568,110.33327793462476,34.46517972007341,88.55140795268552,1,3
5569,220.58881440615335,41.7073293734524,21.054406904473424,0,4
5570,181.05023870251503,38.5749907515424,95.14585115562636,0,4
5571,196.08882969519465,15.839932284618804,89.03134581831512,1,4
5572,63.17516822479333,16.963275069751617,80.20864580554424,0,2
5573,97.6506495980668,30.77233815355632,98.60404658285798,0,3
5574,6.349634283622285,18.888570595347375,24.305599770206648,1,0
5575,32.512412187950964,28.831027174714546,71.32776848418773,0,1
5576,79.5162695966662,43.63890895693403,87.94416723773728,1,3
5577,19.639116390606315,23.84271862663453,30.12936772246155,0,1
5578,180.78972010641075,29.667381414472224,66.78199829332218,0,4
5579,299.4390347771476,26.527788902042083,51.51375269557374,1,4
5580,30.244564219616556,33.89480892744746,54.866169067767466,1,1
5581,246.36906380077957,20.815347919546767,93.00192683081808,0,4
5582,35.64487417954415,22.798178704028498,63.09211602197859,1,2
5583,200.9742056389308,40.7630355409203,27.460963587705933,0,4
5584,192.94728091770517,39.34008671581015,94.97729390755433,1,4
5585,270.8150804433598,38.67569066611921,34.81689364503164,1,4
5586,34.18368410415371,38.12758827953688,91.41094531776513,1,1
5587,94.63333982456932,28.78312480384737,97.6736576868288,1,3
5588,27.233928106405717,36.86672317596624,90.22699705285564,1,1
5589,122.21499774133017,26.61614453616353,74.17070222471364,0,3
5590,273.47795206723345,18.021287405684404,79.48414558584722,0,4
5591,234.4569453185568,26.80123924946677,75.98937950118042,0,4
5592,216.87003013359572,19.759891326837927,56.84195102840501,1,4
5593,159.9082514588106,26.72555041897529,41.953577499614966,0,4
5594,265.0457227006569,23.9227564608866,42.80021839608238,1,4
5595,134.8325394723985,32.974820012037746,78.493428902891,0,4
5596,44.90570013019147,25.846212464952703,70.08291586564401,0,2
5597,251.27556693623376,36.16768990137536,66.79072271753174,0,4
5598,83.89149841551806,30.36440043142948,72.20870703395181,1,3
5599,16.090062307334417,42.584768355462,81.98289883447111,1,1
5600,37.81140920063741,17.73076306051161,79.86727317164268,1,2
5601,182.7176748582445,35.63127565923997,28.431712463392145,0,4
5602,182.12458917635172,35.17190632710119,49.04280397653715,0,4
5603,78.05495132461034,43.51879642238102,41.11737094272685,0,3
5604,218.1540443837937,26.146556011309578,63.05909297793161,0,4
5605,232.0920466198603,24.16313909136487,24.913286589726304,0,4
5606,276.15078784008546,20.17180332640969,80.99712379940055,0,4
5607,175.4812496034711,22.95865546065881,28.522186701017908,0,4
5608,233.82700924427184,30.05672318265416,41.71216207284943,0,4
5609,225.9299039314901,40.13138885879931,82.61932041768381,0,4
5610,77.34271454015786,23.52859810441924,24.124798633496678,1,3
5611,93.0677783812978,19.73226349972172,72.81608548447933,0,3
5612,143.54471872586143,23.16385413222506,93.9582617435509,0,4
5613,5.711690258774549,18.02780925085454,69.41102537502303,1,0
5614,89.21933194731706,42.80086248923988,77.01259899211287,0,3
5615,142.1648620032714,41.17872456066742,83.38134980180375,1,4
5616,32.42078858434312,24.25475150955457,37.77970577489212,1,1
5617,37.88276633253764,22.40963447795601,66.47711344100506,0,2
5618,138.97102072120234,42.16191942194747,44.72453728241513,0,4
5619,219.2895094757793,15.05315853962868,39.959630338024425,1,4
5620,250.12467927620492,33.0173258397404,35.396513206844354,1,4
5621,163.89416925142456,42.48011282837011,66.83444922421685,0,4
5622,142.42469626401933,30.256724667190586,83.56255412430441,0,4
5623,115.28417053792656,15.089008787989016,90.07112513507565,1,3
5624,57.88469773128186,21.56614288155467,54.286875691348754,1,2
5625,43.96860084430941,42.67324781675802,49.83192001583511,0,2
5626,237.56893549854243,15.510672725394878,74.98455216804729,0,4
5627,139.50198966370084,26.843392981896045,82.42873934818805,0,4
5628,237.0960736439264,38.69234178998934,40.265546933791725,0,4
5629,211.2249107701889,40.1427298105501,43.78327073688293,1,4
5630,58.16877431501365,29.328237978860106,62.67146553207603,1,2
5631,153.0921792633677,21.974512551985576,55.550855027195496,0,4
5632,133.2049891268042,32.99114153058477,76.46301864477778,1,4
5633,127.16205182720904,22.91334094671905,60.35879927901967,1,4
5634,162.77131476114414,22.65792773987749,28.927928457806612,0,4
5635,294.62457032263137,39.2279929019104,33.27625558304837,0,4
5636,243.8701793012236,19.627975058898397,92.15270750565116,1,4
5637,271.1137294891175,15.165644352059724,38.19186918639432,0,4
5638,8.891874952811262,25.103256510175477,24.006887313432017,1,1
5639,42.10091003775178,29.7292186498509,78.51636466297802,1,2
5640,25.42909806736905,36.152411756859706,74.72089150757127,0,1
5641,78.96930151958298,38.43345772812866,68.00608149238559,0,3
5642,132.56774758999515,34.9055763340089,60.180492357180846,0,4
5643,192.6159742967669,33.7952664095078,97.56642832374555,0,4
5644,150.2493798859806,34.972461669583055,29.58658367347627,0,4
5645,270.95517447394195,23.14579552743297,60.813022606252005,0,4
5646,281.9567876681591,26.470839688937037,65.12359547760349,1,4
5647,49.05628535923767,33.49309502998693,21.799433470467147,1,2
5648,255.87387607943552,16.967119810619185,52.95939398434708,0,4
5649,144.5166612039903,23.85976050203567,82.6241700310913,1,4
5650,135.9988413952153,27.192568342729597,57.6879004194346,1,4
5651,235.48180454537044,31.00322048561808,90.02227598327335,0,4
5652,27.94215271346297,29.594463220828832,71.58391455115674,0,1
5653,264.74793822574395,36.543956344619815,81.28682912398993,1,4
5654,201.2590063642844,29.20280026249383,84.3584108153888,1,4
5655,262.5784822973994,42.12389951474967,75.16001915521066,0,4
5656,298.34327331228684,26.40955026457252,79.95045280210809,0,4
5657,155.401335707176,30.76115118528469,75.62484318569982,1,4
5658,27.97865937267869,15.096311688060805,64.03709987628986,1,1
5659,49.95715887926595,24.31433869338568,65.32263724763465,0,2
5660,97.08547276629298,40.99718931941977,35.190782610944105,1,3
5661,31.065882640412863,25.00729183788875,86.19513867032455,0,1
5662,244.60254784133096,22.59558999997386,44.97098510175191,1,4
5663,89.06035530983054,31.30610887326665,62.85895059722649,1,3
5664,292.7658564059596,17.361902953262174,39.96364463540128,0,4
5665,210.7774295795567,30.948153949511976,75.6691983284982,1,4
5666,52.02911107666729,24.10997394726565,98.01351617471484,1,2
5667,142.81279408318207,26.49308669623163,84.15521877179259,0,4
5668,140.06526648999633,38.74095013011434,69.52763855100535,0,4
5669,147.75349750009016,34.85892055842355,65.40052269936808,1,4
5670,160.70735119288068,28.383182793715285,59.18170058823432,1,4
5671,9.35192469531926,32.325489392548185,36.39771454108802,0,1
5672,205.89033772308704,38.00576265960687,47.84080414753964,0,4
5673,146.15753258653297,37.37351235588565,52.51152593370405,1,4
5674,237.2896196606097,20.55965131653535,95.56552598728084,1,4
5675,244.60487197812915,24.02757665997614,54.04662832288099,1,4
5676,69.16053659751523,25.44710792898076,66.89522838367408,0,3
5677,14.52688392803334,20.62626870015013,93.79396324894071,1,1
5678,210.9701568336968,15.364843620189124,61.47411262490745,0,4
5679,293.3288365391623,20.219018063664365,40.11598238912275,0,4
5680,133.99739597427032,39.24732981244462,50.480488527846205,0,4
5681,77.88384287807874,31.37761354177413,50.04313603622264,1,3
5682,47.001568375044286,25.249740809615425,77.17740517617236,1,2
5683,86.23367921717552,33.25033336888394,43.68965843680207,1,3
5684,98.37586541143494,37.19502376040375,78.42308622083154,0,3
5685,127.16242303033935,25.63283349062588,91.13941695093806,1,4
5686,196.62213696437595,28.982245246049235,46.885840937096944,1,4
5687,81.94891682406812,16.92639650010347,30.827288019661523,0,3
5688,15.29302904060279,32.912716086374374,71.08434807749143,0,1
5689,111.98358347181588,25.69221286656554,48.86835740191954,0,3
5690,256.6888848477227,28.00570942802363,62.71889337156623,1,4
5691,149.50545325556513,27.67801853840774,70.73325054716886,1,4
5692,289.43512732362296,33.97227866227628,52.61943552487292,1,4
5693,151.08645932661952,32.17396046863443,93.97555614320598,1,4
5694,82.76964507655434,27.66318143329704,51.96917233363777,0,3
5695,57.994199173564375,15.50865064472186,44.58994617920232,0,2
5696,208.3573490356729,33.62887843894138,90.854017687911,1,4
5697,160.91438573323092,41.38732422102981,30.904137874064777,1,4
5698,181.19967869863245,38.08654714781693,29.936714302847207,0,4
5699,226.53803680023933,44.448468967502464,94.85585660845008,0,4
5700,217.77103927946789,19.1722601406214,36.71747312875592,1,4
5701,13.008990050468094,21.67560158363561,31.87499228997124,1,1
5702,240.7715715885085,31.178023956659374,62.813464321563885,1,4
5703,159.8109921155134,22.076451070314192,23.7430772968238,1,4
5704,117.51255924443178,16.036493438450695,69.60120005820481,1,3
5705,161.25582788042112,27.068648284918385,56.23446386712517,1,4
5706,183.7354345371975,23.62934202461948,71.23295715317867,0,4
5707,44.8518929621391,22.912825369766484,42.71495228262004,1,2
5708,125.2246185979335,43.59518451072746,92.43777714791533,0,4
5709,100.67586305645514,22.15362348796349,41.64645701802765,1,3
5710,105.12268344541152,18.882977135621932,71.00517484342885,1,3
5711,27.400481522192464,18.75957773723553,95.60734805020998,1,1
5712,47.95304640006912,39.18972220465588,52.06474306730261,1,2
5713,48.54962027586641,36.44544223580221,32.9141222634276,1,2
5714,111.96742296649434,18.884585867011864,25.4705980729467,0,3
5715,268.3474634624375,21.592593565823588,97.0414397446085,0,4
5716,61.8082115762828,37.42029025330591,81.09611887951512,0,2
5717,124.85775230244136,23.238491935038425,93.51616480566274,0,4
5718,93.48282458974136,44.446262254720565,75.90664425278491,1,3
5719,236.21499376540143,31.217101998627264,47.39588033514856,0,4
5720,15.037929696244843,20.76023911230265,29.84132687867041,0,1
5721,58.96301866076712,40.76425363538199,94.34454874200006,1,2
5722,63.19246270643831,24.584266376917054,59.16952353047529,0,2
5723,297.8888400939693,23.66422065193133,51.72071970220983,0,4
5724,171.2325053898911,24.823237003544957,66.22336489912985,1,4
5725,41.68747931505546,38.045917446691135,28.52474571448553,0,2
5726,81.65974178296965,20.196388491478444,44.73630554995872,1,3
5727,50.34662823687728,26.453573407828134,71.03008856785337,0,2
5728,37.3813708858344,15.924983183532312,28.009835708572417,1,2
5729,239.15460852236777,39.79879852048823,30.819420717190717,1,4
5730,148.72578859810645,25.22156298921016,60.84702912728444,0,4
5731,189.3630410546344,22.44518759425123,69.87656996808728,1,4
5732,99.3753740975988,32.39679727126497,34.96013646350326,0,3
5733,166.10852582019882,36.14975651254126,22.646770756439345,1,4
5734,77.27070975710913,39.38688111548829,96.6693514213405,0,3
5735,92.41088247847044,25.43354836497204,22.19941263060455,1,3
5736,195.6713833100199,39.36902550447209,20.16416332165129,0,4
5737,45.10503777576908,28.946430011143747,45.867245506255976,1,2
5738,185.16655775023852,18.03426802635675,37.79625350204546,1,4
5739,255.6704449269382,40.38922448147338,65.88690896785687,0,4
5740,36.12696785423072,31.42904346313843,91.5367101472864,1,2
5741,269.2383841709937,33.07408715842156,58.48861379514517,0,4
5742,23.83370408966849,43.12473809084206,81.86409670535765,0,1
5743,104.6727680867619,31.77454454817766,92.738163078316,0,3
5744,183.1527945713984,15.16750592033967,35.151972288496594,1,4
5745,167.82442803556106,41.11847523009308,59.06487088976047,0,4
5746,28.91732174833004,23.5425324097038,71.36559996789836,1,1
5747,239.67395033575596,30.053007623520116,46.55065903362757,1,4
5748,291.94598794357586,21.146598076842608,79.18016887907402,1,4
5749,54.36848675513103,23.9095070536492,76.425198017746,0,2
5750,268.5392909446388,35.59946544201102,53.68754273211357,1,4
5751,167.04283263352517,27.887200531137417,27.036300273956915,1,4
5752,280.78013137359824,33.81391891744161,20.92550267860637,0,4
5753,52.82578752502833,39.70727073938853,49.54796497286804,0,2
5754,237.60641795382736,25.22466066559036,26.56550760940786,1,4
5755,17.93447263359934,32.05020114978123,82.52995545666087,1,1
5756,264.95893404081795,38.32763680119409,46.74606266151847,1,4
5757,202.2478266598901,36.45369578308125,73.28786206333575,0,4
5758,111.07643517672902,31.195303079455527,47.71031898403667,0,3
5759,57.14004704935505,26.50150532182065,83.67507334624145,0,2
5760,244.95992957016145,27.225059436990527,91.07299972958248,0,4
5761,180.97239641844348,27.994056359887967,87.0011319410192,1,4
5762,108.1247558844004,25.46536586838456,58.757885118388266,1,3
5763,133.15074744075488,35.97226904669094,26.71612886958564,1,4
5764,247.96279682171297,18.76245756815489,49.73688846347436,0,4
5765,101.67815800706032,44.023623621518304,53.956479576406615,1,3
5766,26.88980343297861,38.36956505914621,96.82032086854996,1,1
5767,273.3846516610418,23.944891565003218,65.23978441656766,0,4
5768,116.20312189741038,16.27642707811907,71.26769863171532,1,3
5769,104.51625333456404,36.33909517136779,82.56028648016591,0,3
5770,61.319885662781815,37.03077134909499,65.4561973768271,1,2
5771,269.22677136850365,43.9086783158273,67.87876873462096,0,4
5772,65.25160010635017,22.61116672725495,39.62622378676842,0,3
5773,191.0018604004151,17.481752706126713,24.709328604902048,1,4
5774,264.22950348243086,42.45404273155298,77.71087032872285,0,4
5775,10.47408438096522,22.759471038383257,87.89477578835408,1,1
5776,248.63751159005872,36.64594341971646,52.96001466600831,1,4
5777,123.17982650693234,16.819789134830337,63.91315625985678,1,3
5778,197.3923725795636,37.81754414928501,44.58281818685629,0,4
5779,111.72136896766618,18.81077691411421,56.01764747725878,0,3
5780,208.65487690424817,35.867590441248105,36.711178101316406,0,4
5781,76.28847436730975,30.970291435602142,80.79094464839687,1,3
5782,6.579162730618881,43.664643914017816,59.35294302200761,0,0
5783,284.33625443638607,16.10752929232029,63.77252425688632,0,4
5784,4.910329212024833,23.761462374001745,22.967046260897853,0,0
5785,247.2297868900521,17.085267520027315,69.7918713834678,1,4
5786,50.74127799674214,41.37592905719157,36.21246496062316,1,2
5787,117.66606858060835,32.81703460983323,50.67157154918977,0,3
5788,246.74771295181677,31.049088370736968,53.01725600766737,0,4
5789,61.77964509370361,18.94373676348929,55.898607799047255,1,2
5790,259.71228165751074,29.670967719391527,38.194911129181065,1,4
5791,149.32768173057042,26.961109655274463,88.00881797725124,0,4
5792,109.84603881518296,24.47255604417069,54.2280120563698,0,3
5793,198.73132402090084,38.16566866495784,68.97075663266091,0,4
5794,102.41691659428726,16.838281195003344,69.11500365550184,1,3
5795,104.1865076989071,34.40057182086605,68.55877395370922,0,3
5796,220.05791728149092,39.68979093606635,64.74544071596777,0,4
5797,92.94966736173237,42.21921848580973,85.81005986118309,1,3
5798,60.23179450632753,37.37749784266231,85.00942509977513,1,2
5799,242.2938383989716,23.473670365746464,53.37156580838872,0,4
5800,241.6113101181695,33.0152238157111,70.86768385044974,0,4
5801,149.27571111206078,19.242108327430657,28.22633956213494,0,4
5802,157.99668484888653,18.51181871234328,27.26181426146801,1,4
5803,208.8229877302916,34.15872426415544,58.39331244170096,1,4
5804,152.78228752873002,40.53322963752608,92.01632188848173,1,4
5805,125.11198769076977,17.017443770988567,71.99997620189563,0,4
5806,298.4682579890237,18.18011196399896,73.53731381180754,1,4
5807,44.29212835576768,31.96821922288071,32.613864966360104,0,2
5808,177.8183937719582,21.546355830580204,56.26435554150711,1,4
5809,265.75890782269806,33.35454368332944,52.06327559875949,1,4
5810,206.1645123543344,21.436314757660195,82.63826774033545,0,4
5811,264.2769897264715,18.494459229181786,31.025927741781445,1,4
5812,100.90041610640178,31.36724946494482,63.13528058646435,1,3
5813,81.59789287807176,40.86585414097857,92.90812020390814,0,3
5814,255.38171607063143,35.5536591645159,91.39679117219184,0,4
5815,118.23437285563816,39.56175412607894,88.18696877981763,1,3
5816,212.90469691719335,22.990055231701447,49.998825034910666,0,4
5817,44.32457352423428,41.57935953891077,95.28805525240465,0,2
5818,226.7514376130024,26.31117523728812,84.42404069274974,0,4
5819,164.6947947074608,40.573430035709805,88.09130553927227,1,4
5820,80.58349197313827,29.135267704461786,94.58830354599898,1,3
5821,148.3511891876715,23.03572942081489,94.96010124912648,1,4
5822,209.08308775191105,22.80776493080379,39.205197060799264,1,4
5823,3.5659226542151035,32.03003653093958,30.21501694217335,1,0
5824,191.24011764423884,17.370308106205375,75.26999548570522,1,4
5825,162.47723348198232,42.90168583765526,65.05711653097138,1,4
5826,66.08585032401977,23.14390487095607,46.19412045055456,0,3
5827,225.89432219285905,25.068744535375657,74.75596054216126,0,4
5828,91.03829538996034,21.99904661223698,24.95975018527374,0,3
5829,83.05827946396943,15.090238816821644,23.776665319670677,0,3
5830,141.36550469979682,35.776507104263935,48.34484673614081,1,4
5831,202.84490352670943,32.716587031026705,35.50772987457287,1,4
5832,278.6537927628763,39.28933620591347,77.48448405900619,0,4
5833,42.40717293963119,16.230323203529416,95.84174703265536,1,2
5834,118.9404362255201,42.859669341999606,72.93019309477003,1,3
5835,20.096877753788977,24.926608201810968,72.3827493702051,0,1
5836,227.56522424152277,42.392095875173816,20.52764587356665,1,4
5837,134.3198669044082,18.213944462026184,60.98215773797041,0,4
5838,212.07874055645556,37.31761744408924,85.36810561401276,0,4
5839,96.6583271928862,32.38074694296979,72.32962922704141,1,3
5840,253.29517242189704,25.74573645757752,38.22259077190676,1,4
5841,160.44842347203442,17.37427187799058,87.87801987417606,0,4
5842,283.0823465470965,33.142095295402214,97.15013793721458,0,4
5843,23.644391743210257,15.793196492217392,42.31942780002164,1,1
5844,154.2830473626223,30.038462974380224,36.56754737326453,0,4
5845,229.9365737993096,33.12625727380965,47.08215237221407,1,4
5846,180.0457944220844,36.97571241862566,25.05266271021369,0,4
5847,6.958242128052827,44.74003902674538,89.87461384695004,0,0
5848,291.7016035031642,22.802811405232948,94.34395844259848,0,4
5849,89.47910792276951,24.67169464120425,70.66424317065042,1,3
5850,74.78335990991461,25.23436040426976,81.14678502827567,0,3
5851,145.69796268197385,36.94748135576505,73.49205419481248,0,4
5852,162.64743225700468,42.95457804768341,50.18833834318953,1,4
5853,229.8864412769476,44.22971248744676,70.56338896434127,0,4
5854,117.98209729769674,43.37434099674388,86.90561367000903,1,3
5855,131.98811293866365,41.3814902314573,84.79259281886137,0,4
5856,160.4879747801493,44.729321214618935,26.484602113333963,0,4
5857,118.3161299224922,26.278371805034908,57.008076843449366,0,3
5858,274.3644237303468,43.44963959996119,51.78571711658,1,4
5859,255.37558999027564,37.83059887187735,80.16069966238916,0,4
5860,136.4921085233635,20.05379578583935,60.11007516366266,1,4
5861,0.0584587011951409,16.36395563631607,47.97608868555357,0,0
5862,270.2803486587842,21.434518736109663,76.50798084745612,1,4
5863,37.30097203183958,38.36253372862878,57.8862816268719,1,2
5864,73.35372455821386,33.95090643677652,40.529922220238,0,3
5865,45.70838530961946,21.73068772040056,91.23335380881804,1,2
5866,53.94467099430713,37.25764363414078,29.04382785224413,0,2
5867,240.8632613669504,19.23966718314609,21.447016550838924,1,4
5868,173.85043249977727,39.65524181576083,31.512882611843157,1,4
5869,286.8285489376045,38.82482927912197,33.09146027978754,0,4
5870,69.43605369711494,44.177279121181456,63.04337600380525,0,3
5871,145.6904724393702,19.508386938879543,69.98924005096299,0,4
5872,293.228510724741,42.19838983243801,55.888890724703934,0,4
5873,247.9330542824309,25.233079911655157,36.33369962231807,1,4
5874,218.58470373614733,27.48179594385935,30.57527190351401,1,4
5875,56.69256041123758,29.05335188660308,59.37215752989812,1,2
5876,230.82162027291483,33.80712159607668,65.23864700958497,0,4
5877,104.26953677877532,44.84290110354128,44.31690973627792,1,3
5878,159.1610691140273,32.998764091656994,37.63519578727794,0,4
5879,182.74836391186204,42.80147595121222,26.44741814779418,1,4
5880,182.80911345727625,22.65084606254169,22.099558959378616,1,4
5881,217.95704157405493,26.95234985445449,28.45891446689439,0,4
5882,198.5106277926617,30.134985883157423,79.36635298271526,0,4
5883,20.511263793176948,24.687059693600123,47.52149201231116,1,1
5884,137.20410778473217,44.3060130889299,22.193513232152178,0,4
5885,199.20648201599377,36.77050661691682,60.65322174834756,1,4
5886,88.7978946497186,29.366440565476804,62.88538135109002,1,3
5887,93.9170061649169,37.53914103629381,54.29510236899148,0,3
5888,37.37026432638466,29.023274972479538,28.854624962838876,0,2
5889,125.5844957924566,15.51675982103778,80.39739180847708,1,4
5890,296.0491302918524,31.295802234310084,75.12652705892953,1,4
5891,85.5958083864112,33.75555656283605,51.578331061727056,0,3
5892,159.43106780582943,44.436222561556846,50.46522853984544,0,4
5893,222.9711758337253,16.223785447818532,32.47480919567545,0,4
5894,4.049181265281199,30.362908723654016,80.28394776701995,0,0
5895,270.1318678794897,17.944642701250856,67.9659123471813,0,4
5896,115.96505541748157,19.46987704712881,26.86347564103565,0,3
5897,260.73479601329467,33.31390016905428,50.24507667495308,0,4
5898,11.684297669843414,21.94703136799492,92.2848754054802,1,1
5899,43.69906555910276,37.47522333885074,56.189968132498095,0,2
5900,96.75883634326776,30.42596077785818,45.99419994404617,0,3
5901,103.63853191898362,21.54638655497212,71.50272603588759,0,3
5902,254.33826690840496,29.81375032803195,36.23779021472466,0,4
5903,3.3603346164705616,15.02645180724362,61.904271856574354,0,0
5904,192.33353294090384,40.88220130973523,73.56182028509164,1,4
5905,39.39373085356508,15.380351311672884,88.39027327800622,0,2
5906,246.96469521331483,15.210296774765476,75.40034422222959,0,4
5907,233.5719797873737,33.34511829538941,50.75278377348515,1,4
5908,149.97630822336018,44.20562777370249,81.42401386786489,0,4
5909,63.80616765371256,40.67800453061936,91.87199424566734,1,2
5910,190.3486172896669,22.560567377683547,58.22108997279517,0,4
5911,46.87749529729369,20.90000433443057,20.36006283866259,0,2
5912,57.00713777779603,33.78336541900366,90.47344207614752,0,2
5913,188.0069706676073,39.67913241066232,33.23535932870008,1,4
5914,297.36853382658734,25.86236012700089,30.106040398429865,1,4
5915,267.31825117576386,27.97063771101228,44.61428525920252,1,4
5916,177.9322073051031,18.46468541033253,50.3986996312609,1,4
5917,161.56103063022712,19.584792637660776,83.95013585493217,1,4
5918,299.51546400243257,32.050547850780625,51.13467080905029,0,4
5919,164.21914429016812,18.07968437245311,23.905693308334666,1,4
5920,126.03495658783318,21.06138374387703,70.87693439924894,1,4
5921,272.86666073260244,22.040310720356523,73.69768187440067,1,4
5922,70.25528876078647,28.31773599640891,85.13767366656829,0,3
5923,29.257797089042693,16.368358923709085,51.90928645289054,1,1
5924,190.2270103085491,29.99312915078816,26.885686096614165,0,4
5925,28.7548901306247,42.86023219182245,64.2449822155642,1,1
5926,111.94456108588804,15.73390983357218,29.679790606200527,1,3
5927,127.07321567451616,33.92954595622396,21.366025841944797,1,4
5928,164.26142011476995,40.07527095454627,82.28667774810765,0,4
5929,297.4978637243887,24.37382527647532,52.27284802707072,0,4
5930,66.29451699995424,18.945556350576748,62.00041376499488,1,3
5931,112.7269135520736,16.300193628277892,73.02793622148272,1,3
5932,39.67203732319741,34.31709178307408,52.082213336899066,0,2
5933,182.2840578099704,31.56703140687205,24.09052739819166,1,4
5934,218.30195469235005,21.87884965175993,40.21949261663685,1,4
5935,144.62304697076365,39.94851922895244,35.54729530703564,0,4
5936,73.74938048699131,37.0651905645703,98.19152166594124,0,3
5937,186.2664807545243,23.292863549603496,79.16043632203679,1,4
5938,161.74731701065485,37.60089068593902,56.1239998610554,0,4
5939,51.355717021115325,22.349826405023176,25.069391716601142,0,2
5940,121.70457015063909,35.25802385599083,29.26804179826164,1,3
5941,130.55912749055847,18.556351232216382,85.03196554171318,0,4
5942,294.7853261314299,35.76718389999621,95.63592750696004,0,4
5943,254.7857496466565,22.16323256946781,22.50801475802628,1,4
5944,220.31123648207813,32.17408062725142,92.83176981506207,1,4
5945,266.63310765088426,20.17391600555648,50.44509707087936,1,4
5946,220.6453217486145,36.77900842703857,37.09061285229392,0,4
5947,271.02055653772,16.82638723179155,28.17858859305523,1,4
5948,16.365934463852394,19.962533604081564,81.7399153562556,0,1
5949,136.81986278007497,20.524094396125093,57.51283881454509,1,4
5950,224.06950057255008,16.24030757561996,86.59390255482054,0,4
5951,174.98873898300403,37.35037548480737,38.09257227399697,1,4
5952,52.549849245236,44.42857514219799,74.28544294659397,1,2
5953,102.14762595856028,38.35193365235047,29.449736389290244,1,3
5954,95.33231250800738,40.81895886367187,27.180054730781578,1,3
5955,78.4040739553008,15.180229810148315,30.67198802894012,1,3
5956,102.94066605418982,18.5360989132378,84.71210404482457,1,3
5957,154.4559865383363,31.77061017884587,72.4495788346112,0,4
5958,256.4607074349828,44.33606654382503,33.27711135469266,1,4
5959,222.60979871812688,34.82138793144611,50.78177685481484,1,4
5960,250.5749112048701,26.22410081214233,81.09488078051655,0,4
5961,265.0811233689259,19.38447916444377,42.85395115311098,1,4
5962,124.84513682928218,19.585070831479523,93.70109698504766,1,4
5963,103.80788520802416,25.882596069503517,93.16822330802056,0,3
5964,17.287014505248543,36.41430592032022,64.23206605557789,1,1
5965,279.1474865629303,15.95457873074732,70.5579415321692,0,4
5966,19.74690538144318,40.56532774384915,72.2574682710264,0,1
5967,222.34065461114116,43.24654307069417,40.67747662040605,1,4
5968,113.43249133967616,41.664493815924935,49.22571109791896,0,3
5969,284.6342323497559,42.39080728190679,30.875288839190773,0,4
5970,125.88060628023872,15.460178382547912,93.98970733230952,0,4
5971,244.98250540641493,44.33376947849688,77.90795509564417,0,4
5972,84.79644964910298,25.990713446710465,23.708501306611804,0,3
5973,89.726615173154,41.07843355095524,63.95099600783333,1,3
5974,178.65582296353026,20.604266120988424,47.445898779036746,0,4
5975,299.3947901122421,28.395772279867103,85.22303016491273,1,4
5976,155.27172539375889,16.3249316587193,47.50400702668102,0,4
5977,280.89259091798715,16.20227990528482,71.53200996807159,1,4
5978,235.87494847461835,43.29828302308914,33.259226676525806,0,4
5979,238.75929425317048,39.31819837587118,64.7004391719247,0,4
5980,130.78799673862923,30.8947813324138,43.51085860428394,0,4
5981,115.9626750518402,30.763745206936136,33.191073789001024,0,3
5982,57.57654242724462,37.46263855428559,69.54073175491648,1,2
5983,289.18238009509605,25.2500634471147,71.09129600123006,0,4
5984,287.818083733146,37.856078275858565,98.66830249070291,0,4
5985,224.12032029305485,29.55025139979817,73.52848477288926,1,4
5986,88.87573495580085,34.137522087343946,61.25679508217026,1,3
5987,73.55386210268465,43.94488350309443,93.00966744677996,1,3
5988,296.5830727160889,29.139466725607846,86.26246549507647,1,4
5989,19.96284453245325,27.552139792393504,63.899702275214295,0,1
5990,253.0692876423927,42.17247521824076,60.90792621926458,1,4
5991,106.6374001447424,42.07741484749032,95.35753485727017,0,3
5992,125.66091591816615,44.77256105649528,69.37016351671446,1,4
5993,249.59329462465115,31.525889979249275,77.10233353356055,1,4
5994,27.180904801607408,25.327846230798084,26.93432337177625,1,1
5995,106.25090355607716,22.21170189533111,77.46444969994073,1,3
5996,285.6072831508719,16.022890708549856,41.17454737653466,1,4
5997,209.71977383137693,36.80185872632656,29.243033856503335,0,4
5998,226.48174944176716,22.0042852120634,87.97328870442479,0,4
5999,227.2515902866429,33.19922655676972,75.29528693221968,0,4
6000,18.171024949183355,42.49777096093186,52.60514497905043,0,1
6001,60.96227797812934,43.5064082218358,54.51333809664532,0,2
6002,147.37897682436355,15.13230401940931,35.76941777678531,0,4
6003,110.44506974261256,24.51225094129069,20.764079637302014,1,3
6004,123.27368793985605,40.121340883956805,47.948731165550136,0,3
6005,234.43421358770175,31.093356160546055,31.873148774606843,1,4
6006,4.403770520320583,39.22526200446458,53.73814365498522,0,0
6007,198.1475778963716,40.59969848513814,86.70600703439666,0,4
6008,0.0330695405467373,28.278786598239684,29.180349072217577,1,0
6009,18.91755767287311,25.769488140743565,27.34028817089172,1,1
6010,122.4858359512872,28.662997981515765,92.16817759724496,0,3
6011,252.28455594144643,34.58385607872799,79.61116499506586,0,4
6012,43.49872966933815,26.01477458660455,24.245589249407207,1,2
6013,166.38642273858346,38.24964866093258,26.365638820606705,1,4
6014,203.55156804802328,42.11978381055067,74.7939382519142,0,4
6015,68.85986525164817,23.4693360647618,49.627536171814896,0,3
6016,153.6990765808749,43.94968932522718,77.93386364355538,0,4
6017,273.4221849414577,33.68175740175931,52.35632554403821,1,4
6018,153.66855760965984,41.34506313659223,97.42293498569342,0,4
6019,47.1969185362944,18.117493058163163,75.55332898085209,0,2
6020,188.3442890062634,22.54497411168716,23.72926118765399,1,4
6021,177.6600540025542,24.630572382977768,46.4401419901893,0,4
6022,8.086427939439368,24.0846645352354,65.08849489088234,1,1
6023,27.17832172426998,20.15583469795596,31.34989105602859,0,1
6024,47.03440654230323,41.04602842574497,20.201624006023657,0,2
6025,40.88672326856098,27.5583642386865,26.344650585737305,0,2
6026,77.83973116827994,43.89390637400364,61.94107821569344,0,3
6027,136.23159697067038,32.504171003704414,70.58040727084568,0,4
6028,111.51488936969533,19.151839069345893,27.432270055537,0,3
6029,267.1949674213791,31.377141295018717,73.21252191244906,1,4
6030,183.63282282190116,44.80635443172727,69.36993258037407,1,4
6031,262.8433049885529,31.955150612978244,95.191758560901,0,4
6032,158.11179747527967,15.05608035388688,87.2540393249816,1,4
6033,26.961141206801987,42.99239710771258,95.4593490991172,1,1
6034,138.98623471993045,22.04683218384568,97.28860985254128,0,4
6035,246.6097640527095,35.6558715920687,55.26468287836976,0,4
6036,58.23113015013243,30.452404648663283,59.03285450224086,1,2
6037,27.36428362579493,24.763012705226583,42.52975746312808,1,1
6038,98.83042150147804,23.47918571029166,60.67459220758696,0,3
6039,116.66934919204188,42.86279587521314,32.057175855936954,0,3
6040,91.87730292177132,42.35777687759512,73.71447686065584,0,3
6041,40.5722356873668,30.394045201613373,21.994602773202363,0,2
6042,75.25195791651436,22.75485586605418,38.85022050284398,1,3
6043,204.6847213806331,18.07026096515993,36.645735855305205,0,4
6044,115.77855488794918,19.697291485772567,95.03112571376433,0,3
6045,189.76483338556676,30.667551772218136,31.592140136627933,0,4
6046,160.89113397561974,24.234898817370272,91.26203606264754,1,4
6047,164.7158819573007,16.2620442677987,29.9486577094531,1,4
6048,74.5648673843388,28.655021559333004,72.05583890243699,1,3
6049,156.46290983045446,37.38567877392941,45.59087745386705,0,4
6050,7.078414158960533,41.75085347879963,45.28018948375933,1,0
6051,129.52312269747785,32.558521370492684,99.8616880097172,0,4
6052,171.78684695697453,36.69876371527338,38.08342862343393,0,4
6053,54.59868640623279,25.92211412594797,36.20480543475541,0,2
6054,76.96755187468541,29.887145376508183,67.14677992783709,0,3
6055,65.85930594468581,36.88880569530088,79.26019176228584,0,3
6056,21.16738657962725,36.82974682116883,98.6003618818758,1,1
6057,104.357196342027,27.735787937085124,76.11310193899686,0,3
6058,293.68972993558185,31.310020246749684,64.94968530003277,1,4
6059,106.16412193908302,42.71566018652908,52.73053742064701,1,3
6060,138.1609865510927,33.95992814829701,67.60902471781331,0,4
6061,195.92617528691252,34.27723877059769,68.06679974021534,0,4
6062,194.54932535073212,38.5386087715608,37.4169195091459,0,4
6063,284.9684940055873,18.456686889479187,73.69668492270426,1,4
6064,257.2692421197376,30.686528749461825,36.353903253152325,0,4
6065,238.18520613154567,43.78295208812946,59.19638587162873,0,4
6066,285.4881677334932,25.849811765282965,40.78956101039299,0,4
6067,69.22961564495148,23.84778439266273,45.02408189838008,1,3
6068,185.11625838653777,33.036238968142726,69.11016159968239,0,4
6069,266.1590300166469,21.633582736959102,25.158809179024026,1,4
6070,187.24144748343053,31.67835469570947,20.9627852259382,0,4
6071,293.22614238206086,19.66956032572922,30.44960076381149,0,4
6072,30.105814171913703,32.393803820937165,33.496558245959804,1,1
6073,131.7991508379601,33.07137550935532,35.82983744365072,0,4
6074,293.20887237259086,27.552014370367885,81.91448561715839,0,4
6075,113.87040857097772,26.482392763160654,55.74863736303029,0,3
6076,221.8669125297913,22.36374835201348,57.59489070754177,0,4
6077,9.120870323594756,24.92766923500783,71.54673302844347,1,1
6078,208.4511343890939,29.9503790157409,78.32870147302782,0,4
6079,280.3880197582735,22.42976703087303,20.280667964274883,0,4
6080,114.81188555700082,38.48503390115587,88.53802686441357,1,3
6081,6.389951378078839,36.27105723977315,99.07478778192866,1,0
6082,8.372941318645156,23.079176014379865,29.744594579073738,1,1
6083,267.6069917133267,17.92305489304644,72.08644669255229,0,4
6084,216.75483212887852,15.005401169518883,20.19310035207812,0,4
6085,32.00591526797395,32.901565571444664,23.92235889396659,1,1
6086,16.37708311535897,21.340912393609464,42.800081606884426,1,1
6087,241.44760908464383,15.377474103046174,87.71232675357072,0,4
6088,242.9581898416077,25.77255811776068,72.200072115019,0,4
6089,36.1565519376147,43.859953869523,55.66567455778615,0,2
6090,90.45612116659105,35.69828422889452,55.08787788819142,1,3
6091,234.0078193721669,40.73291108767374,57.28428594825013,1,4
6092,157.6236212862019,19.3421729478219,44.8826486240803,1,4
6093,286.9754582175898,17.19864463858309,90.21716141004114,1,4
6094,144.31879360380148,15.345892905291674,65.42953049598378,1,4
6095,203.08738126965375,43.669868700584615,58.71599708206823,0,4
6096,152.93500972247526,24.00608206060645,57.20612825256831,0,4
6097,282.8896487055137,28.78514827022574,94.8661173518354,0,4
6098,119.59772762028264,26.83570870805324,77.89295425757454,1,3
6099,68.93893655358,36.91370806178578,31.58516437732685,1,3
6100,97.99015808429796,24.298946458582293,54.95761359546121,0,3
6101,255.8325612495688,31.063586478421545,43.06977683316187,1,4
6102,149.38156905364002,44.86746794866403,98.94949261841302,1,4
6103,106.27569105067172,28.321906540327088,53.23165650505446,1,3
6104,163.27800654284485,31.53814622099267,25.42960824238259,1,4
6105,39.96891218305271,30.07584186932513,52.89696011702435,0,2
6106,1.6077913876788252,39.095584744080966,45.70802244847482,1,0
6107,84.17540510804723,23.00518962100725,67.96661176625983,1,3
6108,181.5017159350627,20.11314048428391,38.08625401832239,1,4
6109,213.50423089841615,37.62279474794586,22.877891975950533,0,4
6110,247.98328990559,27.468545591059627,27.670430012711307,1,4
6111,277.9990678183409,42.41178026930062,42.65180716274923,0,4
6112,123.63370408943042,34.32477857380193,47.86581052264861,0,3
6113,222.1550398672364,31.93029335135228,86.75604320357863,1,4
6114,22.40187905941876,17.113711644776316,41.60557472115079,0,1
6115,17.25899963162403,36.91235715413394,22.51944427808369,1,1
6116,37.43939759584698,35.58121096538875,82.45867865622833,0,2
6117,134.5707293492287,34.202157734614644,89.51340560711701,1,4
6118,63.38443154962498,23.03728570712072,59.38449899204223,0,2
6119,86.07748258134474,43.402179650233336,42.79417846051766,0,3
6120,194.3640520536908,24.649653810984603,81.77119040947328,0,4
6121,107.5566536408538,19.56692870261803,20.71187253455924,1,3
6122,167.21146731540665,44.616034648050416,93.92225832863156,1,4
6123,123.72112702097768,37.38738837371304,89.2425315901849,0,3
6124,50.69077665594587,27.44360646978544,63.58665679638686,1,2
6125,22.205997076768234,43.07749292666121,42.20649503278309,0,1
6126,70.86944859296635,17.733521230985918,22.62759061991981,1,3
6127,17.310140847313306,17.629836492796734,99.98590001574898,0,1
6128,185.58358796694208,35.47353055885756,80.96589784309472,1,4
6129,238.7152804398301,20.339161451365307,47.096790064652666,1,4
6130,101.92223047122026,42.514185455798525,21.541757731102766,1,3
6131,116.13331660570748,40.21077522896613,71.14333827686168,0,3
6132,244.857318827792,24.191016723035595,98.95232046013564,1,4
6133,66.78387371206809,41.66518746808111,76.56581669061339,1,3
6134,35.748079558462265,16.286630610219852,26.69715268558442,0,2
6135,150.33543519932593,31.459135582124816,52.1822697738845,0,4
6136,193.85705085997117,43.066883211264994,28.734677018204646,0,4
6137,179.8963275139438,40.66148936807095,92.9728439680758,1,4
6138,214.16191358225424,25.68219971402985,46.43315767620646,0,4
6139,17.025354651907165,20.486113057039045,78.67012234725368,0,1
6140,128.4604838275119,21.316217652112336,26.77522864072853,1,4
6141,71.57115718370794,30.435236342352155,30.27317566363516,0,3
6142,227.7363778638073,32.903188315094226,74.35901296405477,0,4
6143,261.8191452181049,15.984429498709092,87.47839586897354,1,4
6144,84.40072224192447,27.406546777046643,36.11599650650231,0,3
6145,28.56542372082248,39.91161346931713,53.46697967976508,0,1
6146,76.02838859741905,28.32986850707391,69.55336277625014,1,3
6147,31.202546717675904,20.075261728482317,83.7021071408218,1,1
6148,96.72664983403612,43.6458087905729,70.25572883034249,0,3
6149,161.4595734965477,22.988266197794,27.634073651406137,0,4
6150,292.10428631946195,38.95284796902182,63.42554626672672,1,4
6151,119.81107630540755,20.813824990168044,90.7685345181256,1,3
6152,66.01197715638634,27.69518187664769,89.44189768191873,1,3
6153,50.04052211125052,29.71267619324436,66.8012486200769,1,2
6154,51.9119298416028,30.019058878447336,99.65569654166713,0,2
6155,57.77930497843776,30.494216043021147,28.40989779074843,1,2
6156,228.68010676123413,21.74842622069284,58.28762859133222,0,4
6157,18.30831342972597,30.477465658825057,82.00989114821922,0,1
6158,299.22081208291024,29.45138261633263,31.28304944913274,1,4
6159,156.80591734987834,21.2615849137879,97.81998091862836,0,4
6160,163.2815682902477,44.64574678511133,48.3237236146916,1,4
6161,107.26916360988145,40.966901783596505,48.01118031828727,0,3
6162,207.07660782363612,41.627290530674486,37.0555440912965,1,4
6163,141.4369022642393,35.56713151148685,43.04139712532755,0,4
6164,98.71838548936492,19.79691092075269,66.20711200584779,0,3
6165,79.54152111241287,32.04276191699246,54.348343124076365,0,3
6166,277.6953620799779,39.64318894882158,35.47025426613842,0,4
6167,87.29685451572607,16.162094660659875,84.73119522531755,1,3
6168,130.9179778289526,29.87529309862859,24.97914456992477,1,4
6169,105.10242063494049,26.883686399847544,86.77221956002174,1,3
6170,25.853648228410787,21.363741889779103,41.995097971833,0,1
6171,55.78031834468013,26.34750011295953,59.67226664767775,1,2
6172,56.850592597914606,44.50492532608358,50.48516308707135,0,2
6173,208.0948543168965,36.69729979085333,65.64816907117714,1,4
6174,121.97562298974276,23.98611240044824,83.67919961121403,1,3
6175,234.5902689211976,33.16065154442489,99.1455834779756,1,4
6176,212.6852773002471,22.39968720857039,44.48473165231213,0,4
6177,57.6149299188113,33.32531727072822,64.3043529890827,0,2
6178,168.87507603603018,41.88500068454795,57.28060390199979,1,4
6179,222.87265381464084,31.70630399827657,99.91425274504964,1,4
6180,189.9128770427169,37.00019926358048,84.71309043995592,1,4
6181,180.00495242639428,28.600169961488906,51.76670868641543,0,4
6182,221.8832662202304,30.72371752991989,58.15032444861171,1,4
6183,17.034221776892068,35.852252362646354,39.67652755412747,0,1
6184,219.42658420842983,39.37215015154192,80.41978557990612,1,4
6185,81.7965789460285,34.78354159576349,87.61694291027537,0,3
6186,171.56167635280622,44.3247598167028,97.19894588983362,1,4
6187,72.69149840895224,39.59467763394848,65.26631174542376,1,3
6188,251.64527166205127,38.31480613823625,73.65464017899515,0,4
6189,144.16780629022682,40.35304736943076,55.68470653355675,1,4
6190,192.88236360749508,23.43632806273047,68.7302808270115,0,4
6191,238.2246130430184,27.96141461845142,47.89992241921047,1,4
6192,268.5945765214093,31.93388755183772,79.01512932165113,0,4
6193,219.6186291208023,28.871589553280568,21.81602926035019,0,4
6194,44.63057285712172,40.42373454672239,22.27654797535869,0,2
6195,256.359710875736,15.81205553037696,77.28967121492785,1,4
6196,185.57337475965184,21.275262516984625,94.45462425001328,1,4
6197,182.83492751408207,41.45119623005564,70.5799147549157,1,4
6198,276.4021679414765,16.773004130309015,78.12226392029575,0,4
6199,74.64946669976493,21.80964910826394,85.91474329745341,0,3
6200,71.87628554820999,25.537509911294585,48.93394115708635,1,3
6201,153.95806640848855,37.52221682435073,28.64909260475267,1,4
6202,225.25891996045956,31.805420885005454,94.6473829800077,1,4
6203,134.17221246855274,43.638141083409934,95.08564520019522,0,4
6204,190.16741696772067,21.836250452189205,55.34724444576632,0,4
6205,135.75741726681565,41.16361214966189,37.3735725595691,1,4
6206,183.11615414609065,23.48740469247746,91.38835062159912,0,4
6207,246.67869078411331,22.364947773796807,76.67413576682026,0,4
6208,54.143008827276994,29.951255942980524,20.658268043756944,0,2
6209,208.6135602017952,17.13613515769481,28.6175761167266,1,4
6210,236.22772180145495,26.529210389798493,98.65597142173957,0,4
6211,134.13342224453473,25.67027904329231,23.05025430465157,0,4
6212,96.97007312035628,19.80304667105321,42.60440082908977,1,3
6213,4.063297177320624,40.82384535824732,63.87970757649092,1,0
6214,239.13150670022804,26.5766893112815,34.74844929644364,1,4
6215,98.38159771079644,44.45760538541048,38.56432690903672,1,3
6216,107.19284082241506,41.99123847113323,48.237398924960175,0,3
6217,100.80184892964368,20.844320987097763,41.564341465836286,0,3
6218,149.62179924370145,30.153665170138154,84.26849823360057,1,4
6219,210.74987196572312,33.054124150996586,60.02195787140838,1,4
6220,231.55893930015324,39.56881508830863,42.28961180620884,0,4
6221,117.7712161209475,41.56928248954185,45.04768267957587,0,3
6222,198.93061051355076,33.7205406346647,23.18919676704251,1,4
6223,216.20527508139455,16.05402609426646,23.95136609447005,1,4
6224,89.07519950321446,29.43829348554388,77.43260530871072,0,3
6225,28.98644086112798,41.54410608558997,29.032866965689124,0,1
6226,268.39971619333875,36.4226880763278,58.06374197454255,1,4
6227,203.13479153447787,41.10425824228373,87.38925142846374,0,4
6228,194.43312266288743,35.22239369168122,49.47628045817609,0,4
6229,17.670754563593395,16.32105029444918,47.66017816085648,1,1
6230,245.36191725117797,44.04019968619832,89.84386206295775,1,4
6231,169.81624682581594,42.54055621709036,89.18803173197381,0,4
6232,254.36532519526983,18.7973861973787,90.41094411682268,1,4
6233,292.36835512102846,18.380735005312463,65.75311681054072,0,4
6234,287.1300962640726,31.172355014310604,96.18434188586082,1,4
6235,256.82680391706225,37.7115250367065,85.51711582539018,1,4
6236,3.28421214941067,26.46519635814761,53.2507541561895,0,0
6237,265.71816247108694,19.09146490629726,70.36441135520306,1,4
6238,22.51869414829365,30.316682963440638,29.74312662066477,1,1
6239,255.35819105303017,25.126984086569173,64.10657487606812,1,4
6240,84.0522205834871,25.55315866653974,41.051926684341495,0,3
6241,183.02050156001027,34.349566105211466,42.68377812090951,1,4
6242,11.420469344963902,41.56824297688512,30.05745863423399,1,1
6243,231.3545088354684,31.75775192566933,48.65593788591412,0,4
6244,33.51183666989145,35.62807532488907,58.51122642393261,1,1
6245,123.20645150273155,34.798409745637244,68.02835529494905,0,3
6246,245.2338006975904,31.5343857767079,44.38954690154476,0,4
6247,208.6046989525005,24.322744367493904,83.37985874480731,0,4
6248,1.8128090574200728,26.333825547307164,61.67679692829744,1,0
6249,120.90970036276464,24.47111395471249,71.04416871645846,0,3
6250,12.578255089352409,42.524942894461645,42.25148871828263,1,1
6251,202.04995824554075,39.79856011531329,85.13087032098117,0,4
6252,290.68454752599644,32.38042118553662,69.94195604527498,1,4
6253,196.57837869022777,42.36730412922602,88.98789995593256,1,4
6254,67.31172933526673,41.59226079443934,32.79612631506356,1,3
6255,106.56990961996205,42.83083199255505,50.453061354479885,0,3
6256,292.9951666975403,21.653215729665988,29.041294724580773,0,4
6257,67.21572360970501,36.52509113291684,37.2421848723514,0,3
6258,168.4587219163328,33.276734997705056,51.5638003587896,0,4
6259,120.13614260452344,37.01491913503821,91.56655261274992,1,3
6260,230.4945893784665,22.90138091754861,64.56325352575232,0,4
6261,260.2167815939661,35.84427214314893,46.43026645714066,0,4
6262,102.25118230508905,27.294855457631613,79.75193303036738,0,3
6263,198.1189091098148,40.022753889189005,21.57461649554412,1,4
6264,164.7143092553182,38.8609717548532,49.60737689941343,0,4
6265,83.53334701663002,21.340728325767515,68.06653572747027,1,3
6266,81.58224084390051,20.51565829209909,66.65898430897616,0,3
6267,161.58949425969118,36.53195163854598,68.60463059539953,1,4
6268,46.20086205968994,31.514246841844813,36.92006118515728,0,2
6269,243.24296894474145,31.71617732046147,46.96633223947831,0,4
6270,20.701451760120605,37.57545970378064,94.52523616917014,1,1
6271,28.372345862494896,40.6491237906537,97.9180425029358,0,1
6272,102.66789267818028,22.168917018261503,44.96306810655157,1,3
6273,35.42752745914001,31.666186403716505,71.56029627270034,1,1
6274,142.71000637664775,39.86864128476232,39.30374233095247,0,4
6275,119.90276713256112,41.18382513585008,49.48229335789716,0,3
6276,216.54293876571512,23.6222816501555,83.3867757452771,1,4
6277,285.9012465629161,18.12461569792537,60.09429840051325,1,4
6278,226.06757542173776,21.9846976163334,87.96719678732318,0,4
6279,53.8345988641813,43.364985420435815,70.29921965272456,0,2
6280,280.6563856393209,28.874391373056422,70.31369481169189,1,4
6281,117.64002976592016,27.557213716680742,22.710402251826007,1,3
6282,142.25680827807386,15.392530462026304,79.97362873935276,0,4
6283,126.47287121119066,16.530440487640533,98.22932223603976,0,4
6284,84.16410698631569,35.060877884241705,57.84228482027078,0,3
6285,268.5132863392452,32.69481206174989,32.686401196733776,0,4
6286,99.67165976898484,32.265848954862115,98.15821371044314,1,3
6287,173.57894090386392,18.309686280734148,43.21006998542931,0,4
6288,72.01007531229907,25.56183508696061,52.73583645897364,0,3
6289,239.2126124310541,39.37074415920444,26.18931312812253,1,4
6290,232.259597858756,20.24733671749912,28.86694925539349,1,4
6291,88.89364153411319,41.48061752947309,37.32525364475251,0,3
6292,204.4662219430361,18.644349010467096,63.87728520721608,1,4
6293,211.1620599284849,20.074479903719645,64.62313614915264,1,4
6294,168.75342483142987,29.33249883461185,68.49950582743055,0,4
6295,180.17951468150105,43.35899713345612,66.7053565606077,1,4
6296,172.33639148723873,24.886430344362708,59.61895864667316,0,4
6297,24.559321198453688,34.74653980674147,84.16789236816872,0,1
6298,201.07960341413548,32.66013767967229,94.7119757899098,0,4
6299,140.93250295160738,19.488679095016725,41.58090666233835,0,4
6300,131.53718416242407,22.4450070418249,30.415494584514796,1,4
6301,257.9997656345402,42.904583179314656,54.00698351247664,0,4
6302,6.968014038335313,20.544888709592986,22.11379000751808,1,0
6303,75.39447538762654,35.8502966926534,90.66550989693413,1,3
6304,36.4210499528239,43.94083447800914,39.17650081970593,1,2
6305,10.602313382917728,18.585179766068343,63.9437303798636,0,1
6306,82.70309930278427,26.97545970561944,29.207599191718057,0,3
6307,296.5428818384033,21.71796433328212,64.26058713946274,1,4
6308,81.06875196227213,21.64684552213629,23.119476232149157,0,3
6309,199.11174593873145,18.569575319990424,81.50453564712468,1,4
6310,35.489667012216444,34.486535519743974,96.43371701151318,1,1
6311,180.554289014169,37.39030529732135,44.55808519548764,0,4
6312,295.344444941494,35.30381730069169,40.65716883634341,0,4
6313,87.5512570381396,42.739693728574586,55.83959772694722,1,3
6314,254.42268491267484,19.370364261541624,69.59789282003007,0,4
6315,299.27141410996063,24.595361201550183,35.11699695934464,1,4
6316,176.5662266162232,25.33718429107368,84.2646397810302,1,4
6317,92.82033012841062,21.96246311540714,35.88278506803286,0,3
6318,202.0593779697469,19.266148324709,20.43793759869664,1,4
6319,253.45446188058563,29.60110427778791,61.94004668684596,1,4
6320,51.40507288859349,40.033188841422856,29.21197689327294,1,2
6321,135.754729152436,43.63619176809954,75.85909803096513,0,4
6322,95.75631303715228,18.88021896655493,33.397599669480414,0,3
6323,85.00769908871396,39.69471684218208,85.39043164160283,1,3
6324,258.24637822205176,39.73743368895825,57.62945063007984,0,4
6325,126.49620204655156,26.66934364657701,65.302232369333,1,4
6326,101.72290254117384,18.300888724363624,34.92681322421694,1,3
6327,181.0531624278041,44.70024020270694,31.73504620243703,1,4
6328,65.82047389121438,34.66779091586456,70.50339732161696,1,3
6329,68.96804717042369,44.465870851247416,40.43684922733482,0,3
6330,156.08661926145135,29.509665470539755,50.87404546542062,1,4
6331,122.78181859385523,26.855789998101866,58.35593231495888,1,3
6332,88.49471517669734,22.41556427911361,38.37068844647518,0,3
6333,16.18533968223066,44.50716005316059,83.63390484477628,0,1
6334,156.23227159155647,22.59771808386821,95.15395271271244,1,4
6335,244.9827616803225,15.71288268654151,54.55145296481823,0,4
6336,255.41316158581736,30.374052407654336,93.4038707591011,1,4
6337,70.63199391782406,26.311514791527465,90.61462538738868,1,3
6338,179.8923611842465,22.841475102877936,33.28377829761006,0,4
6339,256.7643928388821,34.03824349443521,33.87055566583306,0,4
6340,122.61777848287944,25.928058446934667,58.19240491763069,1,3
6341,279.64104519225856,27.067526649506185,62.06857433855629,0,4
6342,270.89355873886586,15.69136811682133,47.29037805219132,1,4
6343,62.44016922564282,32.67212785659173,45.03367838708938,0,2
6344,77.68944987006114,18.662130895411284,54.50938318412365,0,3
6345,54.132599593790665,21.414145766862653,75.23834251193607,1,2
6346,58.81630543641069,36.51353461837915,26.75149064095049,1,2
6347,272.3586261520494,24.39728178551733,76.84656028098723,1,4
6348,279.34137275778687,19.896305923151427,94.09922093057078,0,4
6349,15.569172355539283,32.322724411874425,81.08053670728236,1,1
6350,178.08100670166144,21.44713484813822,35.334148507692724,0,4
6351,169.26946885727148,23.129346418761152,26.998495102171358,0,4
6352,117.16429401733797,33.64017929933621,59.23043271916312,0,3
6353,189.5092778469321,37.195853440917446,96.51248713431896,1,4
6354,284.21034765325504,37.18979055586732,85.52474299110567,1,4
6355,51.07646481664385,29.46730235612491,65.01869112103944,0,2
6356,36.12327291493669,28.628907330283063,31.438513873407423,0,2
6357,10.0171712486927,38.62935552693772,77.10694256892765,0,1
6358,109.14999235204304,20.791041753375517,85.03985908860517,0,3
6359,101.28854312335982,19.566073425853777,94.80553091406746,0,3
6360,129.24590644759317,34.9408519808853,68.96929873279322,0,4
6361,150.9930092642847,27.285208031677666,61.15726517163268,0,4
6362,227.3471982091364,36.29995381710543,69.53456348541434,0,4
6363,117.63401713725553,22.69800670389708,95.46020037268356,0,3
6364,99.18393280837007,24.746156432003005,70.25016689386274,1,3
6365,248.06364607788808,41.90032947556172,40.60734795149661,0,4
6366,254.9390011960969,27.64969580464765,70.8921126353877,1,4
6367,69.82978928800595,32.72860409161153,90.37956582412436,0,3
6368,94.4015468133925,18.200465823549283,65.36016228768135,1,3
6369,247.5349112730265,20.364875165782763,60.2159062407766,0,4
6370,23.822473289329448,16.076631864679328,78.66953996020118,1,1
6371,97.75403411722137,27.73112435285,72.87909561158497,1,3
6372,134.50503211225836,44.66760013485072,24.535007916295115,0,4
6373,56.12148456017131,41.21619457954398,78.02489127179446,0,2
6374,53.97425898320945,33.987267448215206,52.60395440688677,1,2
6375,127.4586174040586,40.83289475872398,95.27186240245896,0,4
6376,226.3565174204567,32.82508069057269,97.66423907348332,1,4
6377,252.06989386428825,26.06306641002413,55.89910544996401,0,4
6378,293.770527760852,20.20639203303346,97.50358773263382,1,4
6379,22.195215027515715,34.59146225280672,44.8656411964797,1,1
6380,65.00466034379781,20.79153829172236,74.61155371615823,0,3
6381,226.98895271525933,27.522852516001805,26.004376888753413,0,4
6382,162.17961181669855,39.77405526465789,31.599147881235776,0,4
6383,98.30393218872548,18.876879076851854,89.16207219022547,1,3
6384,61.67689837417306,18.87064257170385,91.50272314375708,0,2
6385,84.14326549273441,21.73207246774792,62.60889535757958,1,3
6386,128.78668509028557,31.55751921366897,47.18187415575322,0,4
6387,53.14536585180982,22.55170434779739,56.08191454111604,1,2
6388,289.2677867630252,30.09593811765002,89.56995913157247,1,4
6389,32.27653337996232,24.05947833179061,36.87947380967344,1,1
6390,295.6732303467657,30.187266147252167,43.58961850412771,1,4
6391,252.56798580020177,23.328943470051904,82.83543474022142,1,4
6392,126.94548525412172,44.40037126825696,94.82155567331328,0,4
6393,221.94490031646305,29.78153703425903,27.43418720124034,0,4
6394,201.4545731089158,37.3093030232472,84.30178410818365,1,4
6395,63.98607538467929,36.01639676694615,71.60546455454595,1,2
6396,101.72102583568392,29.716781244430837,38.46172355712391,1,3
6397,153.93676884163736,22.16586185003776,80.46537573318145,1,4
6398,191.35325396631808,30.321548337385945,78.23328519994622,1,4
6399,162.86849440698646,35.42914871161304,31.362384923952916,0,4
6400,141.89623830194213,28.797578116896357,60.18008459291109,1,4
6401,132.94568203647006,17.45775322088225,80.66328662805327,0,4
6402,149.47934978850537,15.53949688674252,35.323530144625,0,4
6403,130.3054559537911,24.83630425403516,57.02128179129361,1,4
6404,162.39902326371478,19.50671778279936,29.65928997562491,1,4
6405,266.39558971400004,42.18570737777987,44.54679392327149,0,4
6406,189.8487939163835,20.274980102547744,37.43559207212273,1,4
6407,216.78626249656205,26.828481420346986,60.40569013798847,0,4
6408,179.24494011923298,36.362325362144446,31.297226785660197,1,4
6409,192.90530472420068,39.46264980048183,50.65206043140103,0,4
6410,173.50494853445406,29.331394595343927,42.01303239885276,0,4
6411,8.059956658746959,20.434050288251765,79.68391313655815,1,1
6412,299.87951466000595,23.126856707275596,75.97358185082751,1,4
6413,10.082772063869005,27.569053429234412,27.59444237324982,1,1
6414,118.54440247009612,25.93783767976749,96.27871103023348,0,3
6415,31.534703489680027,25.460182715089694,79.5746334464071,1,1
6416,29.078535132279736,18.95561405269993,69.27669565982147,0,1
6417,238.05808550234508,42.399307565128495,58.21611958277478,1,4
6418,127.77773380742308,15.892698192531451,34.23379366123512,1,4
6419,240.34161248962943,28.20006383627253,96.9612781589435,1,4
6420,81.83594120424945,44.4096447750926,20.628670136192653,0,3
6421,76.93883754187043,34.791718164723065,75.39849073839021,0,3
6422,75.36941454433864,25.662319911992498,60.59554596306388,1,3
6423,184.84368792237575,19.382927533595097,92.20655120196592,0,4
6424,244.49981695368,43.91617816937283,50.45578234838207,1,4
6425,135.67830302257218,15.419590856194493,61.49155351743606,0,4
6426,113.77466719232471,35.44162711839431,79.38715135307089,1,3
6427,292.0738662604948,41.40412414335982,23.805323465801784,1,4
6428,35.026210803491644,15.754814696587266,24.358019282001724,1,1
6429,145.98980461346775,36.75524592271504,36.9338199070343,0,4
6430,122.54632595443032,44.965132837642045,31.71396668233829,0,3
6431,29.437978976067114,34.18927405720048,20.51547746671143,0,1
6432,80.46010862646575,27.440368435301963,69.83918576849686,0,3
6433,8.532363773733609,41.23202158068845,83.6750373964806,1,1
6434,263.0862866948871,31.62537739267885,96.56919810684728,1,4
6435,182.35485869712036,37.4832254036982,55.27202541375346,0,4
6436,244.50554936107525,32.63336975455515,42.37765265932546,1,4
6437,156.46633572089695,16.14873277463848,89.11219590227981,1,4
6438,179.8529488265683,21.39434964616043,87.55164902715138,1,4
6439,210.25634334274943,17.362907219602487,69.98745687469626,0,4
6440,272.4034882392645,18.20063287149669,41.85192309135477,0,4
6441,27.525566347753728,15.46216480764216,92.68140759247476,0,1
6442,99.28451842071809,27.63494937042459,34.27210693534232,1,3
6443,212.70785721000016,20.359548952624955,23.49172029149485,0,4
6444,287.50516890041786,40.67089561481915,83.72946277818914,0,4
6445,294.2422285470016,37.501126126219816,65.0927248347567,0,4
6446,191.4309027411787,32.19530984446488,39.717425369482015,1,4
6447,58.07954332646018,29.67064036051186,73.67165298561702,0,2
6448,35.76267342418702,22.676059217279278,81.33732190502121,0,2
6449,283.8130932841276,29.248543976249564,87.56367610738349,0,4
6450,130.17830683875223,34.23687827593233,42.570081277490495,1,4
6451,58.444809978805445,38.466865805783264,22.04699610015595,1,2
6452,280.16775473328033,17.4504619877878,60.80310560214822,1,4
6453,31.357281469293564,36.2539406623665,88.48628785043148,0,1
6454,218.87132905712247,37.28189630283856,36.62570698095506,1,4
6455,187.57890826300024,31.76916602774569,53.69003784948308,0,4
6456,26.32039931426755,21.42957587109604,40.5136588067911,0,1
6457,101.62463869183264,31.17553762503525,21.069012113912777,0,3
6458,44.9792068620032,30.08114645445931,91.88192771546775,1,2
6459,181.3495777599484,29.271302891603884,30.804258136719326,1,4
6460,143.13390950322864,28.819197464015524,81.34136926028054,1,4
6461,1.2825373981472876,18.324766988745598,47.72825854333284,0,0
6462,292.7131698851724,20.48677454572094,42.21455271253322,1,4
6463,104.87539496686212,17.91996265354027,95.28231092042948,0,3
6464,77.461317851115,22.27433483003953,72.5759589392514,0,3
6465,66.7328867382308,22.904303481920188,74.95381295371806,1,3
6466,47.64476885207035,22.35227584479136,80.77223347630758,0,2
6467,299.74112286495296,21.327872045568103,47.27466688181313,0,4
6468,88.53284036448146,37.06266136454367,65.09315845566185,0,3
6469,121.6540491672845,39.55696198794354,41.61786752375085,1,3
6470,261.40677485342667,24.813276497177096,86.76332123814953,0,4
6471,192.56625106286344,24.153866750533467,67.9445903438928,0,4
6472,110.60832352358176,40.32097049257524,39.47254608328941,0,3
6473,269.4985307771559,33.71771704997373,91.98067250574223,0,4
6474,224.91726066408003,23.803149743671725,66.46720003870814,0,4
6475,68.3701522625099,36.40836877759747,59.60244026059304,0,3
6476,193.12169837997607,25.33778430699502,22.75900691455737,1,4
6477,276.7195494877204,32.5966684302652,92.784160412849,1,4
6478,148.93826353512375,44.77902089963405,96.18191328251024,1,4
6479,220.0837208495001,24.047831256481,65.00789022702432,1,4
6480,291.33112319674774,42.91578002125,55.40106828916458,0,4
6481,207.12424226856388,24.619572428540945,48.76520528037523,1,4
6482,30.731606929824185,31.208601131244706,41.443838602882856,0,1
6483,73.3678652793868,28.7995136879712,65.9623470243365,1,3
6484,178.5289312027947,38.49478687031808,30.247604241165227,1,4
6485,82.66674461157183,16.832780984459845,93.5338886596112,0,3
6486,287.262511616742,33.81366912205992,34.07669904462566,0,4
6487,121.60561020665212,37.82000833046469,79.64106098748138,0,3
6488,137.16912171970952,29.16434554146357,44.55102178949212,1,4
6489,210.4806280410352,18.15877819613416,38.08568621429426,1,4
6490,157.27491940256223,22.344150404544397,64.62953434838238,1,4
6491,114.6437900666305,35.39017110302591,81.2099984927604,0,3
6492,22.99136254637363,41.86312156500945,78.13893351522518,0,1
6493,178.93367685235916,27.64825821001466,38.7005080717766,0,4
6494,260.2740092382104,31.81236105234777,46.44018802156808,0,4
6495,205.72873252801685,21.85155110180586,89.5065746400301,0,4
6496,114.44850301408566,27.366399421106145,77.85949956131265,0,3
6497,38.31781938693882,25.103694233114744,77.01551242820497,0,2
6498,244.9014560712732,34.66576643914571,41.51240610655128,0,4
6499,282.5245086693614,44.54096855025333,83.36034461395485,0,4
6500,116.48189723887944,39.39910355957059,48.67342363459503,1,3
6501,218.59265675521848,20.764937547785557,52.11124161274479,0,4
6502,123.2290319672267,32.33035779920301,43.004887120058086,1,3
6503,150.68008165565982,16.992351448452048,29.711219763139358,0,4
6504,250.94291418492293,22.407464605279067,53.63148503966385,1,4
6505,25.027302663346077,20.16653028181171,21.355160153789488,1,1
6506,159.10060463601152,25.066366129183887,56.472819154180776,0,4
6507,64.38608240136674,35.36441907132641,78.00051504825223,0,2
6508,101.94178364872872,29.981799507504803,96.859602621158,0,3
6509,193.32864739268229,42.98727779487653,26.289051565282676,0,4
6510,8.168523701054509,21.38246519545526,42.503256334039605,0,1
6511,178.14752969194882,25.926274387618207,59.53048412893602,1,4
6512,85.0326718361249,24.895577303774083,33.63103589615331,0,3
6513,200.84530824242165,22.078908778797896,29.346281766104376,0,4
6514,42.474405573916265,44.79512307378734,56.18544843604404,1,2
6515,220.7434811448536,26.61676636329163,66.45844231137654,0,4
6516,193.69191592889345,43.21526941498795,85.61661812370897,1,4
6517,291.37254986410534,26.71420421558968,99.82427374353428,1,4
6518,273.3706089774444,21.122750362219826,81.94166239897478,0,4
6519,84.9908589599107,18.576189920481333,37.707236157305616,1,3
6520,8.194971817631092,40.66689579526515,79.8382455008998,1,1
6521,196.6105683335273,15.962929214552346,62.97228994552658,1,4
6522,180.86621670140173,43.93183765017844,56.06476605627512,1,4
6523,8.22863062993382,27.54573635356645,94.85827951258156,1,1
6524,36.8032587607778,22.421230532530718,76.16740695357292,0,2
6525,175.41051136079568,33.52338396646087,74.53544588351663,0,4
6526,273.54817921304755,18.98738975508559,20.940477178208017,1,4
6527,271.9500829540221,17.164367206990672,89.20571931038265,0,4
6528,45.44551638362245,39.83350055728701,83.46403819282489,1,2
6529,115.37218392157487,27.740123238759804,43.91535023443541,1,3
6530,12.960859305652209,30.54764736313596,43.3690730005287,0,1
6531,140.78155390887872,20.300880266251944,24.278276804152004,0,4
6532,225.9250379019617,16.84272733580827,24.06851389829417,0,4
6533,236.99181340968343,26.0332839795554,73.4875610769345,1,4
6534,149.6968399789719,30.18438757140268,34.89900903262235,1,4
6535,28.76090241246552,37.96291865634083,93.88382798708405,1,1
6536,114.40919255446993,30.031560007063906,87.3923542419962,1,3
6537,279.6305879923093,38.47521053057709,47.910812802574696,0,4
6538,68.88376695591441,18.462983390229414,50.40548414499484,1,3
6539,95.92633497381794,16.918883161318547,46.18212486838245,1,3
6540,224.04815263892127,19.76582892430355,27.391593055340746,1,4
6541,220.07423666578143,38.160363806661856,22.51441261201744,1,4
6542,273.6606864074797,37.77990692516104,56.17065266719179,0,4
6543,116.43560721611264,19.241034135319243,95.44320915931957,1,3
6544,154.37961716228736,15.929659747520391,93.3799456655308,0,4
6545,140.2177383661433,35.55845808636495,84.78709928970916,0,4
6546,278.32565130673595,40.65845349728932,70.28759419544038,1,4
6547,230.7991766473904,37.623230865305466,88.49779253531591,1,4
6548,249.4325339501545,21.083969418452345,61.20548141852513,0,4
6549,39.92948064882327,32.51303691676007,34.41281064165054,1,2
6550,237.554007860448,37.72097161876624,74.73362782313855,0,4
6551,129.8936298172491,22.674861136411188,93.65168281427962,1,4
6552,7.001604849194132,30.83162404108359,21.568407792459745,0,0
6553,18.026505822985385,24.43381211921311,40.11552417663446,1,1
6554,203.37238192045336,21.76726251981064,41.23505530170171,0,4
6555,111.60373234379097,44.087679803125575,27.92316308930087,0,3
6556,260.4346719670441,42.37745881160779,38.03953771188395,1,4
6557,220.28194016275992,28.370031928544613,50.7185662329135,0,4
6558,6.504003500088529,19.10334183191929,95.18683398786592,0,0
6559,206.0664935508006,36.83721909961946,88.82126153014372,0,4
6560,57.70574181970687,22.67103390384661,95.68049794100936,0,2
6561,126.77477061117362,20.055534175142835,29.64574213778714,0,4
6562,187.4205606368888,26.445870532145538,22.243876929540534,1,4
6563,261.8153523887079,30.89549427500217,28.790653152888403,0,4
6564,136.82936651758178,17.923209894612437,93.14365078821017,0,4
6565,242.54713625734036,32.1523941914558,32.59909108284405,1,4
6566,234.88969884018985,15.460451242878646,65.81093652580199,1,4
6567,124.3615538553775,41.7560718177926,38.20658958886096,0,3
6568,150.29404902987085,42.622250678366,21.65083399334396,1,4
6569,210.14550301494396,36.99212320535554,26.769707371406213,0,4
6570,9.344530394081918,28.996482257225328,76.78376183731305,0,1
6571,267.2434241397738,22.646888116899337,34.58931616106713,0,4
6572,230.94484783130804,37.32336272134189,38.33113643467836,1,4
6573,74.82476442069913,42.95391605856191,50.18052006589486,0,3
6574,294.35398595669267,19.756011146923186,72.57932481089387,0,4
6575,53.81710577688563,28.97465967893094,57.549791436773305,1,2
6576,274.2260021113205,24.45784908107785,95.56881727950156,1,4
6577,97.34203749693334,25.7022536713773,54.73457525917307,1,3
6578,228.94401304924077,27.17273343968797,35.93047361579774,0,4
6579,136.91297797438352,43.55389033114015,62.891427152720645,1,4
6580,220.94021623500063,22.759115036042807,56.07116920758936,1,4
6581,46.73491438180988,29.7802751728052,82.97106708280239,0,2
6582,80.85193751594484,43.54462414985371,94.8096984431586,1,3
6583,29.957347341607687,29.28170670654952,86.90361824292059,1,1
6584,259.54319443134096,40.9079856576436,51.12317799407538,1,4
6585,88.8878963308498,16.762943229758427,37.28928978330877,1,3
6586,208.34286882499904,43.59091255389709,93.1591149611142,0,4
6587,246.0663593224584,20.625934410781525,50.87517211497344,1,4
6588,270.4254709138038,44.39805104193853,81.61652987589682,1,4
6589,31.889134593515344,20.26730595775645,99.16218729703124,0,1
6590,267.90448005378374,28.330978433849225,66.19541452122209,1,4
6591,59.17583331921584,24.25843474717633,58.39043746951084,1,2
6592,221.07060347728847,27.99694263285132,75.98966259849723,1,4
6593,218.65470580938336,22.515742197765764,35.514478463251265,0,4
6594,2.5509425222862703,43.959522372829255,59.059179103892006,0,0
6595,66.18717249307628,24.171749522192748,44.98646056882606,1,3
6596,147.5725543994602,34.59824736192669,33.13822965405439,0,4
6597,126.01041199898464,19.123424687963656,68.81092392247623,0,4
6598,275.5720439653829,39.73162454549652,66.05648683665174,0,4
6599,107.92226085075694,31.2752383052854,80.89628797940318,1,3
6600,281.0951144507887,44.38338373593948,89.83760993930889,0,4
6601,137.82879551775932,27.702066505003053,37.63007888167114,0,4
6602,289.30586899204974,20.86343624929981,82.37621216430401,0,4
6603,221.20644300745835,25.380569983229503,49.39081286023432,1,4
6604,248.8003774896468,37.10896818280483,70.30444814347399,1,4
6605,31.4630665047003,34.773195629876284,88.01920220766489,1,1
6606,175.8424299727103,38.35042222853176,40.49480922286551,1,4
6607,42.81010794880524,17.20410876612627,68.07690271726698,0,2
6608,89.28630061529222,32.4110632603436,58.42551017601448,1,3
6609,187.06962185018045,42.96506031108914,83.24618347605752,0,4
6610,217.86771140816725,18.23705758444732,75.77930391528841,0,4
6611,11.75513460337525,17.830057767389366,81.57054687225934,1,1
6612,159.28311932170942,36.49813093558542,43.03545036825665,0,4
6613,169.5941958869659,24.455473675326058,76.34850352712768,1,4
6614,23.648399133060348,34.75737631082721,68.46446994076949,0,1
6615,150.20641026022906,31.3615353915108,56.534436483660535,0,4
6616,214.152684014948,44.58199975019717,50.26749522945202,1,4
6617,15.96818546265929,41.67169250864622,46.52800246363447,0,1
6618,228.0803328971886,35.34218344685135,20.773948904226398,0,4
6619,172.92795147124104,22.850238783094515,33.56468410454301,1,4
6620,249.9681624815373,22.857244864514087,24.71825697787252,0,4
6621,65.41877185622099,41.467314017068375,87.86860341037354,0,3
6622,249.98210526393552,32.56023195826179,88.80710963320657,0,4
6623,28.3682925802404,38.678453461563066,87.69546693514141,0,1
6624,121.14890893340142,28.495926196104904,85.43358114830261,1,3
6625,59.84543745739455,18.0922090995458,37.70643628223815,0,2
6626,262.80624968726227,24.98059374718878,59.34289396085392,0,4
6627,211.47594489053213,19.83447582865089,92.62750175747176,1,4
6628,7.608533148218455,38.45498449276506,80.78254352376514,0,1
6629,2.857006684186836,36.0153596897127,20.145622876348877,0,0
6630,87.37477634450092,17.652387671641222,56.75412611230348,0,3
6631,42.98493428416962,33.641561962856315,20.85361594077237,0,2
6632,189.09134326805875,41.22406520984386,42.45288375845399,1,4
6633,199.13908016476796,35.920928861999,54.8609952981508,1,4
6634,282.58527109841026,30.333357389532644,91.43194341202232,0,4
6635,285.61197736375226,24.355898548166618,72.35074273178611,0,4
6636,197.6690116234037,41.61290248757687,48.99876523919261,1,4
6637,1.7025338558126155,27.684146464230597,59.25239219623368,1,0
6638,107.69937497088428,40.66180740701356,85.39115908775793,1,3
6639,153.94245397417987,38.48999514654591,43.97244792909706,1,4
6640,149.7539269525398,39.48680895842579,69.20278203749332,1,4
6641,181.002188850668,44.69392560484938,40.97975071102803,0,4
6642,288.1654448414281,37.46275547618893,58.397074977893,1,4
6643,265.5578075865461,16.021228071559452,21.972680284965065,0,4
6644,32.672410035146484,21.163018049422348,88.18202555933536,1,1
6645,79.79411741801798,16.055854509754937,23.867906520974397,1,3
6646,249.9328252258909,20.69740709825072,37.94883998707454,0,4
6647,247.2920726457621,16.843185320583398,46.68095031670484,0,4
6648,82.61121723650129,30.04851123558759,70.01288934137452,1,3
6649,219.17640920583585,15.846186393992332,77.60267724600445,0,4
6650,201.6112136153572,29.177372988457783,26.436083382835463,1,4
6651,142.05718949098846,41.96522721360036,23.477238870783232,0,4
6652,60.436485803708806,37.45728037724429,83.9191909303479,1,2
6653,266.59295426822587,43.31867770955268,76.9733227123301,0,4
6654,203.35535529205043,21.79940321269561,86.52402834037252,0,4
6655,50.697877463512405,30.93257449215881,74.12306121468131,1,2
6656,211.44070345225825,24.557383594975164,80.08098162853221,1,4
6657,222.430115873094,29.814593870761023,50.32307064377158,0,4
6658,266.0640855363122,31.71227488752865,67.2147456315976,1,4
6659,66.85177657258048,16.085583914275954,84.4313874296114,1,3
6660,296.62623162402195,21.997684056449494,33.76940275252137,0,4
6661,46.01802675807637,36.14318337731992,53.82583686609533,1,2
6662,180.2066675578749,38.18784073620899,79.2391814783889,1,4
6663,197.1529515820436,32.0835410246251,62.61092574121484,0,4
6664,125.68586857975816,23.1248708384603,74.53259623409372,0,4
6665,142.51131263111597,27.1525235016822,43.42953567006512,1,4
6666,267.2730290166412,17.881104356441536,22.58739610541477,1,4
6667,193.58226889963856,43.59538850377775,22.33166238035009,0,4
6668,149.10028747040587,41.06032413630864,95.4224941224278,1,4
6669,38.50486873005741,16.9680704072239,95.56320351960332,1,2
6670,2.201287566940391,19.99471996974992,36.90258719636955,1,0
6671,37.49058544555004,32.432833235662606,31.79725263767552,0,2
6672,286.8553702429516,21.97290222387648,21.45118671144167,1,4
6673,229.2260348973992,43.03202094042385,38.50054850522068,1,4
6674,290.1348982530743,37.66771742613224,46.74811529236589,0,4
6675,10.712612912451558,23.198745387332483,39.29941069103049,1,1
6676,204.06612115759177,15.183042335714283,83.79073122449611,0,4
6677,13.288057921025398,38.98342173608924,79.95443994203484,0,1
6678,234.61694066064692,27.722691288031967,26.48113157486992,0,4
6679,114.28505182055828,34.27133135573331,75.7857286481674,1,3
6680,28.72960803194845,23.609244762638923,61.646809591033325,0,1
6681,170.4139925362546,19.286197780745127,30.573288509988775,1,4
6682,84.03605898041643,35.25934775357237,79.1628344394386,1,3
6683,197.87218256154557,28.50973764439977,26.883645213936205,0,4
6684,197.4524278541371,22.055091032099423,34.17205326410961,0,4
6685,211.50224223622584,19.12883998698609,31.93811852425305,0,4
6686,297.73952363332774,32.414387833249,95.12267233331872,0,4
6687,116.0093129842216,36.766498206227226,75.8524802563719,1,3
6688,139.59464234553027,23.516608863693456,52.9028743331808,1,4
6689,241.38351030760225,37.05427606041371,85.77633206790416,0,4
6690,173.5110069065656,20.49366596198316,37.27675276178115,0,4
6691,11.177163206339891,25.15247073285328,94.4874623236079,0,1
6692,252.92355607795696,37.346468603998666,75.7597856703282,0,4
6693,15.449604581412292,34.80430558941238,64.76645128065059,1,1
6694,51.246040947535285,23.11570880711737,83.57187589626625,0,2
6695,30.62399009225616,18.664050046407997,71.58247851401268,1,1
6696,23.378139864336056,16.27420274841726,90.9687420008386,0,1
6697,7.70546259141306,40.13745539757857,86.33221280595377,0,1
6698,16.508314191710216,17.254258487035802,35.8264404032623,0,1
6699,132.731756753643,18.445354566191632,39.17310404354947,0,4
6700,75.85568099478417,22.13131890826001,25.20779310205148,1,3
6701,37.96106502564562,28.37009112719544,37.6159133738242,0,2
6702,197.6116628179578,38.69361240709488,47.479109195050775,1,4
6703,67.83357319027755,22.42440977823318,22.30618841379945,1,3
6704,5.684746603442836,31.30524745079256,45.19700369684912,0,0
6705,125.5259351301983,17.711175661501294,81.72366733018404,0,4
6706,93.12989759349152,28.935330154095745,87.2262078410892,1,3
6707,95.58132940394782,20.32916980131925,20.709863198993865,1,3
6708,133.58100845446845,21.33574676671695,20.57176306153861,0,4
6709,200.6741781702833,26.004853023267884,31.70456866008009,0,4
6710,184.9437360113982,37.84043096102572,89.80616485870317,0,4
6711,281.17848293666265,37.31959289700704,57.5422440905883,1,4
6712,155.31499989075644,27.4491892945596,98.63216609343849,1,4
6713,141.77097291752165,18.560134625772257,90.9865172613441,1,4
6714,64.02433056506909,23.42074860071839,91.2102490778432,1,2
6715,226.61438665444703,30.160673295904147,30.27811455430161,1,4
6716,42.23273286428542,41.08235336085369,58.01834793701667,0,2
6717,147.33986694614524,44.04763844439991,99.4872477854415,1,4
6718,126.39665951623331,34.1241280507174,31.923538420833538,0,4
6719,197.49026352132097,25.52059471492204,65.93867628945557,1,4
6720,275.28644098699766,35.80360361083136,47.54239935624678,0,4
6721,283.9786774494667,25.086904074617955,51.02865120162842,1,4
6722,50.33978014894752,33.76420360249819,91.26340032324008,1,2
6723,78.54516548015346,22.3129971508703,67.03220553538264,1,3
6724,243.490595989412,23.00966103694134,80.70211115110442,0,4
6725,155.48392873475785,17.256767671233693,73.85875179961928,0,4
6726,135.91037050671954,27.60423456639525,62.32125524559756,0,4
6727,213.18763571421172,33.54523560287004,83.33689590163007,0,4
6728,180.57748578209157,38.66384831431863,97.65863247283072,1,4
6729,291.2142163264004,39.31045634513081,97.3455643164629,1,4
6730,175.1923956864801,44.77333348521491,83.15616007946963,0,4
6731,139.79214790417598,17.632671775108857,58.98638045993832,0,4
6732,162.8452086234527,29.79410305337486,33.0527167352961,1,4
6733,242.561945009092,30.6412372620724,23.557640717751557,1,4
6734,183.80251703556624,39.136002791336765,38.51559746927553,0,4
6735,194.1144274160153,22.99075546766541,47.22063996780348,0,4
6736,291.4316640109776,17.08116959818401,30.387969273444213,0,4
6737,185.5186453276372,24.41276430805259,37.981226368996175,0,4
6738,114.08557450036194,44.51783487192783,26.683637164870724,0,3
6739,207.39780810383897,41.98323593473759,61.8941577650383,0,4
6740,197.83781909319345,26.85740882839955,30.105455293883765,1,4
6741,4.154290651914572,41.28815996235181,79.42149039383636,0,0
6742,140.19878903574994,15.982634523499762,46.61198225152661,0,4
6743,222.8710808647198,24.426122323926016,73.76501713689849,1,4
6744,149.71243731633868,36.804355439626335,90.60155480643076,1,4
6745,233.8863407806168,21.64356753050517,26.88132340296083,0,4
6746,135.26510892828432,20.9517285446192,99.12006299301684,0,4
6747,294.9964792911707,40.8542263789312,71.61946738933884,1,4
6748,87.86747676116661,33.47861883230232,24.269274834932475,0,3
6749,27.63678244382206,44.67068154936108,45.12017855409336,0,1
6750,129.0035403462292,19.04009028837445,90.89961191531653,0,4
6751,162.5127074621757,25.6838522169944,67.69868834983183,0,4
6752,104.72811950473844,24.336401154110533,42.97778937959321,0,3
6753,72.68434803538769,41.40396713156729,95.23956675188111,1,3
6754,201.61760741564672,22.65889560129032,82.98020563262575,0,4
6755,113.13752995687562,25.603829930225103,78.84307969199583,1,3
6756,189.41055873019107,19.285016270262823,91.07416960053622,1,4
6757,233.7214345796328,38.262029479475615,81.58239557668927,0,4
6758,228.30078832800712,22.131098518765587,42.93906825590903,0,4
6759,112.59279319070738,17.049608166966586,66.71088604204863,1,3
6760,170.36946868505242,28.0532619807269,87.38289342095706,1,4
6761,134.8974673328227,26.74374371884604,34.4678485378268,0,4
6762,261.2415758128981,20.328276129161267,33.04186236009626,1,4
6763,263.6275439399998,19.007926796880465,32.71809980567039,1,4
6764,103.12247486641104,41.89671640149783,35.54042197300166,1,3
6765,27.521234363619214,17.035334596536917,28.258465249057416,0,1
6766,50.27474499720584,17.9793287008896,87.0103215971333,0,2
6767,110.10052263926514,22.35141843415218,85.46545763179871,1,3
6768,169.2749864288972,43.58517568969506,32.1095193487276,0,4
6769,197.0361032893288,17.561527485595654,76.44297413682767,1,4
6770,99.41131388580008,39.48044480228646,70.15804473679597,0,3
6771,200.24973588719573,41.761564599564814,42.09554124898891,1,4
6772,281.3219951021268,26.33603224352656,38.18947469546556,1,4
6773,195.60423815068515,23.816831994955272,40.04686842203371,1,4
6774,47.569568833305375,35.32133184772224,78.45044864854941,0,2
6775,173.90067389328829,36.07903801830669,45.54536530723607,0,4
6776,162.56865503009485,38.39931488472467,42.23674220939788,1,4
6777,261.2100332695262,39.91700343986777,21.79848798949191,1,4
6778,105.0909165638923,23.051863680370204,92.65891950212172,0,3
6779,126.883683017004,35.60884805659947,80.21633155831711,0,4
6780,179.5977166459481,19.047171728540263,57.82269406453764,0,4
6781,157.32759352260763,30.32193994632461,95.43415362804578,0,4
6782,215.70497772155227,33.38660749537783,43.48257694203377,1,4
6783,12.116697273748745,19.85195810029644,73.97640345465186,1,1
6784,169.05480576208794,17.295196191586225,44.41203021429794,1,4
6785,36.50156790116258,20.84238858828579,45.16579404151585,0,2
6786,94.5626977559164,27.617662435571013,87.57673333722158,1,3
6787,198.4880584597171,41.63522933446124,82.96175627646646,0,4
6788,47.224260177653306,30.957432736041817,43.5285944525879,1,2
6789,92.65255065138864,37.454786752019714,26.511161253327504,0,3
6790,210.9019448505936,20.2243358487434,48.60673116729588,1,4
6791,195.24157275805015,18.179345941656763,80.80460283882522,1,4
6792,27.31190076292141,22.188520728967195,28.043548894800523,1,1
6793,173.18054804769716,24.41641238371077,73.7680691778602,1,4
6794,44.17633857559184,31.443060564665984,91.18106079311238,0,2
6795,75.6814136143478,41.43729961093322,34.33817244840377,1,3
6796,137.7633835907336,27.78277850332096,88.9763459428963,1,4
6797,32.80404698945674,30.563945635349103,24.10911059655128,0,1
6798,298.09409037557003,15.13840607954762,73.35042064724507,1,4
6799,49.61086831620034,15.9993618867386,83.28311363006982,0,2
6800,234.39378852858133,17.513075997826427,55.581289412746585,0,4
6801,248.95165350696752,35.96982256437086,36.29829558508108,0,4
6802,298.33919096880044,29.58574106315752,93.97835991228044,1,4
6803,128.5959653556805,20.788835955955744,21.597509488253507,0,4
6804,262.22835604180204,32.777983160694575,64.4056983383626,0,4
6805,287.26183170505533,31.338364554571083,49.827952696402576,1,4
6806,51.86824346840015,17.663979054299872,56.88457563848366,1,2
6807,143.8308267178598,34.21238318151438,62.92520450231167,0,4
6808,18.003245656826316,38.01464617891531,62.77988978132071,0,1
6809,186.21720360726047,23.596632231272903,36.28989310051456,0,4
6810,174.4218470569699,35.62466585982923,74.37618583200347,0,4
6811,61.23788539895914,20.99158551026352,21.53186329537169,1,2
6812,239.37082766823784,37.70186441135235,21.694727537028538,0,4
6813,11.180616829061965,42.35322507368161,58.2789873022648,1,1
6814,241.8681972382671,28.25601371404941,63.35223042162207,0,4
6815,7.993587349160213,22.33866234634853,41.99115853602083,0,1
6816,197.04864364090508,26.975301065931,64.13404269014669,1,4
6817,23.630854174470382,22.502324179671508,61.28873863884721,0,1
6818,75.36765579369688,15.037181272991264,47.93764438181158,0,3
6819,216.5740047935508,34.51369835413335,72.14197092360934,0,4
6820,84.12143988761603,16.275799258865906,96.63497732374154,1,3
6821,153.35215461532042,21.311722206516933,59.26421555401084,0,4
6822,274.5744808560343,36.67348668389464,82.88406074199841,1,4
6823,14.890306210973502,34.9717504174735,39.80772508583917,0,1
6824,243.32393812070205,17.199867361384968,80.9560474805985,0,4
6825,19.58159957054686,34.80164223237231,71.91247636015954,0,1
6826,38.038453301003,42.91724668727348,71.1758223942643,0,2
6827,35.795731166763254,17.235074070545494,91.4428272353782,1,2
6828,298.23068496321787,27.47064683029909,38.66802039618014,1,4
6829,54.05589579946002,36.883016703424246,49.47600936727537,1,2
6830,269.02855387688044,35.0316900953374,26.645396560878854,0,4
6831,297.2796488839663,21.79531627408495,78.08959814153697,0,4
6832,115.1354311236894,19.89201832490119,87.50938282396893,1,3
6833,189.31456305860564,38.52741012122796,52.46668029054425,1,4
6834,233.72737612908372,43.6873396571639,48.54614547746076,0,4
6835,117.79352455086249,38.02750402628487,72.6921484685222,0,3
6836,48.54424214934219,43.896134465932505,26.04723686314696,0,2
6837,130.12882313776836,33.14986272411129,43.5073516909051,0,4
6838,231.56629350088335,42.87296582075752,49.2970238828147,0,4
6839,234.2288288245209,35.7130708363466,61.48722272246016,0,4
6840,69.161637651274,42.2665425060326,58.12553755752076,1,3
6841,52.48969196722396,19.847669039087723,36.69443382197015,1,2
6842,276.1682106301049,39.46695647231847,63.2630299090666,0,4
6843,13.199709167493168,20.90237402860357,94.06949527094156,1,1
6844,220.42154272952607,15.822873058378718,22.16703122377039,0,4
6845,13.9264156340262,30.527584021288888,74.4245257923738,0,1
6846,251.37001525829635,24.54755341685533,69.97672218098471,0,4
6847,271.6244440008306,16.305940853640536,93.954156376933,0,4
6848,89.2257372687297,44.40913136184478,71.62759523256653,1,3
6849,22.18069305500927,34.99398286469979,69.98741699848347,1,1
6850,144.20536090422857,42.05436519646796,81.58445280785921,0,4
6851,89.53891102364304,44.97247757615845,41.42447590557282,0,3
6852,125.1408428431137,26.75900210013276,67.65858099457897,1,4
6853,199.4956360466041,22.642110862023458,61.55368874894768,1,4
6854,62.947810784615086,20.516531780604865,55.07780053239788,1,2
6855,107.0854708542259,30.45561323374028,26.358973389556866,0,3
6856,234.7687470878021,33.182423325064725,43.41030864102731,1,4
6857,193.1285849858465,29.172682080975747,42.39853711921356,0,4
6858,97.8826473453716,26.617560445370472,77.94007657312008,1,3
6859,199.29048007797857,20.04817690377385,93.65249081683478,0,4
6860,229.59387686759,28.25578871431872,38.46297783014789,0,4
6861,177.74567428583623,17.55729411237195,25.969915111306072,0,4
6862,71.84904975030256,40.95143276662776,99.99655634950162,1,3
6863,0.0735871535979204,16.407079562938783,75.2964264107244,1,0
6864,240.8547320964844,26.41938185194664,90.9176677592206,0,4
6865,246.7900665948493,18.004136071289054,31.510353269103703,1,4
6866,209.28135041830865,38.24941498401235,84.0614432893895,1,4
6867,22.974279410284137,24.38210936483781,85.06589967904802,0,1
6868,175.56668625241386,18.393168379576643,32.11911407924873,0,4
6869,246.30620138148217,30.94473896593541,32.91233440752766,0,4
6870,116.9004960324497,42.488310216886205,43.636097289744086,0,3
6871,59.40022026607623,42.2593461335761,37.34299581085918,1,2
6872,176.2881891724412,22.489531233983698,98.03279264452752,1,4
6873,247.89198819026336,36.589790278807,49.03550669091476,0,4
6874,14.66098761211967,15.908525785229738,80.90451294137655,1,1
6875,179.08536514822072,18.95555389510274,84.4040642786138,0,4
6876,192.95213860180257,29.98417110941339,50.87527097237397,0,4
6877,180.7101118044839,21.862693034650565,74.60684434258684,1,4
6878,195.01010527111453,38.94785561880414,28.62401127165817,0,4
6879,189.4125922812464,42.93216516157984,51.75696411855488,1,4
6880,39.12116549410472,15.129999494483467,97.38485280759198,0,2
6881,70.4810330846746,21.987474888029396,33.482452313088295,1,3
6882,185.69820158670305,28.18660038228682,50.85690437605051,0,4
6883,5.307948341031232,31.89237865057165,83.24172079136261,0,0
6884,190.4233556169733,42.47708332776303,73.23386039283682,1,4
6885,199.6159871355096,41.7565047154588,70.52148812595189,0,4
6886,71.75242795849755,34.11510298403898,88.26059674739379,0,3
6887,179.4398489259419,22.721640422516536,22.327507441895804,1,4
6888,160.22701821712937,38.49863429635084,81.69314945455938,0,4
6889,78.20746444593414,21.07955313861695,90.60392313726548,0,3
6890,138.89220356242635,43.9551697229045,21.293958199695744,0,4
6891,272.88735882365444,15.17519747201994,64.71703608858445,0,4
6892,127.98083413796486,32.09311511723705,47.88707881685045,1,4
6893,188.9532530638505,17.65191740764883,24.061016705083414,0,4
6894,10.60524631220826,27.22798590546064,53.41984954545147,1,1
6895,23.34003399662964,34.04800620931252,71.52241129375088,1,1
6896,24.392421990995537,35.68795486775749,93.5210905271514,0,1
6897,233.47222908793364,38.56708409021805,69.6424389196857,1,4
6898,105.0770684410358,32.7998310829431,88.53944652447896,0,3
6899,68.283506509744,22.539580538579838,29.725720533965205,1,3
6900,224.1973705355168,41.677597288046144,36.84169340185073,1,4
6901,50.98801876685234,39.33322239041063,97.62342913716545,1,2
6902,73.94775752108418,19.8015695312055,90.99205522051552,1,3
6903,129.27943298100627,39.79533552623547,38.81815624160204,0,4
6904,99.43142070438398,44.17933547731445,69.67791054380636,1,3
6905,175.6176633109933,34.11657350423753,49.0106206822826,1,4
6906,101.3521857224543,23.454156693416813,57.48788069830682,1,3
6907,117.88549075766758,33.19781493820243,88.87025192738321,0,3
6908,258.8659824748458,25.27605207444897,78.85700881064264,1,4
6909,265.3594318884007,35.27839411926919,39.07540493760763,1,4
6910,248.31335724402223,31.3439987836762,45.27944597575059,0,4
6911,259.4492798113898,42.88471836269254,43.17683678551983,1,4
6912,170.91860080173512,33.53725629602408,82.45302226725954,0,4
6913,193.8699644254152,21.41945051181507,59.2070736909465,1,4
6914,167.15194996648216,36.75329620025654,96.05794456195088,1,4
6915,235.676425215876,24.02634953582646,85.33497417832407,1,4
6916,165.30014572843328,23.17172858846413,36.895554468366505,1,4
6917,33.32308936523416,26.7532987672351,82.87542362836398,1,1
6918,242.874036137058,15.35990037188027,60.48634777711415,0,4
6919,228.1755512032609,44.07421980483841,40.2968100944564,0,4
6920,246.0901785847876,30.969933340760942,49.0665394254312,0,4
6921,57.12883901692856,38.20481681618881,97.77008933946688,1,2
6922,81.48511581449011,22.73556667133635,58.71691540672999,1,3
6923,88.725509179059,37.39854394900877,77.56846796885304,0,3
6924,152.4241608557021,32.01511506834406,58.16682361302177,0,4
6925,40.16312524903793,27.72432521338507,49.72458190768954,0,2
6926,115.6145259824602,44.12007678589386,83.71360146074868,1,3
6927,54.64744832370888,29.81531142439217,87.86594814200504,0,2
6928,79.42881390982095,34.72375745669031,25.75113325326963,1,3
6929,211.9162903675282,15.460265744696391,42.3182071305333,1,4
6930,256.44334689518433,24.04365619495945,60.62968381047045,0,4
6931,6.871759979155156,41.66074698480199,45.31981979555465,0,0
6932,169.7690890065001,37.76877183348056,82.68664039686027,1,4
6933,10.817928618680138,31.102621085269494,29.178668859909493,0,1
6934,25.57477350346509,42.00479121339856,83.82386290292587,0,1
6935,211.5252103842327,29.586615396226676,69.4309133755899,1,4
6936,220.682431950635,31.99521192563327,43.14941748299864,0,4
6937,244.19420195183963,26.46458541592637,47.556375075294326,0,4
6938,142.2724535310915,33.60120110168653,34.63193240745611,1,4
6939,257.94224460485646,24.57004592762621,40.20587202385102,0,4
6940,50.0514874924873,26.56476532627072,77.38150951859971,1,2
6941,74.91492409050079,43.98978789621806,50.07073124329544,1,3
6942,40.3506442805914,18.339260393987704,74.99873109496392,1,2
6943,239.26117817456296,18.15766035738123,61.12860328813984,1,4
6944,68.60253551598568,16.29948058365047,31.62381997151406,0,3
6945,46.653372827488695,24.601335592808027,59.92565182397537,1,2
6946,186.93320627641685,26.946877274037725,80.51758766741062,0,4
6947,23.12460790820232,17.83546932208639,43.81404037794595,1,1
6948,13.47008316605176,31.47392986100489,71.84653317495425,0,1
6949,32.01529456573768,32.499045871646075,35.92261236333667,0,1
6950,0.0722651961502784,37.530800808399846,30.85591663334008,1,0
6951,209.09704626653772,44.279043498474046,48.81809044991654,1,4
6952,168.6705965143436,33.58056741877199,51.13628749597362,1,4
6953,62.962532711317166,18.349524200428363,80.88077042936818,1,2
6954,69.90148439327875,17.655727297373485,56.80630010142602,0,3
6955,243.2905795410119,38.32640590951114,26.49879162646558,0,4
6956,150.54603475809012,34.5100238560778,70.71995986843163,0,4
6957,209.5585071245219,19.857431841196853,57.54026078928378,1,4
6958,135.82663538247468,22.600799180506023,46.53145604522529,0,4
6959,71.31540780623769,37.50721161877555,84.1775046888789,0,3
6960,291.1208402048721,31.9846734541694,32.35078321820676,0,4
6961,169.69426901261923,32.55000187507617,93.05698751823708,1,4
6962,39.294571130373726,21.300260138637288,46.724919225368886,0,2
6963,121.82701265517204,33.87173944973135,56.87531558741021,0,3
6964,98.8012235840702,38.11885786221766,94.33863964481532,0,3
6965,64.2262405765564,41.55756676391541,80.89918653901661,0,2
6966,280.03199677207783,37.10151974454148,25.944194704385566,1,4
6967,264.27599863792574,32.29126953027048,66.26374870042966,1,4
6968,59.74413495603492,35.19777921740331,44.8290297338556,1,2
6969,105.64436671665504,29.55334387541633,60.6790599872576,0,3
6970,228.69461750124648,21.80694729352868,79.43752333073292,0,4
6971,62.5518144420647,41.46620918315806,59.693833113492005,0,2
6972,177.46945878127335,30.97867899502276,25.68175015560361,0,4
6973,209.93818263744495,32.82954933441705,62.3984414887747,0,4
6974,196.1916977132299,44.70326741259548,21.930373324811494,0,4
6975,211.92259208265017,44.55047034817922,47.8727485887953,1,4
6976,212.0098767086289,32.58932954999812,58.24244183387454,0,4
6977,289.4417759546785,16.018717860523985,71.5738850701302,0,4
6978,103.94966685609587,26.8844261413453,60.49654300973442,1,3
6979,263.5771273127519,43.11879840152668,32.155744843773505,1,4
6980,6.542118754532034,23.64919777128028,94.57740511688334,1,0
6981,86.46088899698496,44.97806055588948,72.02397382009136,0,3
6982,14.59673459973947,17.529525805696572,45.3574228099926,0,1
6983,195.36118798675207,32.043425430155615,97.27517561048332,0,4
6984,30.237111219485868,30.463480805240827,90.60620872871918,0,1
6985,253.71205909561388,22.660587401031,31.479207094253116,1,4
6986,193.97750513707797,43.458213919353,72.43432760852508,0,4
6987,8.644620316081708,33.57513629991931,64.80555616692388,1,1
6988,214.4332096303869,21.906848503340285,35.42471383089554,1,4
6989,258.6104841770883,26.521445935150087,38.67801123912231,0,4
6990,198.3363022986448,36.63688280646188,65.10190188407759,1,4
6991,9.157264780509657,23.93090138088941,45.70306274671816,0,1
6992,257.375864538122,41.38818606183544,86.78651448761242,0,4
6993,219.7391738802105,19.97021693872872,27.81913882450193,1,4
6994,113.53539374519526,22.93515269594546,93.122461856169,1,3
6995,98.5890774946508,19.346958400983,87.24420392546318,1,3
6996,143.94605442223204,18.12536516278495,79.08987864909975,0,4
6997,260.13052528136126,24.009462703917805,41.00538007481309,1,4
6998,75.61780556086725,44.97536239006321,77.19662848336952,1,3
6999,30.28914337236034,17.829882397850042,55.101582369490586,1,1
7000,259.390911888315,21.39006575541865,70.7006317783333,0,4
7001,7.8869546642168835,23.148503972340063,45.00435337626836,0,1
7002,273.29910667321934,33.57389053416611,86.8686283046423,1,4
7003,91.7235582904202,37.36037089223558,23.246087945510247,0,3
7004,152.4668105064803,37.558010245621375,75.31677973567335,0,4
7005,39.68865742566842,15.259079458164935,86.29049923066516,1,2
7006,270.6764908130056,34.55551376398395,71.71424921311194,0,4
7007,224.95086701532145,33.922106381013094,35.35934257034499,0,4
7008,277.24667598241024,30.529640456696317,42.79846238242104,0,4
7009,204.96871533544876,26.37625684211277,61.19242356022004,1,4
7010,55.40813302269784,38.9233259238369,46.355925541779456,0,2
7011,92.4801008958748,25.31642386300057,20.393313736575863,0,3
7012,146.054572531042,21.90036816319804,23.254248995563813,0,4
7013,182.1774616080621,24.30285523702839,81.42147448080068,0,4
7014,277.9378312008821,28.189437513694976,26.69657453450914,0,4
7015,115.18543973674169,21.421721640082183,94.24174845105854,1,3
7016,210.92160657214376,33.2271373861646,55.41891567170647,0,4
7017,288.30265467324654,41.52627607535688,80.65493106914937,1,4
7018,45.7122190246359,32.86380372486225,30.04036768548857,0,2
7019,258.81287663386445,28.40004922432144,94.12059360616306,0,4
7020,126.2118211179596,38.90606298674712,22.704706387372376,1,4
7021,219.72653277880104,37.441158686235866,23.370972858364496,1,4
7022,88.0615016211251,26.011743645920888,24.366862417041872,0,3
7023,100.19526547980048,33.12460411996086,28.27265287707861,0,3
7024,8.13996746041984,36.895285809539736,58.946531510872894,1,1
7025,291.4212459500879,22.36389774058323,83.06211536919747,1,4
7026,244.0357725692353,25.98821637252569,42.79582651650649,0,4
7027,28.175387377866144,18.17328211649912,79.66214573548766,1,1
7028,299.85263869913234,44.630408349205,81.92487798148186,0,4
7029,181.50737916088244,17.576329512694073,92.66218638814055,1,4
7030,256.11859138931493,20.05818375370732,31.94815361182144,1,4
7031,19.99822898336069,29.394958489924196,30.842760722747435,1,1
7032,116.8353535475771,40.95815500633618,29.76760444272944,1,3
7033,200.89533669108295,25.676460688438784,48.74484872432989,0,4
7034,31.93011560991046,38.05788442594037,59.15301313535838,0,1
7035,146.67085159620018,35.28102219948708,56.92874840124935,1,4
7036,132.80336236324246,34.159922314790364,40.56389851198357,1,4
7037,64.81206734207392,40.3505175290052,69.75837003707997,1,3
7038,90.08095075554068,15.425108688858767,47.06189045604353,1,3
7039,290.13550634849474,42.87459115681175,49.28663904636159,1,4
7040,86.59454580298079,39.87678541008879,28.442405024207417,0,3
7041,64.0278401905233,43.13601658955481,67.37850680728604,1,2
7042,160.86275132050002,38.80763651570061,72.4224300182633,0,4
7043,201.28741022108932,41.35774222362817,80.63601763692739,1,4
7044,217.5279333208695,21.09234144598437,92.32073705017416,0,4
7045,226.27415534907485,24.57687200631152,81.2803564525613,1,4
7046,11.04974745442593,24.456630404121928,38.85949329200548,0,1
7047,118.128120113869,18.275002376341703,38.85241275714958,0,3
7048,232.18742393492704,36.88737765853772,93.20697564495175,0,4
7049,271.45563054003884,19.085126780612185,83.21068555321382,0,4
7050,180.66003699983497,16.57527498237182,82.57971442487239,0,4
7051,15.6920560529057,38.26340610165192,77.57709280884288,0,1
7052,118.99374175653936,42.13989509195788,41.3761593003025,0,3
7053,22.268134760536395,37.923700438954,87.79282739256364,1,1
7054,224.56135880537536,39.76056638495929,31.430774246410085,0,4
7055,19.05164078449957,32.86865033492314,48.00140874383228,1,1
7056,55.71932002055318,41.63239013744259,47.71796319491436,0,2
7057,125.08752718943228,29.901104470735653,64.81057133664278,1,4
7058,138.7945101344616,44.64967855462395,57.0754844796462,0,4
7059,121.94451009450368,18.102451283083468,56.78465064798964,1,3
7060,139.0189939818,39.27542120104152,64.28579450236734,1,4
7061,213.97174560605995,34.241682480338255,53.2334763929703,1,4
7062,110.78064688666244,32.41938204663585,39.998658505418845,1,3
7063,164.32513774518574,36.77431592583364,73.12965742138698,1,4
7064,91.01077725861968,40.208745923965466,83.2506703070722,1,3
7065,106.08824852714478,40.8865220052153,58.31967030756715,0,3
7066,184.13968771262424,20.26142888831955,71.95865493716057,1,4
7067,147.148395491106,20.91107789258908,62.82906254584289,1,4
7068,216.91088845778432,15.484995285407914,24.7197150829682,1,4
7069,168.1615764155249,18.955273733768184,53.84677292513089,0,4
7070,241.07222561516187,22.916474785497737,20.788199961738982,1,4
7071,133.02246389841497,36.63107467650849,72.95034225318064,1,4
7072,147.31008596004045,29.2730252700753,60.65291759076811,1,4
7073,200.99140467028187,37.73710606752052,30.146522814375757,0,4
7074,66.37318332361465,29.59607543459672,63.375322566307055,1,3
7075,115.77886107937826,31.66792358729905,91.87408024223916,0,3
7076,187.45237320351237,18.33199759780748,47.239261182209454,1,4
7077,8.662880779720917,38.29674854028097,98.58950129863732,1,1
7078,131.09143009018248,37.74379596598665,96.7503925393734,1,4
7079,179.65498089183504,24.226847750418585,82.82478739651907,0,4
7080,290.21265959345936,24.85734233401206,85.10399822551643,1,4
7081,263.10496848530136,21.590443517194064,52.84362881598739,0,4
7082,84.22258588279745,39.41519028108458,52.20328762376721,0,3
7083,152.1630312086774,37.41020405885341,96.35178866135942,1,4
7084,16.924311798027393,33.274432145527584,49.295699964291366,1,1
7085,72.22632444534214,22.164663093890923,27.74983112584346,0,3
7086,232.45676042042703,20.15559997841233,32.2160870553012,1,4
7087,36.99420368260336,16.508065535238394,76.83191721543378,0,2
7088,77.30715745018698,16.368344453355583,50.63847480717155,0,3
7089,283.2127505207424,20.61408419424981,35.94742717697542,1,4
7090,247.1567401477374,18.01597596969666,85.1028902946451,1,4
7091,234.5483137946736,31.68323018767329,59.09387925386338,0,4
7092,259.367247090647,25.742703833834312,65.41129638158274,1,4
7093,224.8817059747062,28.34837346504439,32.31594837200851,1,4
7094,36.175864835470485,32.822015507615696,35.42033611327514,1,2
7095,154.9683979455694,34.773052360605405,30.06848295790446,1,4
7096,133.2731762406966,34.44605159647734,61.16342393875449,1,4
7097,93.34547348111404,22.82569760462497,82.05256093818035,1,3
7098,250.21212291588165,39.28881060888308,78.58281951051794,1,4
7099,139.2417607122701,42.5312900975769,40.89846564177695,0,4
7100,18.08928040726491,24.478150416695858,88.124015032451,0,1
7101,82.48967511608048,15.51196249698204,28.452867851233076,0,3
7102,68.58631740883354,41.97462559945515,29.1239976066489,0,3
7103,266.24366544338505,42.70646198860428,87.94434260833467,0,4
7104,194.2314301917,16.528393212391006,39.55356489407176,1,4
7105,168.11287976462253,15.148697755776368,76.64926757120759,1,4
7106,151.99477250361153,39.492143489782265,20.72636735373408,1,4
7107,195.03390826243964,24.0439006344932,27.488087089532243,1,4
7108,226.46266403313743,42.43746501887966,68.74309669778265,1,4
7109,166.31541174945298,21.5023071980864,34.59327639023236,0,4
7110,281.48562454578314,40.83463848379761,22.257094905020978,0,4
7111,293.0502511951154,17.0593280917511,57.35574053466585,0,4
7112,298.6026949826469,22.81910541941921,46.4416399422815,0,4
7113,200.81733302659345,44.19386637436924,84.18055424665152,1,4
7114,279.7861400267635,21.93589962993847,85.50631928826434,1,4
7115,121.3439085923864,18.990389522251235,69.1538496967359,1,3
7116,257.8777173742156,40.71163957418986,43.4426997077162,1,4
7117,272.75228962190425,18.534023752844373,56.93013210099604,0,4
7118,271.2421416996827,17.923683257385104,76.18048216836875,1,4
7119,249.25388487251448,24.702754025686072,25.544684252424137,1,4
7120,121.97974849237512,34.05985519790879,46.59976706625001,1,3
7121,47.6722445942203,36.32239121336087,85.78957607273375,1,2
7122,100.18690690333376,41.43716351482188,52.48228337976143,1,3
7123,230.1865707894279,31.22734577877318,69.97344090523727,0,4
7124,69.86565339899258,26.80253360282926,27.706749530821632,0,3
7125,143.48161944779173,25.76501285503395,82.16367801472417,0,4
7126,169.6198553954016,40.40708185432422,28.037239194979357,0,4
7127,181.15756873136257,36.714459284479965,88.92202036022057,1,4
7128,280.7176645136396,42.16287041175418,28.52808359117505,0,4
7129,198.4479061242953,43.92106367194842,91.27142105357412,1,4
7130,235.88964482319068,24.001525082514224,49.10158993817188,1,4
7131,174.56350436749003,30.890223561025184,69.9624585419447,0,4
7132,250.074095658589,33.95462422094499,87.72404413107662,1,4
7133,79.09908392092885,19.91546840329373,20.81931367924533,0,3
7134,62.96330150063677,16.600411017749543,41.25545291250437,1,2
7135,277.8960146273909,41.03291742345941,92.66706570340206,0,4
7136,208.04426290721352,31.065705322661195,51.05408484678496,1,4
7137,201.45767311746636,32.12322649080117,76.51007406380997,1,4
7138,140.18857158853498,31.647430362838644,31.200964492280196,0,4
7139,113.00917778805317,37.64882114498072,74.26972811290102,1,3
7140,166.70735834359164,19.365058340461296,25.85287964208346,0,4
7141,36.16990482650013,33.421453223145974,77.38601118117336,0,2
7142,136.4137683249323,29.084385347328904,45.90439635094229,0,4
7143,136.61031133964428,41.90874478523173,57.26781247626131,1,4
7144,161.50095388327955,30.58862813688976,33.30081447736446,0,4
7145,190.4056843101607,43.28804922222497,70.22792141873684,0,4
7146,287.19550979560864,25.5975898253972,47.00541030247789,0,4
7147,195.65073812752703,44.00684119169972,50.67000048394852,0,4
7148,265.1175455860234,41.25473844275303,72.1754339963309,1,4
7149,166.89115844074914,32.527898692060646,34.308932897804056,1,4
7150,188.07836478824692,25.611297999570738,88.16071148577949,0,4
7151,20.95108593287088,26.2777007235768,79.14291244609765,0,1
7152,39.97911686532467,38.18256259374875,66.218400251053,1,2
7153,173.90113055926187,32.418940535071336,30.2666453665959,1,4
7154,118.71386098740876,27.047627564079622,74.96877555201968,1,3
7155,239.64315595965053,34.08164884236493,21.447949767162086,1,4
7156,162.9533624622528,36.99700193702833,84.3516641227155,1,4
7157,264.68731168540137,15.687015376753978,44.30381574448735,0,4
7158,291.6995035386874,17.695884033525303,29.376924042427703,1,4
7159,44.290555536445495,17.834563212212377,33.15911632449574,1,2
7160,118.44832549668796,21.95801415790004,97.05075188067204,0,3
7161,199.49430757140925,27.809713176819415,81.90643342806646,1,4
7162,91.64662662010493,39.10949697877663,39.029757866912014,1,3
7163,80.10970131644855,25.53297104998672,97.07729947703557,0,3
7164,244.121568188651,15.524333651418145,31.209413653003484,1,4
7165,294.11354071762287,29.500855588551868,78.6821769521153,1,4
7166,232.1409993742444,44.89885786273866,72.53917014818775,0,4
7167,157.10298684123407,25.47062986964757,85.71814179084613,0,4
7168,132.7533695835944,43.83763556301945,50.53589765385647,0,4
7169,161.89431615910948,18.04035393409268,52.14683666486211,0,4
7170,138.85191065632074,20.192989737159145,69.96536147542318,1,4
7171,150.8664170357004,36.72366210437125,51.85646055721773,0,4
7172,61.035915158768304,30.036373469121187,23.308071416176944,1,2
7173,271.1225847927983,37.95365410397658,78.37664254493924,0,4
7174,226.36050045698045,40.9067503508667,71.27568504441017,1,4
7175,204.293226807966,22.53254628183104,53.89702502047848,0,4
7176,284.97749129234194,35.48487511319226,44.226364870409554,1,4
7177,85.3182995738514,33.22803709901268,45.65806706618947,1,3
7178,24.34782326808427,40.846050875763936,79.28228989694372,1,1
7179,247.8415981065995,27.90311701829648,78.33287031836342,1,4
7180,299.5250890947765,16.5561129213198,85.5134736273,1,4
7181,173.52973140605982,32.22558381817536,80.97443425888872,1,4
7182,17.64281637380456,43.76634957355373,80.63553616848522,0,1
7183,234.1404120464824,15.438935385156702,40.14185872443453,1,4
7184,22.124714653752463,22.20773965267364,28.129004367901107,1,1
7185,162.00419587778435,24.4820336989236,80.94018128288138,1,4
7186,83.25974226315812,37.97516663672927,27.889441572460232,0,3
7187,274.5080341777186,24.69830767404485,98.5689124235984,1,4
7188,135.3993639778455,22.17251589588942,90.00714139600055,1,4
7189,269.539004543566,34.45674043401124,62.67692815369497,0,4
7190,89.72432557637026,16.39215866882999,48.17468520817292,0,3
7191,116.20877514640536,20.117905798762408,62.14744287579432,1,3
7192,284.1357564741241,27.240906860083317,78.74414664826966,1,4
7193,60.394335279490605,25.667998870200933,80.50639828484915,1,2
7194,173.55034549534355,25.414974575500896,25.89327989199341,1,4
7195,116.5530985680334,18.25665039358985,84.38832759158538,0,3
7196,232.2500655206182,25.825200583493896,71.31976653641244,0,4
7197,38.788911351407215,38.93978315974208,23.246369112416225,1,2
7198,131.16449070140055,27.41532605392186,45.05289646510322,0,4
7199,209.67978805357893,32.585135544470546,60.85130949554527,0,4
7200,122.10487050184794,19.907382279519524,35.076119376438,0,3
7201,17.559521782613007,17.091340904057283,32.41924230996438,1,1
7202,211.53367840060315,41.39868125794682,21.1424931677863,0,4
7203,150.95949830549492,24.941177884378764,92.92405067610068,1,4
7204,3.392606004030163,25.510116992043983,24.488636402414983,0,0
7205,183.7967685685119,41.33063548436576,49.28091371712232,1,4
7206,275.9643067586359,36.23314046726232,36.4617309817192,0,4
7207,33.30778446350669,37.68788132962838,79.2826481765889,1,1
7208,177.20137050275068,35.46010452502988,76.57477259852274,0,4
7209,218.6006645287891,18.173767343746093,84.49779295695849,0,4
7210,21.232101042091635,43.73987463168683,69.34466409959879,1,1
7211,6.784637449255893,42.27408861383783,67.3322528266668,1,0
7212,139.25875999348418,22.086603804943632,52.56885723775076,0,4
7213,237.35600617030917,39.11982573431524,70.90869600870946,1,4
7214,48.2158230297985,27.2818929449196,29.216446797340243,0,2
7215,250.99118166447687,35.51300903593449,74.76102793617477,1,4
7216,196.97317662707883,19.96808999439702,28.31182062904704,0,4
7217,99.65198633654568,31.156627519692623,88.9391922026133,0,3
7218,154.74773954773485,18.79848898679718,60.45462446616442,0,4
7219,289.6724939180216,31.08501496074348,62.42855236285124,0,4
7220,64.93109118970165,22.307818681716384,66.78860817641888,1,3
7221,149.86061932321206,28.57399586306444,82.08419991830857,1,4
7222,187.34596683228625,35.039081015232924,58.2776496697734,1,4
7223,41.40438164269988,41.31223744981857,54.20704589178576,0,2
7224,13.056626586992891,19.958670092558343,43.06667654183218,1,1
7225,4.037985879441386,41.79807346253095,30.243148057407303,1,0
7226,97.40785698000488,26.701129437818704,35.22740328608265,1,3
7227,22.18418834545961,40.31389705817642,20.042227494866587,1,1
7228,241.1309857623344,30.37643755253289,89.5537318228534,1,4
7229,299.19585814852377,40.8662571528882,81.19667159191054,0,4
7230,18.39114652033921,34.88472202560599,37.49459430551652,0,1
7231,129.81788278003188,30.26148421850305,20.191207247640428,0,4
7232,7.71963689477243,24.376158990009863,59.36930438896313,1,1
7233,40.19726722717897,44.067272628559664,53.00585594520564,0,2
7234,96.87676827320222,39.02692972999253,82.08052970736469,1,3
7235,118.10946391729496,26.435615555167843,52.23164053580143,1,3
7236,281.93488392859206,20.00170779177138,89.12902460190067,1,4
7237,118.75104262706876,38.38606255779881,27.66705832522023,0,3
7238,148.88329771722064,44.6983286343276,49.26864690020384,0,4
7239,73.67501048215992,23.36924861377416,94.71527189349844,1,3
7240,0.037541626972648,42.47589217004988,20.938369786150304,1,0
7241,269.80033701994057,18.761121167637604,51.26315392055397,1,4
7242,24.514427110891447,43.56618762755562,40.77626080532247,1,1
7243,289.2746523108687,37.3601673732919,62.54885779544625,1,4
7244,39.25323123007808,25.397886877911105,42.30134402229024,1,2
7245,181.46354422513207,24.138954668887017,89.59264363691778,0,4
7246,299.8231763569911,34.30306061818054,94.97106022826192,1,4
7247,41.53937882090276,32.805214207761,87.93074376591525,0,2
7248,127.18292548194728,42.56810104481059,51.88542761823594,1,4
7249,234.12710069144296,37.98729402627643,99.1947012428959,1,4
7250,9.65704495499048,31.210946177217807,78.80290532993533,0,1
7251,206.9348253420133,42.82697525518964,48.448714930289526,0,4
7252,24.112001367239845,32.781918939996565,27.49542569590361,1,1
7253,70.95604268196792,40.49054506982032,73.3637133105383,1,3
7254,48.02284874800813,40.22827956293569,78.28539553854681,1,2
7255,272.20092949408087,42.57584576848609,29.79673063107688,1,4
7256,54.13701503450425,17.028060938373137,63.97890814370062,0,2
7257,12.13022865454716,32.514590038403334,98.96703872430562,1,1
7258,176.28770353432864,29.051777735131477,46.09936819993095,1,4
7259,103.8542776229106,29.71627150394017,44.1516017946291,0,3
7260,121.71186619240991,28.797318108606085,92.26417328743716,1,3
7261,35.71882345876409,40.12400068267023,29.39328357320445,1,2
7262,224.4703474299584,24.552986922508165,94.6822002700187,0,4
7263,180.46609489305536,28.88253244889335,82.35896482187914,1,4
7264,109.265113424484,21.02047628703257,51.26723271463359,0,3
7265,51.4724831289408,22.55149847774204,26.68380962817213,0,2
7266,178.03552175116812,34.81260250031625,21.53396330030276,1,4
7267,233.5791838522132,18.50807814751986,50.06649571502247,1,4
7268,93.71918516015847,20.63465432984032,76.42828675814755,1,3
7269,7.7581150615791294,30.841036787139423,59.002337077512166,0,1
7270,64.3031954258952,16.313190838890407,79.0921514248472,1,2
7271,204.7193456678488,18.807809982611747,73.64566789808876,0,4
7272,296.7289132370768,40.90058816900246,65.8325751494693,1,4
7273,4.012871822632958,40.38440297384987,97.39992645798836,1,0
7274,91.84606863963025,25.433283151409466,78.2707547482776,0,3
7275,18.606261134651657,25.43973945933553,93.16907593451538,1,1
7276,94.90478632890964,43.095463477920106,39.37284514560227,1,3
7277,121.77430293822636,15.775234172160696,77.0911701421761,0,3
7278,276.2586275838765,32.40886539255813,67.82422907321275,0,4
7279,24.16823982149362,32.92171737122182,93.94368774710826,0,1
7280,233.140215919731,38.63661201544984,60.83624140994986,0,4
7281,118.660318818889,43.55251547467802,42.371310322332135,1,3
7282,243.37885490007832,25.67482761130032,50.78711683028335,0,4
7283,154.0206555976864,28.13500420368004,37.506384434100895,1,4
7284,11.784611653023024,35.138954415605326,37.59783995105494,0,1
7285,283.8617654144516,44.0181486703253,57.63372688213288,0,4
7286,24.82021903035655,41.72377061210123,91.4055068234377,0,1
7287,179.30505076012685,35.01159009810134,35.34954742890048,1,4
7288,263.30032888005474,40.70170715013066,43.02960096992925,1,4
7289,23.93093932505817,17.55613292674309,88.23905024412309,0,1
7290,166.16801652480387,26.31380828555558,47.140502204841226,1,4
7291,247.2869626573357,15.392774870965416,96.99307215917712,1,4
7292,295.89741259373875,20.32416714782851,41.5136221170833,1,4
7293,217.2982202442064,33.91477713607206,55.37147373588623,1,4
7294,83.50031263898809,41.56684871201,27.64879513541927,1,3
7295,209.87109895362283,33.98340929975386,99.37406362388812,0,4
7296,211.7300307922918,34.924143210257,91.21136359004956,0,4
7297,209.98980363138523,18.11464815768605,85.40498023008998,1,4
7298,256.2781311279317,34.9458147274014,32.58739764487525,1,4
7299,26.21401875584728,28.63040152107573,97.54864462783308,0,1
7300,32.52595362463001,34.543206947454706,94.33210285439397,1,1
7301,192.1851372676674,24.78519328589482,54.85371535980154,0,4
7302,286.16432882945634,32.4445782498951,74.53096237611254,1,4
7303,139.75159167577377,27.72207890492968,99.39667421536376,0,4
7304,288.16881048770256,31.759111663051826,52.77961755996655,1,4
7305,281.4255778548462,19.412685549894,29.04365512432664,0,4
7306,270.87292147029586,26.874745608518552,89.42232278551974,1,4
7307,272.9552924592256,26.228359717705622,58.11880947539974,1,4
7308,269.4956379983958,37.091835619584245,98.95755640474148,1,4
7309,245.96681506175463,36.192285419041966,64.07142883238461,0,4
7310,208.4936875815991,42.26576054193999,22.35820828713619,0,4
7311,7.322453577782473,33.96166776849593,59.338157088350414,1,0
7312,39.67607764681574,24.4364138938042,77.44497034631684,0,2
7313,40.26961635944014,38.49673989705994,22.08240225624637,1,2
7314,7.0620852838769625,29.90992930600879,53.07589714899429,1,0
7315,35.010530527091,20.80479631887236,32.4448160361261,0,1
7316,275.92393007013186,37.4223440498138,71.44774568170868,1,4
7317,199.1412860732358,18.97594187157687,96.58766790224333,1,4
7318,93.62190548862674,20.34459993738388,69.96679236442344,1,3
7319,238.008003671004,37.76267785305442,75.59021651087113,0,4
7320,146.51084608645527,38.10434082213864,51.72503203404876,1,4
7321,42.638111074762975,38.723438064126455,65.05126951615331,0,2
7322,265.3506243679478,23.79975373251347,63.508616774868784,0,4
7323,101.59858387094177,40.997623721145565,80.76850762143552,0,3
7324,209.65776915896825,36.68004407886218,88.55293176162361,1,4
7325,87.17824814988222,40.01902228654022,73.03087554264798,0,3
7326,150.02137520214,36.2581645424067,98.38470415392368,1,4
7327,244.87581345912463,32.38789376239022,86.26307140195996,0,4
7328,47.03320392731031,18.28184314722058,29.971739913354007,0,2
7329,293.1754185717835,36.32808635855848,60.59803187089369,1,4
7330,21.06477685821786,35.713823263745525,92.2588862955016,1,1
7331,160.20267292215124,24.37473399860581,95.51478949849712,0,4
7332,274.8076558055844,37.07459307139278,50.41647507459184,1,4
7333,283.7081654647576,31.513636602939822,78.05632492132196,1,4
7334,69.6326888639328,31.78218715630245,52.84363869139027,0,3
7335,43.19549436444259,26.028140363571374,29.89277777435455,1,2
7336,217.32090009536728,18.503551240204096,90.76890439379346,1,4
7337,12.592070482871131,21.507853735979676,94.55624981698462,1,1
7338,145.57169070909427,38.06494960008175,60.380042501264526,0,4
7339,238.90656803795457,23.143246514906817,21.464594465611498,0,4
7340,168.07641735505015,15.067591630068346,85.28290005570078,1,4
7341,56.40397973220151,44.9105226339465,58.15682929846327,0,2
7342,146.11328984098895,21.320467015511127,26.002268603325483,0,4
7343,276.38241493466785,34.66149446611182,35.15131862971959,1,4
7344,185.16389341328303,42.80766013724981,32.169547218434275,1,4
7345,216.44718827070596,32.99138203901811,74.90230930557715,0,4
7346,100.87916389875448,38.97091845253373,43.95275942939825,1,3
7347,56.54513255028532,44.29115136446445,30.21524138491546,0,2
7348,76.69266896988108,40.81090277789357,93.41190609886748,1,3
7349,159.95327812808847,31.73712266035085,96.52248472126423,0,4
7350,84.06604608321112,25.91108791446229,31.086069821357786,0,3
7351,162.58943622783033,29.473933474918788,38.41886826478997,0,4
7352,212.33757821285303,40.25478504571633,67.36965756851328,1,4
7353,220.31876285109044,40.60063830451921,32.040627959877924,1,4
7354,49.40548189832803,40.37564767075091,32.68733543228895,1,2
7355,225.1292546501589,32.91673208250033,46.926083338991205,1,4
7356,201.80644187770773,29.30867753272839,95.9336266294404,0,4
7357,3.6015400106120032,24.340141682869856,96.99537570850148,0,0
7358,17.661652526925252,15.10082565545788,87.3430599860296,1,1
7359,193.8748505581141,37.93455812582867,75.65703343432403,0,4
7360,115.1111698691129,23.30994840042164,77.6538692685402,0,3
7361,43.83119987269977,24.89033686156012,57.56582744699208,1,2
7362,13.318967750889977,40.30443674541132,62.41237025244392,1,1
7363,47.81950220172926,16.56753471367862,70.75621280047905,0,2
7364,287.254189296485,42.82860994372316,78.50293099956713,1,4
7365,218.2696924712909,15.040857673155193,27.747693800844104,0,4
7366,158.31162628028815,43.17507344476218,37.99096077436441,0,4
7367,282.4621500163775,28.64275473250249,97.03545530421432,0,4
7368,185.7331313044812,18.063678754554587,46.81138123684632,0,4
7369,217.69355648420017,35.22484101723562,41.47793686465623,0,4
7370,84.79554555176162,41.87569277163665,53.75290496994586,0,3
7371,176.69455307675875,28.1421845054286,43.27366003466096,1,4
7372,43.04317328935208,35.74073712091999,27.294415404148413,0,2
7373,121.34494355933262,44.38088160567882,36.63689055233626,0,3
7374,9.972097495983034,22.22102471139015,71.21278380658666,0,1
7375,64.98842627480414,39.61348370768064,37.85460456421862,0,3
7376,22.460588826802407,23.857113280415295,71.81337573558683,1,1
7377,116.3336458521694,27.7901279997048,28.00647159227761,0,3
7378,252.91054939154705,23.452976054917823,23.35010796739806,1,4
7379,113.38023190351592,28.380352453023672,88.92541461273537,0,3
7380,249.491887798393,15.152670972848476,80.80209564333543,0,4
7381,196.9494937736662,24.103165419908144,73.28221462770986,0,4
7382,152.85883398924832,28.35882191813087,22.471938634949204,0,4
7383,71.06750797839916,33.96720551118288,39.14831481229914,0,3
7384,276.6468278532457,34.12084173527727,84.98514617218085,1,4
7385,16.26024265260998,32.513568554114784,31.573413204683565,1,1
7386,206.6739053096446,23.790954887768905,85.0282751915011,1,4
7387,186.37196784281065,43.42212947807237,66.73868397673442,1,4
7388,132.31245667695805,26.75909471223298,79.22946942375833,1,4
7389,72.0962865877816,21.506818237171736,71.56056627609385,1,3
7390,129.20878105358003,31.63538819003962,53.35916640670036,0,4
7391,261.8318176660262,37.46786009642741,43.35818791175395,0,4
7392,251.02983307648623,15.367007184667989,73.81833428726777,0,4
7393,282.4143749931088,23.290320221866423,84.55303054439155,0,4
7394,92.3379619875744,39.749335578000895,23.578610892948937,0,3
7395,116.13124751066188,30.210632801567947,50.39271469790645,1,3
7396,5.6178457979589975,27.254649137397426,48.05838273438904,0,0
7397,282.8849984160025,42.92703838746935,64.7576672366762,1,4
7398,98.81702754518066,17.68605291368516,29.11400451102398,0,3
7399,121.24914645989796,33.467106023335475,94.67355281114234,1,3
7400,272.3413834342184,25.26566148731331,63.880821474705805,1,4
7401,157.97952905004396,17.124701948787774,93.90022434270232,0,4
7402,169.8523625266434,21.412335258324603,85.35527387693205,1,4
7403,52.86985144527505,33.837996390518526,35.331108985214506,0,2
7404,149.59800624559634,15.848308015636723,30.587120983436577,0,4
7405,275.46258027263224,32.76746446168053,88.90001920007425,1,4
7406,167.6154264323778,43.70551263651913,62.88801780673752,1,4
7407,76.53490939192741,38.85288187110808,21.579419831831878,0,3
7408,9.354259240428853,25.36791238001537,94.73813987514878,0,1
7409,100.8905320362204,19.146229390848248,57.84227195144516,1,3
7410,171.7772742193374,28.95193301738936,44.074904140191656,1,4
7411,12.783986511249037,26.788513085352164,61.32782969365178,1,1
7412,182.9377731873469,44.15198880071556,85.83347123473241,1,4
7413,157.02414813543385,44.696041635252655,28.82341880286323,0,4
7414,235.03064074997127,27.317539689713733,48.7146322590026,0,4
7415,8.66645168158855,19.463519505898105,45.50933385964467,1,1
7416,234.2542034456212,42.31828648928716,87.17196160225181,1,4
7417,156.26311372743206,38.8062682700098,82.27738207817697,0,4
7418,111.15879983391343,30.338226199670927,52.00832276615457,0,3
7419,289.61489290764723,25.96063929045424,73.15906477316479,1,4
7420,48.03586417081591,28.44497482799182,51.55563858358255,0,2
7421,162.39753572733196,42.05643525915331,65.7051070652987,1,4
7422,96.29444207774353,20.539303432906152,99.29722357000954,0,3
7423,158.24591363860074,39.203505633704125,62.84595737884597,0,4
7424,165.68263577412364,15.54571898481466,99.08597862644056,0,4
7425,26.83447452745373,42.61715979426255,79.7759285011795,1,1
7426,198.3405440755049,30.00891838938617,29.65778322105118,0,4
7427,190.34444877570357,21.802434790235168,83.67729348802774,0,4
7428,230.8401823903392,15.085695084515471,32.90285131758522,1,4
7429,27.1975480977513,31.786394062343227,62.586288670929015,1,1
7430,89.17756407110635,22.334636116795146,69.05961875724952,1,3
7431,195.0331799184304,33.9379300803253,91.3784364175488,0,4
7432,41.01924777468254,23.435078443561416,36.83393682056918,1,2
7433,203.27946323653268,17.640720875706805,90.075365789109,0,4
7434,17.708013246126896,30.15154889530678,94.75950207666408,1,1
7435,100.47946588788832,31.93457208864433,27.158988100765463,1,3
7436,254.0133366997557,28.577700766186524,90.8228094409618,0,4
7437,232.2873871143481,28.74106662989344,40.73440388861976,1,4
7438,193.4282145681264,32.68950383700046,26.480075950571003,0,4
7439,261.1375249875304,30.790605282304604,96.68594847346594,0,4
7440,212.7808632516601,18.977026165879742,51.37627897996727,0,4
7441,155.8125315632409,20.91256939455097,69.83868041095758,0,4
7442,293.915250115736,19.253731242871503,64.22984958362521,1,4
7443,208.45682393679584,35.79886746659238,37.05455397278659,1,4
7444,180.41015304390092,30.85795236500898,73.56525825336522,1,4
7445,122.6611682860694,27.89565370592785,23.6891991205812,1,3
7446,270.7237495737151,38.95016985818548,36.24759410495947,1,4
7447,88.71272868149785,24.773839792824155,95.57310007471555,0,3
7448,2.7658782632708045,32.04319989272883,96.28060196726132,1,0
7449,59.02215672970799,17.232228044705952,58.61241534507628,1,2
7450,32.85524758270775,37.33212251475336,33.52573911310229,0,1
7451,95.69813225192162,35.85577334446769,53.72960488279627,0,3
7452,247.7636032375365,39.07138887890646,90.16566666335194,0,4
7453,195.45890560950224,41.53427874049661,25.621924354883312,0,4
7454,50.69417677011375,37.74084801886256,30.22948617308109,1,2
7455,236.6465163277016,40.334696703818814,91.65222766848484,0,4
7456,151.26595982982082,25.369637968851737,53.2306720554196,1,4
7457,153.81438723548908,25.30012086044819,26.6766884113901,0,4
7458,108.633654294262,43.329024596994486,31.136726173918525,0,3
7459,259.384909446607,42.43723608978614,90.59585423686347,1,4
7460,95.4981911567378,31.45492023315668,59.20826972996093,0,3
7461,28.2419282009066,25.99676355817937,33.03954462889956,1,1
7462,90.81869819158352,40.98004590776401,91.52478039424923,1,3
7463,214.60606388036567,24.702333972820988,87.62231113430059,1,4
7464,197.27456604099865,19.60905248683333,21.84186806306432,1,4
7465,56.40514606607335,34.1847802501644,66.47920861995775,0,2
7466,33.53528973148261,16.278654291989007,39.54693203045662,1,1
7467,198.2597275205239,26.37305718499464,62.65086495844515,0,4
7468,202.91305069647368,39.22991447083866,42.341466576426456,0,4
7469,109.8448911631712,23.856485870785043,45.27010247135769,0,3
7470,252.84041505872392,42.939464372206,68.14820259460643,1,4
7471,293.46156113997506,43.67473999849912,63.10873422141818,1,4
7472,61.69356703481862,39.47448902295356,51.61539182246458,1,2
7473,173.1206147118085,44.62929956976188,28.605437746321243,0,4
7474,1.6038987011817496,30.92292334534313,97.55391188636926,1,0
7475,213.91631880788623,32.07598656416914,33.9684440376041,0,4
7476,124.28463406899532,40.08500445811436,70.64937959651118,1,3
7477,57.98076807094945,29.784157673642717,26.61958101632516,1,2
7478,225.6665765293129,27.201600204992086,75.06502660364949,0,4
7479,243.1946392668242,33.442607735236166,27.58718267071222,0,4
7480,33.349950352781185,34.72978532546646,38.36066732047854,1,1
7481,12.298728551410198,37.52687465088499,71.75881595024303,0,1
7482,100.22353250073516,35.046020917802565,42.63481535554828,0,3
7483,187.79713972831067,37.37165385789986,62.62806521183387,1,4
7484,238.02585815658992,35.23679012666257,29.960431466992745,1,4
7485,163.8187489891373,29.413357155005365,36.19204314129624,1,4
7486,174.22463289209418,19.04803753009411,78.70207266036931,0,4
7487,239.95746652586732,38.56329686805775,22.811108822578625,1,4
7488,158.6530122656278,15.923374541630492,28.94401678856413,0,4
7489,183.34634706789012,44.77500275284019,37.19648148885117,0,4
7490,154.86520199296777,39.8537546981904,21.61524472834248,1,4
7491,264.1374700103112,35.12731823943915,27.630295880494824,0,4
7492,70.65498557552667,43.9982031556336,42.51131821089839,0,3
7493,79.1980753621528,33.37410844368628,27.433396126651388,0,3
7494,38.38843848054773,16.692986422330442,89.28955440238931,0,2
7495,245.8400254483265,31.781465220435603,25.285903240892395,0,4
7496,123.5331871687072,23.316125569708284,88.87869593425916,1,3
7497,104.36818226437316,26.084325839533104,85.82880688482129,1,3
7498,294.40461512614684,28.787554675500868,28.060927565070976,0,4
7499,278.04100993193566,38.23802239166351,22.01530514175292,0,4
7500,291.59630463742843,30.087876431128684,23.999361191625116,1,4
7501,42.68969902760785,29.240408724752363,67.23024516590056,0,2
7502,267.3755439444499,24.059164132255383,73.62828995908598,1,4
7503,98.61287981623543,31.19616725558109,69.6522712996985,1,3
7504,3.7970310635587534,22.451725633059468,63.31814815935184,1,0
7505,117.38950079492062,22.82981446224684,33.97472725035912,0,3
7506,152.7589059414179,37.71776325433561,87.27631157082172,1,4
7507,32.4661270702216,25.2764179352727,46.204394908819886,0,1
7508,161.3032850622769,16.541990188173354,98.89425568903084,1,4
7509,245.83907525301944,25.310318576849426,50.78862383153524,1,4
7510,113.2952852517582,34.15716623599857,41.04038751794924,0,3
7511,105.79344196029066,39.41956760031967,91.540065102539,0,3
7512,101.64312606920322,43.85810044177085,65.39313305528266,1,3
7513,276.9283337651076,37.38661264424928,77.74803521397918,0,4
7514,14.62742963705973,27.865548282505102,52.671902666179584,0,1
7515,133.52284259788658,23.97357837614873,90.9532404754872,0,4
7516,79.37983624491505,18.888899705126683,93.4180170387462,1,3
7517,268.14210761624827,33.83059303338343,54.94151448935318,0,4
7518,28.815679075141176,30.29649942327019,39.25790682950084,0,1
7519,123.43283000412325,35.33104549332424,71.81371075467905,0,3
7520,122.0448456093257,22.11399469365209,96.36674670564123,0,3
7521,266.5183252641068,24.709325043298367,69.79571676583531,1,4
7522,64.64803351229084,23.76286048495917,96.33779507261892,0,3
7523,193.46862309048333,38.92955526523232,47.50463719780917,1,4
7524,40.32183806633672,20.136894445900403,93.20632566399,0,2
7525,286.19271422416284,33.25416351073487,29.005346593327523,0,4
7526,177.90448778168576,16.5406504727732,48.706753515014576,1,4
7527,187.87701909620108,31.485827277051587,59.557698759243536,0,4
7528,130.13202049814166,16.917419272591676,72.24882706018334,1,4
7529,102.68481379989667,20.276297723639622,43.53113959589812,0,3
7530,63.80292884846289,18.390759061606865,93.9391440346983,1,2
7531,181.19632614967767,25.401760616502795,92.27969673553278,1,4
7532,286.3685236044714,25.31194253123187,83.94692903724498,1,4
7533,107.9372862277209,39.79257842184769,29.149001999338573,0,3
7534,264.9470665986163,21.770623541415866,26.26327609106278,1,4
7535,44.6328938541749,17.59160225321931,59.85051640954734,0,2
7536,280.83780626454023,33.10535372442389,81.22750045567335,1,4
7537,105.14588516942295,35.62352098800021,29.858871432900894,1,3
7538,113.91816347800368,23.84470848064361,71.31499735488148,0,3
7539,138.8526771102985,33.08442349084132,62.22843128818455,0,4
7540,215.47328098429503,38.28169704019932,78.07915357874978,1,4
7541,215.89603010671053,25.426588172283367,54.83001809330143,1,4
7542,143.87657541589957,30.760615197993356,75.46372777760072,1,4
7543,156.9458697941808,19.3989982101696,32.76869371872511,0,4
7544,9.003146332242352,15.709404032105413,37.16754185853031,1,1
7545,91.2890104674977,44.44103924432488,92.26672510512034,1,3
7546,103.80512226918285,23.9919255160911,46.35000602379651,0,3
7547,167.61818061772783,23.367061521654648,98.84046518692406,1,4
7548,167.48993021139134,44.19735399519263,23.69636781200746,1,4
7549,212.96993931836195,36.84700571289351,59.67006519623256,1,4
7550,215.10818886542427,32.5589366382145,45.99897315570821,1,4
7551,70.5632172636249,35.9797018528007,99.6772029640738,1,3
7552,231.05614533144745,36.29779700086208,99.2027805091696,1,4
7553,5.881070413884615,37.900076408789474,38.81946334823457,1,0
7554,214.84856538201612,17.015676942597597,41.38055037457087,1,4
7555,30.61833105582693,27.38494259348664,79.97377749736376,1,1
7556,218.8944625263657,23.853909534990493,91.17395451154326,1,4
7557,158.1354271705213,17.117089155510165,73.09575902839347,1,4
7558,131.17635020492764,27.377969905392863,89.17671640490906,1,4
7559,207.1999169284287,33.4852045623944,25.06339643165825,1,4
7560,10.911250124169811,20.354930399232565,71.24227851172748,1,1
7561,67.0410977026735,24.15080231663561,76.01367113365569,1,3
7562,184.9320427402962,34.175124657514615,35.225525045176994,0,4
7563,254.16462198924535,32.3797397267164,82.23761674596844,0,4
7564,114.33229108353508,41.06356389519672,95.54121357610848,0,3
7565,77.62844179006713,38.73692908951151,91.83731938224528,1,3
7566,155.62093073669828,43.968331568580886,39.59739343306712,1,4
7567,186.6945757160524,32.915799303401315,45.91941103777489,0,4
7568,126.03090942172392,35.95402099234879,59.9689095156997,1,4
7569,263.0132047979265,40.81518776443208,32.66889474244557,1,4
7570,157.03161265800404,40.19977334475804,96.31625304930203,1,4
7571,10.747076271175503,36.56164926078703,32.92773037686621,1,1
7572,66.91618641185711,30.00768628121925,80.91383663922687,0,3
7573,135.19410927534437,23.196206646921866,47.31425209367429,0,4
7574,209.31765570508,41.31647261806218,65.89766381572774,0,4
7575,65.92567313777666,38.29966326711915,23.77390595154893,1,3
7576,292.87723191522633,40.13720855875438,36.40094860298591,0,4
7577,95.56747745642504,19.223679544416125,55.55129906569698,1,3
7578,159.74406205817652,24.44438634567824,74.17529737924023,0,4
7579,5.689915419312353,27.74655113698953,82.20495409687038,0,0
7580,265.4672164292413,40.150559169016816,22.411241421064183,0,4
7581,236.65039605755504,41.78660018143967,32.199217286303174,1,4
7582,58.63740128867781,23.546781427658587,78.3833390951403,0,2
7583,279.97100737195285,35.59287501797294,85.04443406496131,0,4
7584,94.7519291392214,17.334426184576902,38.92572218286289,0,3
7585,207.65588651403516,27.287198159062832,38.37224376048645,1,4
7586,245.69289540498,29.600073232556557,27.042355157853272,1,4
7587,222.27433837115424,37.96898444697348,32.02351804776054,0,4
7588,275.2748352089524,41.75916710511362,20.641271350579693,0,4
7589,259.2824281022125,25.11849707473369,67.18649918223156,0,4
7590,298.383454227483,30.83216669825704,92.31130752715455,1,4
7591,54.78342377284366,34.42344667102573,31.966087963054303,0,2
7592,91.42854036801002,24.86061686840444,80.11549307528348,0,3
7593,190.867760229489,44.56614639522134,65.89269490579973,1,4
7594,219.9141557674751,41.273231387100736,95.1937514090538,0,4
7595,160.38151636671276,23.8920848659985,83.84980179762064,1,4
7596,22.17850946598448,30.23838692997145,88.21832182073028,1,1
7597,252.4785680401146,21.92521839741733,71.13137218980535,0,4
7598,288.2623068063816,30.435117567100043,84.9068895628696,1,4
7599,121.65505314791842,35.499970344698546,48.06956027838887,1,3
7600,67.44374450965381,17.565632783789635,36.72140758697758,0,3
7601,5.794126488626262,41.10351614421815,93.00159769863714,0,0
7602,71.18971082807558,32.8123760533975,78.74687024579364,0,3
7603,209.97563245152668,44.68808695731005,27.256231755047217,0,4
7604,273.4768163018192,15.767745217485096,89.3527622201163,0,4
7605,28.053919929529748,39.94495053294696,47.91231519827781,0,1
7606,165.97775614857898,38.75889144763643,43.86222324334214,1,4
7607,208.6593745535497,18.98557536120097,69.86508538291103,0,4
7608,82.91424633188058,25.0591690525022,65.48789088851709,0,3
7609,170.9691117510906,41.54388609132518,63.06053769323906,1,4
7610,214.57452780173188,30.553628852167627,40.39017467216215,1,4
7611,251.31577294061304,27.03844462401717,96.78190010049758,1,4
7612,135.74995524599427,42.16489296752525,96.00967390636264,1,4
7613,224.35716567568815,17.800335734311844,20.33297519379999,0,4
7614,90.5348915219549,29.19368348706769,47.02621033341668,1,3
7615,63.91402403164759,34.571222939260565,23.64389312496374,0,2
7616,56.19412382720023,33.256243170450375,88.01990130479261,0,2
7617,107.66181954771788,22.928293632266744,90.92145906372934,0,3
7618,10.763904536654712,31.899387136030093,61.46386269489951,0,1
7619,84.89755129957491,36.25685292857945,87.17424275685724,1,3
7620,195.66684733296847,32.54656221980095,76.26882526830335,0,4
7621,194.375714148041,35.533866779319666,59.96591543427393,0,4
7622,22.06614194744737,22.682362181663716,49.10491191912219,1,1
7623,86.22468512418604,39.985468508153474,41.298002026124784,1,3
7624,170.8672994033765,28.49068610954909,40.75433099384416,1,4
7625,95.56564125093084,44.61671532313706,64.96515073900731,0,3
7626,125.39640725666204,15.698559620008126,33.34470611922765,1,4
7627,213.8432271347292,26.4094611374293,33.98335009383647,1,4
7628,2.780048836989013,20.41425156915333,20.83146722616253,0,0
7629,82.91806322652916,31.6682858098216,69.0662447647299,1,3
7630,42.711673135505,22.29615283120838,99.54753485280418,1,2
7631,38.28275482934752,37.12433839702445,91.1375500342339,1,2
7632,287.7120649341741,41.45597587012556,76.4551843541681,0,4
7633,112.96809946872531,21.32653060746333,82.84202382132584,1,3
7634,158.12657547289194,19.82032854905395,53.34821730109968,0,4
7635,220.1465661208898,41.26071557185436,43.84636439328551,1,4
7636,14.234242458015055,25.838157452655167,49.49026255077469,1,1
7637,72.3067915673095,28.0375090487709,26.51376653840387,0,3
7638,249.64433620311377,21.62908507330607,70.7036158423706,0,4
7639,258.5971839533643,27.759446041534414,33.98920177701391,0,4
7640,111.8852761922406,21.939002192339903,81.03025689280308,1,3
7641,112.45847989553047,34.977823219025424,35.19811698110502,0,3
7642,227.06906313266452,29.966292374402613,38.24992202138692,0,4
7643,88.52106802496074,38.641813378887264,96.58445115009344,1,3
7644,35.12822434199943,24.381843482018837,28.431672961898204,1,1
7645,77.26063507217503,30.16785046377113,59.90740313968239,0,3
7646,116.20341949073246,22.785699689314036,25.014920592127776,1,3
7647,15.66141287852948,43.03421790739894,27.23127936657651,1,1
7648,143.60407626005244,30.658070033733093,70.68002897107417,0,4
7649,222.00225383183357,20.20387488953829,70.45818104468684,1,4
7650,154.12354334413848,23.182969776300872,35.44962250593273,0,4
7651,21.56860215435209,17.487058923721804,89.7989212206714,1,1
7652,132.04488940378755,15.834479867932002,76.17495965463819,1,4
7653,212.67138241284985,30.77765478212013,44.048846629693166,0,4
7654,17.42899619705698,25.11368767576816,39.87092464071425,1,1
7655,17.954156918066555,43.91320365780919,80.3428202504663,0,1
7656,111.1804209542948,20.13994189084453,78.6899139306083,0,3
7657,58.489189237112726,38.81737958210836,31.90655292251502,1,2
7658,280.43423739252614,24.47914326578708,47.935027893621466,1,4
7659,174.40308112192295,21.70612158176116,37.33417973267525,1,4
7660,86.19761982176885,44.089104570039225,43.53153568686985,0,3
7661,211.43301873448524,39.07729796237297,43.00511699958978,0,4
7662,112.47871540779866,33.91862674335995,98.08189599706375,1,3
7663,39.634693313703,35.913631116712565,80.01690984884547,1,2
7664,71.16966895307412,44.7414442455177,82.40416391487001,0,3
7665,192.8241853378127,32.7962222647466,42.1938532212497,1,4
7666,15.562831799097498,18.0570135242088,20.04216680370948,0,1
7667,81.80671201441912,16.94598380104144,24.65256039375916,0,3
7668,62.49344329265239,34.998203324216206,64.23998133254366,1,2
7669,60.3405332029596,34.72803431775445,42.83849111187092,1,2
7670,204.8287235927913,37.44521378934266,35.43636805185507,1,4
7671,247.74507502630937,18.26336190697841,23.971273729305494,1,4
7672,214.7599824192776,43.34706824265516,90.07053915437902,0,4
7673,193.71834474015367,31.534752417319343,68.01018776463806,0,4
7674,274.9355315453592,34.486665630636466,28.589857155860585,0,4
7675,17.517714127289054,16.045571501343908,81.31232128772749,0,1
7676,50.244925792872216,43.82922643546722,80.46604728614392,0,2
7677,124.32205670115964,31.877755462318454,43.15229128122047,0,3
7678,111.73549305116032,31.900893389838856,35.07415132453956,1,3
7679,125.41548088890674,43.30665948691139,85.1185500911501,0,4
7680,61.936471512811806,42.88050534551002,46.36517861209085,0,2
7681,44.8509946740685,21.60895775451725,87.79424648647655,1,2
7682,152.75797423737842,42.93296465717788,23.492129043822736,0,4
7683,278.4157572206381,37.098638681401845,59.943115912924,0,4
7684,117.59083870497513,15.567021819942523,34.36762251196959,1,3
7685,13.005964235858425,22.19529446215015,73.76358505825087,0,1
7686,211.85020286685736,27.389404364143388,99.77710091752375,1,4
7687,87.33147165815248,32.48467366517264,53.00088256215476,1,3
7688,73.52850219146762,36.03989191466067,28.024843751356585,0,3
7689,97.27740020938862,21.30631181870698,45.413849557829465,1,3
7690,217.14465717236288,40.10101542821067,91.32051996520656,1,4
7691,245.64581606109124,40.37145971667464,81.2608819283137,1,4
7692,176.4168202016891,34.04996457781732,38.57693295138059,1,4
7693,96.74362611586548,42.63281731547095,96.28789754922605,1,3
7694,93.14346993518345,39.389472806915634,69.7750347754484,0,3
7695,37.292504971638905,21.64870977880623,33.4439520254019,0,2
7696,279.9903144705584,38.96030598931081,65.78577139569914,0,4
7697,191.44181969064587,43.59606236259315,56.10214941311951,0,4
7698,8.092385956759207,19.128193410552928,85.57581398188512,1,1
7699,198.7101285560042,44.36093654373087,47.53280236895296,1,4
7700,134.14602725805236,15.749783903102708,89.99826558695571,1,4
7701,291.7673889140758,30.66501734321317,84.9576309150649,1,4
7702,245.7206474419221,38.21679416935453,73.96827609279998,1,4
7703,51.39472614983946,38.71314307638763,40.68857778769387,1,2
7704,216.03333566245996,37.04017707438804,97.62636610238224,1,4
7705,145.66980115057902,30.880541182594857,63.89334242417229,0,4
7706,56.11354910097845,34.528929662111864,92.60111826904232,1,2
7707,209.6219721989847,35.99796556959341,37.25839194001569,0,4
7708,164.2162736082736,29.836176726416863,98.67026416684467,0,4
7709,9.112163631471148,32.870549254039126,85.28473831558121,0,1
7710,193.97638515864776,40.3910416037272,95.93815067416918,1,4
7711,190.4961269587322,24.386370634374817,36.98925858199899,0,4
7712,43.22554831543879,30.69618980905897,54.45264628660384,0,2
7713,104.69631809900788,15.254391630765236,27.810713746688613,0,3
7714,175.769691225312,35.623091993303795,30.957568524729684,1,4
7715,41.63490423201897,20.86156393844525,42.71669308696012,1,2
7716,255.81701335042692,29.430037611413063,96.13005283786052,1,4
7717,8.245813886311137,21.306156488413777,73.37533448959817,1,1
7718,30.851224490806484,15.70601143735477,45.17058456535108,0,1
7719,34.832075956465225,29.496616550940495,96.365865507038,1,1
7720,158.43213779251656,27.74500819832121,79.17851252936786,1,4
7721,186.0342036505876,27.754485405731423,92.55832105954492,1,4
7722,121.12223895044596,21.264184797866108,94.17766350712786,0,3
7723,86.60004830044986,43.416137692445375,80.06157999296653,1,3
7724,242.79521268766723,15.105214554320836,39.45067438332688,0,4
7725,20.48579511792604,41.74636349992016,99.72711640951792,0,1
7726,84.08755833983751,37.10705769418446,46.00726720493092,1,3
7727,11.734673641191227,20.162161005998144,73.73645996541748,0,1
7728,4.167040489880403,29.165759589106635,87.58493559662408,1,0
7729,106.01396607966038,44.66550244524818,34.012079553972505,0,3
7730,58.4470987334796,34.310947109529224,68.72333439558469,0,2
7731,80.50975645147388,18.821301714560025,50.01382215426063,0,3
7732,246.28414723649044,28.72926716569296,39.54312557113309,0,4
7733,48.89402887476641,29.04609289718437,20.94174502050496,1,2
7734,234.07001014554027,39.06789998649325,89.7579251038377,1,4
7735,202.51518694390907,42.48488798478466,30.87052377814843,1,4
7736,97.9336575422498,17.467246298662037,90.24937285478836,1,3
7737,163.96684355288633,24.42111860858497,68.05524790467585,1,4
7738,133.33068293236164,23.95314380655345,69.6844443612033,0,4
7739,38.51859464929961,44.88144374757055,86.2921435406036,0,2
7740,272.1555965202527,31.77681350074199,60.755291733982446,0,4
7741,170.88539027572804,41.394944883599536,48.582765450747374,0,4
7742,264.0720137386365,27.780985483344715,31.10453471940162,1,4
7743,247.1479535439871,36.681694512268095,65.63323049664896,1,4
7744,23.93277759282697,23.59756926912438,64.2533643400863,0,1
7745,62.18119980553573,42.353580704677,43.51171885338286,1,2
7746,43.57833431244924,28.65438722959601,68.00455405227851,0,2
7747,249.2338598360756,39.11176491948262,55.14935087746903,0,4
7748,258.7339879365607,22.674506500276944,84.44241231307768,0,4
7749,158.39145294250977,35.80813025765637,64.75890061012092,0,4
7750,31.25342175240208,27.154752132001075,94.6942869077463,0,1
7751,40.68498556290486,15.943182689236412,61.43863747079826,0,2
7752,244.0646437314802,27.390247612771905,90.9996242525789,1,4
7753,278.75704095879905,31.50064925266261,61.64201104112817,1,4
7754,59.84270553319702,19.552848417395257,64.64278429122665,1,2
7755,3.3412729416519182,20.51739315577845,49.34463963644694,1,0
7756,99.28587154523338,28.945883949694707,52.01352987684498,0,3
7757,9.149816894364404,25.2818913730022,94.64811898332898,1,1
7758,248.3924748234114,28.22221614010088,37.862592158443,1,4
7759,147.45367716787547,28.824809679681685,29.716617733826,0,4
7760,192.55823362890595,19.20228131108267,86.41687294431527,0,4
7761,123.44546284096263,20.43583725810344,66.15286397959038,1,3
7762,103.65226410374456,40.44496180438483,42.771785156917815,0,3
7763,66.66012392282545,19.88156067931452,54.59201762317544,1,3
7764,231.1597641114437,34.97742999024783,61.99241814218134,0,4
7765,208.6642753246588,27.555841403033764,67.37122054691477,0,4
7766,108.21869534882585,44.047100579089225,85.68408183507788,1,3
7767,96.33484028975488,16.983130856647126,51.54818619648124,0,3
7768,0.3728635946037006,39.911665980922855,74.12024905811452,1,0
7769,19.06563901364173,29.743476933078647,86.78135790113124,1,1
7770,186.97665746779043,15.160571125925658,87.50187647664232,0,4
7771,154.3821930706385,22.90980656818661,40.33961640291394,1,4
7772,130.44096134550676,27.230905576478083,48.01384354000984,1,4
7773,248.25067224049755,24.425842603467757,67.59248274097715,1,4
7774,151.16946132085397,25.873483920418,90.8617912997557,0,4
7775,115.34807442219598,42.5001572741154,83.23568693535165,0,3
7776,48.37690425749549,25.82802097176983,66.71703211329772,0,2
7777,246.20640246438572,27.564881382081985,98.69869044990752,0,4
7778,172.87447503635633,37.833946607343385,55.11897835387533,1,4
7779,27.737989776827188,38.81500697245126,87.39604569489975,0,1
7780,194.66951939912275,17.522689553600838,85.4736303978357,1,4
7781,127.52122364652298,36.122101037010125,92.64306493362255,0,4
7782,243.41586707639877,29.47715861030327,99.01426840201698,0,4
7783,275.67437909879885,19.01561679712966,59.65573580638632,1,4
7784,180.1397439528738,22.941316918406528,35.650371896271416,0,4
7785,219.48384579400997,16.35106491919556,56.8716285462521,1,4
7786,16.97725428064971,25.807115664355056,88.31079015883456,0,1
7787,168.07663650034718,22.662193210020725,86.88853074043452,0,4
7788,226.60199350664223,26.46310192140053,46.87759260694477,1,4
7789,149.02864484343112,32.410216425922705,23.7845445566939,1,4
7790,178.06502685130116,36.9701865610986,60.78736782609949,1,4
7791,269.68445567431326,33.16055959678589,57.928074326304966,0,4
7792,59.42987160935983,35.35131906779837,26.86111822217053,1,2
7793,29.47395226557357,40.9691736185638,83.59119645788758,0,1
7794,207.1930839418503,41.21473330384533,42.68722191508409,1,4
7795,246.8546716567332,40.821580450775215,71.66016737392911,0,4
7796,255.14705657476907,19.5950674643858,28.11902901239997,0,4
7797,192.4933491273661,22.53207400780936,88.85625383276823,1,4
7798,249.964025451241,30.069759147827163,79.14196025241306,0,4
7799,210.19926171698708,25.76217882048081,51.07381671829326,0,4
7800,26.213074772037224,18.95006904839889,70.35911594585878,1,1
7801,228.61305236549643,23.632507038169543,34.996311414845984,1,4
7802,53.8079068650989,44.26286284996917,98.8337992767156,0,2
7803,70.98280277729184,25.407802664896085,83.68864336749749,1,3
7804,118.39518809959944,27.567422048878843,83.11520024552216,1,3
7805,94.37011989790108,15.19204265571891,32.27041740623009,1,3
7806,96.4955214908736,36.582446393705965,21.41868199150897,0,3
7807,50.77785726121373,27.406501966361397,66.82970942157067,0,2
7808,88.16131413286331,18.094201886854837,31.529648947184874,0,3
7809,5.898776992764532,44.05670214914016,82.4346765191076,1,0
7810,141.8732840064978,38.3229963775526,53.2860912142597,0,4
7811,230.57728763094204,36.78450268298181,47.08753991899454,0,4
7812,258.6742107674519,43.73617004525008,25.89194099693685,0,4
7813,246.12856768783155,27.22440253551413,99.68520639556972,0,4
7814,124.93731569853396,36.556006208773454,96.48086243095038,1,4
7815,219.12794434915688,21.18623692156353,30.52775262454809,1,4
7816,86.36723222856374,35.9136164235636,46.62492833451935,0,3
7817,16.668741815285383,15.422372765628085,51.26300304196853,1,1
7818,202.79145761738,18.789161413218423,43.74408624924763,1,4
7819,194.6388494209218,27.75776755808545,94.75748477238756,0,4
7820,240.48881863886268,15.362780844180245,77.70734632176678,0,4
7821,184.83186201086397,28.858975663512577,96.4733124475252,0,4
7822,47.06748749217492,30.68375247195012,89.96043220192783,0,2
7823,255.94871761505945,33.64819792761246,80.36332155753384,0,4
7824,188.17583640561023,18.01160030980849,75.75736856639026,1,4
7825,242.2829097105012,20.43035739381637,89.29299927835851,1,4
7826,232.23213611281224,33.39850112151585,74.73199174331641,0,4
7827,89.35934616752652,34.74563137387918,35.09758391849208,0,3
7828,22.36589245561571,15.777006846308288,71.85012131424784,1,1
7829,52.95132272687546,31.211020863451147,61.20013119588586,1,2
7830,27.858700293975225,38.549451959964976,98.55157416762611,1,1
7831,73.02372962404093,17.073026333561824,60.79724376526957,0,3
7832,137.8596819077979,27.39518595739559,23.07639865208349,1,4
7833,272.04318149438484,24.795338190903056,41.13516086125148,0,4
7834,261.6056267761904,42.4099687605605,93.39054083638123,1,4
7835,215.5799445287184,20.57407179619366,96.9885064357309,0,4
7836,7.233707864347794,24.550812394334404,78.2798861312617,0,0
7837,102.41676039616604,41.95334234973909,24.549111902957637,1,3
7838,204.70452794535592,24.919599181799185,21.883311019701264,1,4
7839,38.70866905172051,30.940423217567837,58.367600223928015,0,2
7840,240.3263550047726,15.99106011692638,99.9737845248708,0,4
7841,274.3721039962781,44.547073085251085,89.54373899995241,1,4
7842,106.23133399134764,39.748401236135685,94.64860967055984,0,3
7843,211.75291855915,34.03202834240029,69.88332039943356,1,4
7844,44.461239800614,16.822658192699407,88.7299782601201,0,2
7845,207.24493473390808,17.24609884118342,45.5758699517754,0,4
7846,6.436623686112986,31.34920892372069,22.189120276082512,1,0
7847,45.231452043330286,23.551933086103027,93.46005025781017,0,2
7848,212.964433982601,33.6836834250952,37.4744499719146,0,4
7849,213.55506686289183,32.945774455433174,78.27890839529839,0,4
7850,192.34881175355312,40.15954194837893,72.71738519017231,0,4
7851,143.20920731526095,23.441311821379276,32.65308387357258,1,4
7852,202.47242735158352,32.33590573472978,35.66231972249172,1,4
7853,232.1402394866365,38.32089956516283,46.32579851438366,1,4
7854,289.94449771102313,29.723189589669783,80.55445223588677,1,4
7855,266.5923094645815,39.91930994816833,23.139539575725337,0,4
7856,238.3602607698374,18.93828604721319,52.56549922308543,0,4
7857,208.42725501431187,37.0169329544143,73.2090565030853,0,4
7858,172.24666362971018,43.28946274562935,33.717675675090646,1,4
7859,36.18264700557488,24.956499629806984,29.553381806211085,0,2
7860,49.66705262951788,25.990093272358948,51.21697928497706,1,2
7861,246.08386820126984,17.506490315725642,42.92473742893616,0,4
7862,240.99387366216615,34.244783387241355,71.92765313880791,1,4
7863,184.3376777920089,31.573521769046103,97.56548292170238,1,4
7864,131.65203981484603,16.210372761971033,20.357514874332008,0,4
7865,7.809794947081694,37.56636080913936,92.19039299684472,0,1
7866,98.15308275856316,39.87853487235075,54.6578429112394,1,3
7867,126.19189726959536,42.21358812422263,73.12061834141238,1,4
7868,145.74488585202616,31.372022585119264,88.08216262758458,0,4
7869,278.7973795683628,28.57740104705272,65.87669288976994,0,4
7870,32.61281994004285,41.284114635962325,27.784946175307034,0,1
7871,155.66007593393113,26.96090457204417,31.247614056656047,0,4
7872,110.37668908748392,34.663293757036854,83.14240338556169,1,3
7873,297.0294357648155,33.46086769202779,38.32785851553864,0,4
7874,258.5592048848716,26.164832994555358,65.5230092905947,0,4
7875,131.63575627167629,17.606698126981442,54.246440998302354,0,4
7876,299.90868280642815,15.64246616012057,44.29111862473025,0,4
7877,154.21897394144892,27.847132216061617,82.957405129791,1,4
7878,50.13533897742021,29.436047244700703,78.49733217798551,0,2
7879,166.76240754801438,39.68034804569676,71.68871075773276,0,4
7880,67.86172974109398,27.43234949734413,49.81370947385802,0,3
7881,190.8938520228756,23.43479624200408,38.11762592170277,0,4
7882,281.2320524651777,28.862894042254595,61.27159607985118,0,4
7883,235.8595730505085,22.13971441272064,85.36832802630161,0,4
7884,81.94910712571655,17.740818333448697,66.05319763073553,1,3
7885,89.05758748980213,18.391291010583217,97.61117145559965,0,3
7886,20.786460927093607,24.574633796907825,21.234999044991785,1,1
7887,85.76035069388321,15.38029252675472,99.86774251108984,1,3
7888,27.787439903345167,21.606098600437143,75.31272370869513,1,1
7889,149.83461579769286,38.62569422797061,86.61392137527987,0,4
7890,212.50412384947728,22.038515772909328,46.79618942139642,1,4
7891,225.35434844974756,18.32188533118548,60.66730624692444,1,4
7892,17.858769674453722,43.472416799836175,83.75913983074652,1,1
7893,101.98676947146062,33.67410349054858,80.85195778935892,1,3
7894,86.4515299642301,16.800778483069976,46.72275431034208,1,3
7895,31.29009689620038,16.867318994847086,45.95281880190424,0,1
7896,108.74139327960172,33.363663770975094,73.02489623297049,0,3
7897,89.79603274177083,31.20386406194735,94.69273451775956,1,3
7898,190.34976880178303,17.051243171789544,55.1028792539304,1,4
7899,264.9907991201139,21.729464249200063,48.23534394473728,0,4
7900,136.45251626196475,42.87128743456765,91.57496289889454,0,4
7901,223.9995518300456,32.16032431443052,74.64448491652647,0,4
7902,43.80311013320228,28.20976194443491,51.0620783764866,1,2
7903,268.4899135931594,22.504662357610982,24.582098467823563,1,4
7904,45.77842146452768,19.01094126905613,77.71914176382279,0,2
7905,57.63035417981679,27.07895052332043,48.2309192552304,0,2
7906,31.939141076302946,42.67099677993902,25.64529582178878,0,1
7907,92.90385045616094,16.46134187032625,68.98312697971014,1,3
7908,165.72313401465783,44.729364478286,45.8405496395075,0,4
7909,296.39823342189806,21.234381606060232,47.07652066484236,1,4
7910,238.0104103972632,27.26302081197028,58.33361045983142,1,4
7911,114.1307408675946,16.351539244971526,77.3979813862764,1,3
7912,172.75381737107114,32.54346609324094,42.106438210903534,0,4
7913,186.99240928176232,29.50665796202975,26.47567326231208,0,4
7914,246.8181663742041,35.001211042043394,53.954057715160495,1,4
7915,220.93553562594016,31.28034381874418,24.394033849311548,1,4
7916,170.78733809134212,26.94533353941207,75.78148079137732,1,4
7917,200.754908111897,37.132700934350126,96.73947743380592,1,4
7918,223.7752832888699,15.750633833608733,72.70070461185054,1,4
7919,39.943217740021296,31.230870626237856,42.03123598006829,0,2
7920,60.13663839161399,18.41628611487028,34.53619100300828,1,2
7921,206.57528667225503,28.080249992575,38.62268570400719,0,4
7922,255.1276685962896,38.733759505740494,37.72880025344972,0,4
7923,122.77868480993035,19.273822387812004,45.10644048356126,0,3
7924,293.9670967413618,43.07431046317456,27.787734250251592,0,4
7925,64.82151980201186,41.65514077174214,91.65752461171482,0,3
7926,125.00978461303166,27.447152126000955,90.80963962636062,1,4
7927,113.55691303897596,15.179245221778096,69.2189002854556,1,3
7928,279.0887822179287,38.69234480023458,24.95362934984201,0,4
7929,85.61355527176185,41.42687410236849,84.32005925774129,1,3
7930,141.23723341266466,20.242142770662976,24.943086699059627,1,4
7931,56.17015188459884,42.48576626449671,28.51369790105054,1,2
7932,156.37987156873314,42.422918318840885,46.02371141154161,1,4
7933,257.22125083907736,29.138725531025717,54.517625413244815,1,4
7934,91.21183856716924,38.94104432393526,48.31111653722553,0,3
7935,243.2376216488485,28.34843934815965,33.21838247826911,0,4
7936,273.3934746526878,31.92138797755853,28.97037741454193,1,4
7937,21.88736691436909,24.5951702942929,88.75321813635333,1,1
7938,226.9273608957753,19.78408035962473,49.054498076154246,1,4
7939,76.60303084514725,37.39609751442096,37.48795024892068,0,3
7940,52.59829876098874,15.04178533557407,58.95930852987004,0,2
7941,180.3367176075108,32.38658068946344,22.94587204303614,0,4
7942,211.68078486860992,40.94058079135391,68.02249458658002,0,4
7943,118.42829572056414,21.63831860329352,39.879166947967846,0,3
7944,11.752112124657176,24.98698370394007,67.85571313050596,1,1
7945,272.611357259038,32.62457558593388,69.13001315566952,1,4
7946,219.2240750542485,22.406107395934203,84.73793530869169,1,4
7947,81.5000420049044,40.42460571992349,38.39238044875791,0,3
7948,149.05915672342198,25.99809501337665,57.07717108954242,1,4
7949,8.337836990123403,32.448411594596585,96.950987055343,1,1
7950,101.78483454178256,21.783634427976263,78.1699875267696,0,3
7951,156.7605706755355,16.24159010972957,98.02750464140468,1,4
7952,155.16708453487504,20.211007980409818,94.18925704616832,1,4
7953,62.45546340256234,16.385968128264096,68.85988774451457,0,2
7954,233.0242098551672,29.058116988396577,41.11442847057148,1,4
7955,89.65864755799304,32.59912172754149,80.55393253299333,1,3
7956,174.12300695339178,16.340256230563583,75.84953966498342,0,4
7957,81.45666766139243,17.714466646137986,67.11120962859182,1,3
7958,127.55036189603103,29.565750804310525,75.82633827930408,1,4
7959,62.25438757506907,38.97539796602928,69.08691316362008,1,2
7960,189.9023377596115,33.84027536747158,61.55032184582772,0,4
7961,127.6753080424052,18.14130660311608,53.276438534667456,1,4
7962,4.835191346329282,41.62626821524484,23.57666996619524,1,0
7963,8.449498205029826,42.523507043692405,89.25503352825449,0,1
7964,141.34029554142666,24.748704835483828,89.24324660797966,1,4
7965,54.96776007160631,33.48053375644086,67.52378559751378,1,2
7966,175.5126144434227,29.769814505541355,41.43074441265233,1,4
7967,122.4575345316064,43.260713058894666,22.250483523111395,1,3
7968,196.3259506619168,30.262455988462072,20.114304333357936,1,4
7969,285.7185522191855,43.798974411361925,25.83259117780311,1,4
7970,158.6208404385761,20.980276515906183,48.7909061080932,1,4
7971,236.2135810770299,25.3661027308704,35.07167567976622,0,4
7972,225.91229889478117,38.44035720288412,41.20464685100188,0,4
7973,276.5373312971596,38.50832206780103,75.97283018439455,0,4
7974,64.20536017140186,36.96549821870116,96.7319819487326,1,2
7975,248.19809123548225,40.78834393995912,36.5420674416026,1,4
7976,271.65611355140607,36.07638518831436,57.25151473091916,0,4
7977,117.8288942842733,34.082554334167014,99.31835211995282,0,3
7978,94.14485837969043,28.76775039232536,94.5339518587343,0,3
7979,285.61077290348635,29.012632299879805,48.185304242338496,0,4
7980,188.2898466416604,27.18484479612725,45.57512374384665,1,4
7981,114.20294557244053,33.60635399111461,39.37365122697984,0,3
7982,237.54831627948903,27.199917876989808,32.43222798632711,0,4
7983,91.34217048471452,19.42482942259791,56.804166330302266,0,3
7984,52.92227582095862,18.195888486259403,47.2896410725398,1,2
7985,163.19089073931167,42.734168257313335,79.5870075096316,0,4
7986,169.86361347318103,15.742167226136493,38.94932030644089,0,4
7987,247.7239446802014,18.164017854169572,78.90657912160393,0,4
7988,137.108206506129,28.3591462393676,43.05172687855795,0,4
7989,244.37596185160243,22.887788007131395,67.41830277180473,0,4
7990,93.39680380450154,27.175467012064377,71.07440771157849,1,3
7991,172.61046065333758,18.5234214478165,73.74251404002663,1,4
7992,62.54183367021474,18.92720810542122,34.027118882980936,0,2
7993,115.63378527497892,39.01973726175346,42.61690957773554,0,3
7994,257.26190934985533,37.77326232300912,39.689254832418655,0,4
7995,64.79645803072651,18.12758597173843,66.09283288123842,0,3
7996,243.07183886978032,35.0337124469706,26.05971218170935,1,4
7997,84.86149735422185,33.2793397006645,61.460515996868,0,3
7998,10.346915903836107,36.40088168040689,26.997364451443342,0,1
7999,32.98037101705388,29.233467136874225,46.9644791946491,1,1
8000,223.76386359623643,23.099604826003223,74.93648743608924,0,4
8001,78.62127795064447,34.91037508069584,53.0051244009415,1,3
8002,196.2436776723817,26.14072279568466,42.42734715057822,0,4
8003,209.7596708271699,21.568587030364814,69.26857407192276,1,4
8004,103.53553933040546,27.258870411578496,79.22152899856893,1,3
8005,142.47569616334206,37.89809506802862,40.3667947818077,1,4
8006,121.13012713674318,29.273795896086057,43.95199208767018,1,3
8007,284.2046989063602,23.995927903002663,71.22351335608688,1,4
8008,95.9846587054762,39.95605844471485,97.21786081444682,0,3
8009,54.99691266748823,41.449312655428045,37.10972293358205,0,2
8010,109.67785286267348,27.99751271318024,72.33981085689678,1,3
8011,200.85471228060365,26.24064062180684,92.52718728547106,0,4
8012,209.2088071084396,33.380968410568954,56.95734120354891,0,4
8013,277.21719460800205,16.739233381737392,45.347538119625966,0,4
8014,264.5263454627428,35.73969481702791,73.34968521652331,0,4
8015,86.49615612518265,38.468628161317405,22.5145445184629,0,3
8016,136.54897469027892,26.92325781771515,48.81284404266992,1,4
8017,224.18069645503024,20.23847550022189,40.63792214536909,1,4
8018,274.9611841806075,15.864551254225905,37.96973622227424,1,4
8019,101.14950385706754,34.117367984613,34.38074108215706,1,3
8020,133.33243025309878,23.06980219904729,78.96506412687631,1,4
8021,269.84348113608263,28.91668761363853,96.40798362607714,1,4
8022,107.5451619475268,26.590665649725928,50.78165162575543,1,3
8023,144.15389585752072,20.24654387842388,23.92826455264328,0,4
8024,271.3512423654237,30.25106005382112,77.51294509380622,1,4
8025,240.67296539695445,28.78780568222214,63.05634675708716,1,4
8026,73.02927750294084,33.72442868609497,77.89156910766465,1,3
8027,97.43851962358,22.5565498358936,71.8323331359125,1,3
8028,105.88761823780172,21.43917239560217,92.43487847707812,1,3
8029,273.8215420293179,39.43035179269416,31.235215418153395,0,4
8030,299.6801211313617,36.06576734892124,33.532947620779325,1,4
8031,232.201290646632,38.1661935507469,47.325537921850966,0,4
8032,145.29789074805197,18.698694352650843,59.31110527979622,0,4
8033,3.0521454202436904,21.72118929981053,94.05710248061769,1,0
8034,209.2464169793872,32.2659454861092,92.55713834799684,0,4
8035,116.8083493493354,40.71604040618724,89.74976954155017,1,3
8036,189.89594106858164,41.7634392950541,37.80215471548736,1,4
8037,182.00818903872863,39.95729886764782,78.37411017709485,1,4
8038,144.2496169723162,16.30193838253282,50.67933952723675,1,4
8039,283.31621931789687,39.62637553967178,94.49463420328642,0,4
8040,6.943903606602497,41.97273532563245,37.16286691028457,1,0
8041,213.6397453417765,16.702472704579563,31.30063625631675,0,4
8042,122.9519604898638,27.488426813309644,87.39081397068102,0,3
8043,214.13713514748335,31.09830969890105,77.35260760952066,0,4
8044,202.5658942618896,21.98251118650499,85.7137342579064,1,4
8045,3.071400772798616,30.50056968111332,32.635471014250214,1,0
8046,85.60154855240137,41.57867363883194,90.78341501995703,1,3
8047,56.72745615113413,41.008275190372935,74.20962853177092,1,2
8048,50.095905882747694,43.19511843772443,72.12486423188614,1,2
8049,218.54300523633984,29.523293951836266,66.60670904784439,1,4
8050,71.86540472793737,27.317008358817603,81.19011884729412,1,3
8051,142.42128449619025,34.9736345709706,53.248665110449885,1,4
8052,74.09669858570386,27.502817328031025,30.62569967465338,0,3
8053,174.07014703059895,16.25833788002573,63.14118931953573,1,4
8054,216.1721304179904,36.59764356511365,79.84815662188498,1,4
8055,99.32242160945296,23.42951823848471,32.29179623101281,1,3
8056,180.9062544861366,16.472559368015716,37.92165340889617,0,4
8057,247.4564323241217,15.618632295807124,75.72364976529428,0,4
8058,28.2672855493475,42.940838057319546,41.57207472778257,0,1
8059,213.20117971238136,22.562280259325068,33.59526884692808,0,4
8060,96.94348333061409,28.436975775691906,91.15136618442388,1,3
8061,36.79498695748328,43.517293586965664,32.87162848433245,1,2
8062,163.69626228430465,29.025509363421754,47.53188632378741,1,4
8063,67.87869578031953,17.35827970578934,54.274423391883545,1,3
8064,246.4085378007473,31.558081417399777,58.09119884723171,1,4
8065,12.868772859322842,17.645959603621954,48.904794065638896,1,1
8066,29.59586888126924,17.85263635120609,93.00307995193046,1,1
8067,156.29883779574507,40.54431221407379,72.69001769410038,1,4
8068,176.68253522308703,23.682646300937684,48.759571937816204,0,4
8069,218.96599935682408,35.36010600337309,48.6175775630096,0,4
8070,77.77821847565815,30.26773005985985,60.236199934779805,1,3
8071,252.52812246398756,21.669800736132423,22.693056333570667,0,4
8072,285.9427019321349,30.53460895959623,94.13142710663676,1,4
8073,149.71179107845907,17.069806076992585,37.86475021712338,1,4
8074,228.1594094909404,25.41637048769128,75.80740525511092,0,4
8075,157.45450636313782,30.68508675061475,82.21781976045841,0,4
8076,20.840108823663183,21.85183014256956,86.19064121498475,1,1
8077,97.83345385278632,34.80564390544082,33.25138478940077,0,3
8078,26.2460068881045,16.5543576508892,62.93544558045909,0,1
8079,296.66373577650404,29.544296936118805,26.69394897118961,0,4
8080,68.70777362201316,36.4498734386815,84.38338762508442,1,3
8081,190.7701258247156,27.898381768703185,58.91612271667124,0,4
8082,85.3035305834812,41.23759245956814,32.679124713878224,0,3
8083,195.97386460677777,33.96578343721997,77.49431564864508,0,4
8084,63.12050726114473,43.754787481762136,46.49358790015823,0,2
8085,235.58101977302235,23.52365438324936,29.160528300808608,1,4
8086,33.24348085099065,43.16367992564241,56.88590599949181,0,1
8087,268.54512002708407,33.2046776965709,38.81972789677718,1,4
8088,252.12650776223836,37.35536697640196,96.0177468589954,0,4
8089,203.64220309151568,42.064833511303405,48.90893262454219,0,4
8090,20.224388142854355,31.535915639754627,65.79623241172001,1,1
8091,62.5707084986785,40.86542375848996,95.86887987656496,1,2
8092,257.8084787073228,31.25090818764166,51.497694925436846,1,4
8093,36.59233029077854,32.97596782851713,48.65014990207644,0,2
8094,46.77962889240602,28.352957186921564,32.99245123146208,1,2
8095,163.20099712665623,19.369156555203087,95.06428516526124,0,4
8096,82.25323190230311,31.605097000466,84.05958226769908,0,3
8097,66.62270998317885,44.32344690798544,37.68087912175137,0,3
8098,172.74402955445416,38.61557987196853,46.61395421986655,1,4
8099,111.77300293740872,37.42495454260309,93.1929422465561,1,3
8100,42.16796903090062,34.299264081888886,62.982367664626,1,2
8101,160.45613026363932,25.43726020461733,64.5067429284704,1,4
8102,116.10372098358684,20.088455834351358,71.85155855611035,1,3
8103,220.3550322821308,21.736548049280696,80.97310543262384,1,4
8104,30.82663269617676,15.189662686279505,95.1428436531464,0,1
8105,186.18397318379212,35.20441262695064,84.178005877602,0,4
8106,130.94799808297432,39.35632675669301,94.76393587712172,0,4
8107,121.81856251572124,23.067340535941792,85.64878065217887,1,3
8108,69.68630640250237,17.755511989328156,23.714724849173308,0,3
8109,9.127808460813336,25.071812034657533,29.40276964295536,1,1
8110,254.30675830939364,23.76153688250934,90.79143405170672,0,4
8111,97.92302581032776,28.526290823331955,22.215715923620564,0,3
8112,204.3273119189541,22.92306162963033,83.53397190559446,1,4
8113,284.2762199330122,25.19198116035087,87.98749855228098,0,4
8114,169.49708942463948,42.22664338047728,53.2371649665962,0,4
8115,119.14407075595987,25.045060586688187,48.38838022585758,1,3
8116,80.48206990461111,38.56554140189691,35.55233752944397,1,3
8117,280.21313779424804,33.77501100673378,23.91350973298904,0,4
8118,204.6230454153429,25.126138368941216,79.63063650487949,0,4
8119,199.58441797696787,39.53364809341051,25.89816675579093,1,4
8120,127.84749754358307,32.85228208788794,95.57357024071366,0,4
8121,253.5146138602292,15.25856182796701,43.73947702200496,0,4
8122,214.1016561028461,17.061846047171993,83.53954540753854,1,4
8123,84.95498153430484,37.57918678356957,24.774612082944856,1,3
8124,179.8735980075144,28.39583368755583,62.90229477214976,0,4
8125,129.05818638037968,27.165233752306214,47.92796296724392,0,4
8126,1.9770488489139093,19.37481552587424,22.400088414250945,1,0
8127,242.2870294505392,19.719557818838105,72.46394835273372,0,4
8128,36.84910467591024,38.93257350287702,95.4530176726796,1,2
8129,152.98635180078423,39.87051401884366,20.860221376245256,0,4
8130,100.86785792544468,31.80007621916188,41.63495409441923,1,3
8131,102.62671236020326,23.853834294170625,76.28845941580519,1,3
8132,143.2094650241424,42.981024500034906,89.70029792333038,1,4
8133,299.1069312059235,33.7188717298568,35.26233388000625,0,4
8134,122.51390418944274,38.89926358355365,25.657342763101507,0,3
8135,54.69876894497172,15.098487608646462,20.69131202696567,1,2
8136,184.0819014148107,28.50958802626081,37.21651373249473,1,4
8137,70.88631241185638,41.12847258959867,25.7053833643398,0,3
8138,31.664741013885124,25.14699849698164,48.75056712820784,0,1
8139,15.052251619778731,36.79653530616843,55.21006199630775,1,1
8140,6.864382205905162,34.73024475385937,58.393904470576494,1,0
8141,129.34939449331912,19.566550990628983,31.38634481956861,0,4
8142,128.0177339620181,38.24711481763215,57.11904390612716,1,4
8143,55.66362002338588,18.37580370938397,20.724131340469043,0,2
8144,235.2057161313628,36.83742289715822,39.15368704976365,1,4
8145,38.78118837596362,44.72905010337283,49.52688394474559,0,2
8146,274.5951577917907,43.73944295435288,29.46812607548533,0,4
8147,176.27279329298173,39.00725229171015,85.1203677853854,0,4
8148,8.284912831478886,31.035522726891067,36.09699138465233,0,1
8149,288.89178772281497,35.2447372746222,80.39117693170142,1,4
8150,92.38237786375608,36.84325171032278,57.9114431564662,1,3
8151,134.99248787335603,15.25204572834716,58.37944745161315,1,4
8152,85.28060789836564,18.07098662858869,71.61554688845014,1,3
8153,218.52638941013325,32.91177396236587,23.542216930639903,1,4
8154,145.7040662158616,15.196036204287273,26.30074720001143,0,4
8155,39.71188782075078,42.26716952320491,46.14747918180113,1,2
8156,31.261185707836137,29.68988139675233,53.345800040137775,0,1
8157,217.6126239973724,22.73301226815365,54.395263775585576,1,4
8158,71.12442147938145,26.81463508792798,74.15097046603745,1,3
8159,41.33801239154175,40.52329231920008,20.05640094689218,0,2
8160,149.82827909935284,42.81578621292347,96.7284073663751,1,4
8161,240.8295862608912,18.4870494143196,33.95899287815559,1,4
8162,83.63482376193913,38.3388190186673,39.89053410441894,1,3
8163,82.92948351024233,32.34681354649591,92.45017476201308,1,3
8164,250.16437807811303,32.5650827299346,20.43931206956418,1,4
8165,44.3501383706348,38.38356365687479,99.30448652471632,0,2
8166,185.01827753596416,21.685340603578723,22.876586850168263,0,4
8167,286.50404489477563,30.931349039248747,29.64364155948477,0,4
8168,252.39094487319227,24.58057846352428,39.208537003911054,0,4
8169,18.54457013391876,17.835370349295445,55.09773120903259,0,1
8170,95.97326296848765,18.15238336669812,61.47612269724738,1,3
8171,42.7123396777849,19.09414411875452,28.377477693493177,1,2
8172,284.7721913061419,33.44699546714514,25.893911889682315,0,4
8173,295.78246986662435,18.1749059513193,22.548722912461443,1,4
8174,70.49790616201138,32.10311527770521,40.540056053936254,1,3
8175,200.90971344862572,32.6489117393178,93.7226378876194,1,4
8176,252.4895196141355,42.11689530365673,51.18740151103225,0,4
8177,70.10408532434296,33.79129788976543,81.12059136756395,1,3
8178,56.30419029629324,44.56763522644504,35.21505556311606,1,2
8179,3.363306974184088,15.929777398225044,25.17433805812834,0,0
8180,123.58873708245775,36.12438409935357,64.34238307869302,1,3
8181,269.8312387184149,15.7944023415913,85.76739202964015,1,4
8182,270.89389471690464,36.88132733624111,91.8767933330836,1,4
8183,38.32293825270489,26.575506276121065,63.69636828280807,0,2
8184,61.30574415851848,33.33923296177768,43.52258272248248,0,2
8185,122.41419928036008,24.28614216265013,28.760939618980863,0,3
8186,234.1873635491106,19.77315117457947,73.42582833909037,1,4
8187,183.55544505951855,36.70537554267847,42.434945369446815,1,4
8188,154.15492305606492,42.138611408102605,87.51699395585581,1,4
8189,177.57956526678095,20.50747331100105,68.40968947626304,1,4
8190,28.859908140688997,42.621090036108015,88.71028506837807,0,1
8191,143.2990926764721,19.205463276136317,65.33224080041211,1,4
8192,297.6189868617385,37.06985647648594,81.73938901635546,1,4
8193,26.533844081726343,43.783354745370175,43.54441207288789,0,1
8194,155.7740032904659,19.42112645268713,60.24470323060652,1,4
8195,88.69477849721238,28.052701402660603,21.552509832232797,1,3
8196,161.9739890585877,25.123724470751984,68.62653946588445,1,4
8197,172.145628010124,26.654332505522945,62.69914780483625,0,4
8198,173.24186943584277,37.594192173953296,80.42258579441625,1,4
8199,255.662635593266,34.835667976666784,78.31647723888526,0,4
8200,116.92422440209828,44.06060893388458,70.20936014679263,1,3
8201,154.90624879994877,20.564385100692668,24.534833089669384,0,4
8202,3.278519690324566,31.297826079776403,92.24077658088618,1,0
8203,236.86518047393,28.473784362570804,21.44153527258375,0,4
8204,77.84631221275588,42.565683267772485,84.2614128338049,1,3
8205,244.9665072121549,15.3185769743088,58.34770810139759,0,4
8206,79.69159991409515,44.67511202301283,85.43948503117038,0,3
8207,3.2365488787476693,29.392029431175864,57.20558989701536,0,0
8208,46.449395458034026,33.76618941700792,71.75502440574512,1,2
8209,295.7048707716504,25.801576674171464,49.061240462559695,0,4
8210,95.94037378439656,40.575800090864966,79.49429889090631,0,3
8211,32.64717060382415,31.85963835355148,40.33409400915982,1,1
8212,35.62764108772516,34.884328087492946,77.54847295001218,0,2
8213,93.10281421716714,34.46714124182029,35.4706120861772,0,3
8214,11.293512335028913,25.919464196931976,77.77341469381804,0,1
8215,153.44657643658613,17.279729874198473,43.493704419373394,1,4
8216,64.12227464679606,39.2311867828215,42.29054176389889,0,2
8217,155.79319241906165,23.691477575529525,84.91951499828853,1,4
8218,42.22926560976605,40.46790685433113,85.09541093520531,1,2
8219,128.9571687052477,33.25929026372479,75.31218956202852,0,4
8220,179.37505752037336,25.61111874292434,93.91269046059492,0,4
8221,18.599981501432406,32.827414469208684,32.49549546760538,1,1
8222,119.62479277531756,34.364780770843126,41.54570561704833,0,3
8223,90.75714629690631,36.20050223276017,43.521126929608144,0,3
8224,72.10794494659021,39.67014403521214,44.42290699208097,1,3
8225,181.3603878253489,19.79264826653954,46.24255871074429,0,4
8226,176.5625957296222,43.3243315430585,75.76073416954694,1,4
8227,189.20994200330807,27.325218432825324,41.66065146602712,1,4
8228,47.664801129756405,40.81350895129132,42.87377238803852,0,2
8229,85.71277345869832,21.61438786103356,65.63316668127612,0,3
8230,62.90363339852362,15.870869166141444,35.46870840514258,1,2
8231,162.15108149935256,32.200321308685524,49.1910005237698,1,4
8232,138.3197067628849,24.73998837217317,24.635231089288467,1,4
8233,99.088121277825,44.53386014843848,96.20376864504055,1,3
8234,235.80444266052996,18.133603641461487,45.3846141678589,0,4
8235,28.19212332251484,16.419085980105653,88.00337068648687,0,1
8236,292.46900662669265,16.350534556594,62.39564752559986,0,4
8237,34.96322334459562,21.506210856713835,38.25697258301617,0,1
8238,231.9212437705108,32.37573349096015,35.4742059202319,0,4
8239,110.46905674824956,30.16690120934075,75.59685959064113,1,3
8240,259.5786687395417,25.502274145006844,97.18950461069136,1,4
8241,22.250984635248617,17.663793222507277,34.64557764233382,0,1
8242,112.41651305770134,22.012112843829563,29.233697335739627,0,3
8243,100.63302195007088,20.524411943541505,50.967947632794434,1,3
8244,297.9471114676606,37.370005114681454,51.50484375562207,1,4
8245,295.66469846688767,38.39839149003942,84.50023789535621,0,4
8246,56.9411875999164,38.31042039185459,57.51114355863645,0,2
8247,188.9840882095017,44.071216332424456,24.99689506818469,0,4
8248,160.65582597328205,41.52713839002096,93.65341533661598,0,4
8249,46.31204737222162,29.934142415355147,49.85503148404631,1,2
8250,50.33391183132692,27.448080627274955,73.48253843953623,1,2
8251,296.7755185438664,42.473055531283855,73.3990617244132,1,4
8252,135.8189980862798,33.3367575614444,24.507366285809734,0,4
8253,37.74038760002205,23.831960010767855,20.28837273258322,0,2
8254,64.43701162177629,31.93392083145502,27.042962267534165,1,2
8255,80.5044201745649,44.76448268088379,96.52249063721018,0,3
8256,153.2751789955858,40.48410180457087,83.519435923489,0,4
8257,100.6644388518928,23.438391481786248,30.56098213803281,1,3
8258,136.50353576697628,43.58863277751651,69.18958919190557,0,4
8259,49.94986533040881,44.44386334437348,68.95790004074335,0,2
8260,98.01860717625186,21.935008782462457,20.04472751223397,0,3
8261,21.09497781532621,41.86776355504024,54.3251414792958,0,1
8262,266.91308204275464,41.49608153096496,76.94203764814225,1,4
8263,59.62574315057347,16.192607197021218,34.94342776938974,0,2
8264,227.07004062862163,35.090675791850614,88.07230655957623,1,4
8265,104.8655364610038,24.15842139093508,72.82439152794652,0,3
8266,142.319195681938,35.23837879475627,20.553943765164195,1,4
8267,87.37831183836805,42.40676082570731,88.39313440890868,1,3
8268,208.93238133221092,29.96337743968555,21.5520023617282,1,4
8269,253.36392578241225,27.432384923659583,91.03430433278844,0,4
8270,85.88105542187643,42.64593813562252,46.69750860558938,0,3
8271,72.66529309907773,44.22344753215598,75.89202041775827,0,3
8272,204.43207963916907,16.86708983381408,82.99447749693923,0,4
8273,58.545918170316256,42.685442074446215,42.50150559658191,1,2
8274,191.95192968293168,17.483056005656664,48.5149466725581,1,4
8275,28.32842390809066,25.11858640150769,60.76333946578661,1,1
8276,186.04114798820612,37.87722367290981,66.61532254383268,1,4
8277,154.02202020312993,38.311109458190856,43.36335248617378,0,4
8278,34.171714672892506,36.77465672037499,99.39162950762126,0,1
8279,194.73109045937997,16.17337464183205,78.96037385778175,0,4
8280,133.96714711022275,18.9889814407228,41.93216078560231,0,4
8281,65.13451524512571,43.08649494659245,71.23457530141445,1,3
8282,106.0152467106532,17.443841651876724,54.82969609140919,1,3
8283,147.6306316916789,17.3563775091935,88.82631132360517,0,4
8284,27.4662681793146,40.069378132736105,46.3160056621456,0,1
8285,287.2828449385063,34.23797259668659,35.0283190522595,1,4
8286,199.66864686363635,25.549681675355387,23.690900702802956,0,4
8287,30.7604943863088,19.97131461214879,98.74473854942246,1,1
8288,246.85865529853783,41.525112596784446,48.73773388910398,1,4
8289,96.76647928384362,44.65613272885537,37.64147747218025,1,3
8290,179.03986101395515,16.499151853284875,59.34147787419949,0,4
8291,83.14285247387197,31.62340146270605,43.33114576359058,0,3
8292,220.02178347438212,22.83910754717445,38.6320027458747,1,4
8293,216.9026925000307,39.97160500649112,69.31076001593811,1,4
8294,165.61303706172538,25.38219275324417,25.9878725930895,1,4
8295,72.27767774147343,36.4388786755902,60.71943597065147,0,3
8296,76.11114225364365,31.18570264578831,50.994504107574926,1,3
8297,114.85883900848287,31.245701447849108,62.6023438998119,0,3
8298,43.50365021888559,40.73998293541264,45.63524985111164,0,2
8299,101.29671395727708,29.112132777736925,65.62567367398489,0,3
8300,205.30638037449376,40.36798602433442,26.545483549966747,1,4
8301,249.2535840178264,25.902804841127264,50.09271648874894,0,4
8302,99.77468714800844,20.243488273929152,38.999888659690846,0,3
8303,70.07707747630919,28.664321329698453,55.04717706041177,1,3
8304,249.7927735005403,29.950673441310663,51.86688855518333,1,4
8305,267.2112082157764,29.351495929133744,70.49469293733532,1,4
8306,123.0064569936193,39.24991235637847,70.3006182527632,0,3
8307,8.071246154890154,31.940368243802915,53.06917979429339,0,1
8308,208.4884862682456,41.65332215276409,34.52985255972365,1,4
8309,235.20997085493883,30.425564847478263,66.55309188856195,0,4
8310,5.407275949332069,21.74145248646013,97.32122959910444,0,0
8311,178.50925600245395,18.88487520788258,34.83541795105889,0,4
8312,176.5106274732525,41.05088462833863,25.52473431716922,1,4
8313,113.61237262437422,16.68518396706635,41.16489483936213,1,3
8314,224.93019775525133,18.528288357592867,53.03362677874081,1,4
8315,128.4537114343082,16.90975556752923,44.49507374560941,0,4
8316,203.0327855374092,27.712025915454607,86.77677675861393,0,4
8317,155.13519139054557,30.978468491807803,59.44221379896625,1,4
8318,74.53938141085318,15.596241930678024,39.690230532743854,1,3
8319,181.95025890303955,30.46758500674813,96.01592455168,0,4
8320,221.0725484537525,26.812784138718783,30.00502557769999,0,4
8321,292.17170203110106,38.20935547367694,29.83291535024349,0,4
8322,114.03268404072404,39.8986986523867,39.62278873676594,0,3
8323,19.34176339990533,35.549023091586164,26.141769732260038,0,1
8324,296.3913663664056,29.20486605949872,80.13221477038505,0,4
8325,187.14199782766087,21.484457851259645,45.02486673413106,0,4
8326,283.9351374482308,40.4134460190768,78.38703935250699,0,4
8327,31.1481258033358,25.250074201332502,81.0189974157638,1,1
8328,102.61015196113728,25.68875661584848,39.001484059890295,1,3
8329,40.18100966181729,42.48034641561134,61.46909109899873,0,2
8330,250.65304637461784,44.26791766793739,61.5673740976916,0,4
8331,264.1028224287948,41.94392869153512,89.70915298696548,1,4
8332,150.39350996250613,44.94704170683244,22.05046800025088,0,4
8333,55.98186529860914,41.06726531704432,45.34402749190494,1,2
8334,38.13569071191256,36.13072552860245,90.5991504277617,0,2
8335,176.449233024062,23.814581987144187,38.9442578173318,1,4
8336,151.91289737559018,43.58871146699629,30.950399179716342,0,4
8337,208.43673071030025,41.29880494841261,66.09112759604561,0,4
8338,91.56217878599736,22.2224037724696,44.47014095448064,0,3
8339,120.71039850730868,29.67487419725481,57.38355946158386,0,3
8340,6.4083221553472125,17.101669818766503,85.60102125157893,1,0
8341,183.0429135226587,43.59926589801651,61.65575800664502,0,4
8342,126.94305640394334,32.18304983164368,61.27118261282976,0,4
8343,275.9293901440344,22.356016377844963,42.25461405563129,0,4
8344,192.53588931144148,23.77197940871627,83.42924515819571,1,4
8345,119.60834743490814,44.41969117889579,79.18516992383475,0,3
8346,79.07675426200511,33.46842875412593,38.72964117268638,0,3
8347,271.58548278229165,27.620493723192112,45.60036157697106,1,4
8348,4.87952223523298,29.995363853566143,83.09025543932329,0,0
8349,98.07374017571766,17.956502171320302,48.6174241460072,0,3
8350,283.0516751364105,17.25068280218628,52.28476927144791,0,4
8351,196.20990209447223,32.78123229901155,49.1529817004522,1,4
8352,159.81572138498973,30.360121093209493,32.93060212142749,1,4
8353,61.06041537612823,25.774595739103237,47.27172280663264,0,2
8354,250.01243227631613,31.98341857534093,84.23482424830466,1,4
8355,61.25971877783283,17.180278483115167,59.28602835016714,1,2
8356,74.47605945637498,43.31973514294639,56.65739866207757,1,3
8357,57.55534286155657,23.811350633526654,32.50809410206638,1,2
8358,47.444838170856585,17.153363720159966,34.20558708244228,1,2
8359,285.99374879364086,20.08512817722312,23.43601314800953,0,4
8360,180.6094788423925,17.864217434475506,21.1164425218579,0,4
8361,191.35113960302817,20.35813513079044,59.041123045830574,1,4
8362,286.29763970363507,27.50262164479836,52.7385884170372,1,4
8363,69.1725165376688,37.14152681806563,42.03020574492583,0,3
8364,1.7752615793076187,23.170450423651197,99.2037232281132,1,0
8365,179.66509487108735,28.077798658249318,51.83969565236046,0,4
8366,152.35345596724758,42.86271863664709,83.10775193052928,0,4
8367,143.29511321948823,23.87465217977926,36.843647466524544,0,4
8368,18.56406337385974,38.84159259794129,39.76329668869997,0,1
8369,136.33045997243534,19.734506174470997,65.47130937477947,1,4
8370,86.26786952720967,20.349652387717427,20.32226157617548,0,3
8371,82.36940316729392,28.684586204287967,21.394036952712003,0,3
8372,66.71447405372784,22.02306751399159,31.37749769196225,1,3
8373,99.75850792637122,42.090842213827806,37.849683282477045,0,3
8374,105.93992254302373,16.522568733704333,62.22796126398174,1,3
8375,92.63273290859924,32.91817698431519,74.89835446529011,0,3
8376,293.6258147158527,33.1268818844856,44.95029311904205,1,4
8377,279.81932565284615,16.98077782558343,39.12567488030273,1,4
8378,172.3530298574587,36.97692644612674,85.82489427946568,1,4
8379,294.3164515230929,29.06692633536588,33.02215877445406,0,4
8380,297.35940309575705,36.69220120484425,74.2661244046304,0,4
8381,106.78191300519076,39.807749578052096,94.50644131326966,0,3
8382,133.55626372192336,24.686980559720816,38.57687281941924,0,4
8383,287.71853309539966,29.53457648806463,26.95722924129197,0,4
8384,182.587859789606,22.82282339304034,98.38071152128084,1,4
8385,63.87872485118176,21.04540390567005,41.66190368970013,0,2
8386,206.8142005009501,15.017842741279722,42.05305672480039,1,4
8387,61.723854613826255,43.90894536239512,58.70178330703976,0,2
8388,101.80732310155372,28.227854079889447,38.4846127236917,0,3
8389,68.26804892860547,15.392093191766222,99.42978843468552,1,3
8390,73.49406478015267,15.268157327041443,23.43727086956352,0,3
8391,1.3966744700346756,23.65057705653585,56.11784631458466,1,0
8392,264.2126496598356,15.418130361303552,63.86773880504002,0,4
8393,88.79714858273815,26.23543852975645,57.35606863577992,0,3
8394,25.91231385683834,16.888155043168435,61.641837829029605,0,1
8395,26.09622170432656,16.177547734509293,99.00633153736516,1,1
8396,166.80548293828565,35.0814418222365,90.15212670960992,0,4
8397,297.8761651601812,42.20523868328654,44.675494343688925,0,4
8398,43.50674018105749,27.28159749906838,64.11816393526176,0,2
8399,29.88653428489784,40.10311290827798,20.024881002304067,0,1
8400,131.4911641206272,15.877963834072414,52.76552010989749,1,4
8401,168.99937615223865,38.33070167910547,33.10993782895747,0,4
8402,88.31410766338213,16.883999769686728,76.90884726205277,0,3
8403,90.75662775415992,40.15318269592055,37.68716621068892,0,3
8404,127.34295055468483,41.47099034616192,79.91165164092867,0,4
8405,94.2436845451818,38.57921527146943,45.05278671840583,1,3
8406,274.599475070555,39.62247073233867,94.06628970491008,1,4
8407,12.586371387188688,31.84453698996957,55.6333281361077,0,1
8408,70.37104796108238,22.94654827747956,87.16141757390793,1,3
8409,242.5658388682264,34.296930079829,70.25328024312105,1,4
8410,250.18743739948704,28.18624947229084,98.19185719227762,1,4
8411,33.46652368926034,15.16009682757138,79.41782005696678,1,1
8412,292.12903500381503,29.30477119304505,78.21626578491086,1,4
8413,208.00645496973263,34.535637736516364,41.18927859594549,1,4
8414,81.77791679507868,15.416509790739624,60.388780077803226,0,3
8415,136.81135944433635,33.64081008324473,43.20909509485108,1,4
8416,89.14158587039014,34.57595718650569,21.543474961472292,0,3
8417,45.00667495632581,19.7432273471669,76.84682661209868,1,2
8418,87.35341942467456,27.93222555469529,38.86691997634149,0,3
8419,174.02758124688552,43.92997802667398,51.785922427423,1,4
8420,247.7909084506406,41.52567683399347,42.7711029739093,0,4
8421,109.05872246687316,27.324642685747584,35.97086851709204,0,3
8422,104.37046216435252,25.495388040724663,25.36954595070028,1,3
8423,140.4002103243968,18.72242042930568,47.031192701702906,0,4
8424,193.3666799893039,16.055672536204792,26.53959388169621,1,4
8425,225.4848787296928,23.92388332326236,63.22553123225784,0,4
8426,98.03985143984217,43.20850041246715,21.569928300917702,1,3
8427,175.9057403475417,43.75840354001002,95.20159037142878,0,4
8428,116.80825238426472,39.37558021728829,97.31800155621411,1,3
8429,214.91995510901577,25.524744405595783,44.37230786370952,0,4
8430,49.40247615510624,19.30879298646333,40.8155712645176,0,2
8431,77.07745951538882,32.86600426817038,28.35241597614409,0,3
8432,127.81812595282491,34.39515021618544,92.3935141264535,1,4
8433,266.8244369764103,27.73720707736812,66.94911402399234,0,4
8434,171.99773680520707,35.74940386675921,68.80999383984852,0,4
8435,289.61883569442347,37.40045656955206,91.66851700815984,1,4
8436,30.983305584325148,38.4918499072434,92.86294350852788,1,1
8437,138.05262409528046,30.06894334072522,86.26733357684087,0,4
8438,125.72355901361526,38.749223326792006,81.87532488797288,1,4
8439,180.06185292179052,15.764292788083704,90.17929778399868,1,4
8440,243.58938261227348,35.41213100216609,90.0776485347618,1,4
8441,252.43440767491805,22.0690187115144,49.49158850175196,0,4
8442,201.0583826116525,23.1156087506296,97.87129759831872,0,4
8443,192.4609092736661,17.73905119820197,76.73057705283114,1,4
8444,284.70886261344225,20.77176790779538,49.61675472101297,1,4
8445,115.1062204915274,44.76024699006008,55.36396138204071,1,3
8446,249.83499425654648,27.46170391690426,74.97048466251769,0,4
8447,276.45111812768823,42.83296196066057,48.887912770774335,1,4
8448,147.46177327955908,19.88698584578394,86.1246169616013,1,4
8449,218.7307735809901,21.121765262955584,31.845089695318105,0,4
8450,113.10595700127185,31.734400614452134,92.60754389687702,1,3
8451,47.66370425862122,25.485976226372472,44.09580094692872,0,2
8452,175.95116444172757,34.31745625724388,32.21702282745048,1,4
8453,58.94149525485957,27.661397271612916,88.64194251568186,0,2
8454,137.2797392411607,39.34791712396386,39.157059114863024,0,4
8455,261.8637939985,27.946772135132512,87.4716590439681,0,4
8456,25.805456269104155,32.17047547314792,43.70115227589409,0,1
8457,9.128560699394894,24.632196000711865,94.70914301233252,1,1
8458,181.94335421456628,36.12122962315962,37.526211184104895,0,4
8459,99.31839797846852,34.64202626897142,25.571999285760107,0,3
8460,125.38131207777458,26.91003098322173,94.92249306739112,1,4
8461,121.71317659749946,23.280963083717896,33.25005937949223,1,3
8462,25.98606870286907,33.42313124460897,95.53060333778204,0,1
8463,1.069929803878367,43.29454947633023,85.91818800946692,1,0
8464,269.5269728592793,18.979290720798048,26.5540311773308,0,4
8465,65.33956827112391,38.97349855036681,55.61081591543484,0,3
8466,127.8236975592865,31.28975318424272,25.871972650809248,0,4
8467,291.57773900132355,30.76679085521577,46.38292516894491,1,4
8468,248.02877459509568,43.850524427279375,48.120246259198936,0,4
8469,32.379256578810654,33.1762439270567,67.9706664262059,1,1
8470,152.5557094837757,39.91553483245554,98.071645427449,1,4
8471,219.0237079485048,30.434317466270898,33.58107520860472,1,4
8472,209.5178354997637,22.49560101765268,46.33207717990497,1,4
8473,228.25255572134105,35.834708143743285,66.96819953716243,0,4
8474,137.23639646641058,42.695307133320114,33.713668425567775,0,4
8475,52.77687879908463,40.236902868302266,76.85677298069753,0,2
8476,139.4617331758118,20.95090818720254,52.29277727090965,1,4
8477,194.3661747519876,24.506673571864507,95.96578365082536,1,4
8478,182.5776259815504,30.50642021921033,70.38967561725809,0,4
8479,21.15661613658223,32.14809885708196,49.0464568968076,1,1
8480,19.485730224657527,20.81442343375585,77.55784968550029,1,1
8481,289.57734934656355,21.900370200454937,87.10036623919609,1,4
8482,45.54163651193132,37.76493207106309,84.03838112236015,0,2
8483,88.33873920351658,36.90952250144827,41.0211515302947,1,3
8484,230.29034464684963,40.17626443886673,53.358668171908725,0,4
8485,122.90312274695248,42.987894218406936,56.17421288244039,1,3
8486,54.43945597800981,24.24783356708075,51.07067137379004,0,2
8487,140.16971469293443,40.78784869711738,44.8690866284654,1,4
8488,170.68499122900974,34.98035373828559,80.21982394250782,0,4
8489,135.8299827834227,43.73311271675398,20.977939474520888,1,4
8490,275.6838226416328,23.16222468070248,43.48353830870167,1,4
8491,85.4097885298513,23.090145049185768,31.329380557832287,1,3
8492,198.39964820990127,36.1288034607818,30.301545271995774,0,4
8493,33.68841642296931,42.85232322114829,42.15669335179829,1,1
8494,117.68563729920795,39.73667474359304,80.97224728920388,1,3
8495,222.29797547549208,36.81118673380068,97.55374952627469,0,4
8496,67.44508217683963,26.619275941721646,61.1694773232879,0,3
8497,176.9313136963238,36.53302004105922,47.11774540615343,0,4
8498,46.0311087627181,39.03286729292444,86.33363730488695,1,2
8499,30.81050740841133,37.59857039371813,25.368274021459957,0,1
8500,156.9698246775128,35.304323948583686,27.45343535032226,1,4
8501,202.5032988258086,16.41393755072109,47.62930517994134,0,4
8502,34.01011987034504,34.79144799344426,55.87267995770808,1,1
8503,275.3328757118745,29.34883966448731,83.82702954250993,0,4
8504,67.73167880924007,43.84707814649057,94.02111514686317,1,3
8505,35.99259244779,33.21569650131213,62.50212279934271,0,2
8506,60.80967250506316,33.24681768705898,59.65157356570199,0,2
8507,50.871736959552585,44.821655621092496,37.040881526322735,0,2
8508,27.202395183884697,17.807633693427164,56.094523495998665,0,1
8509,239.35177043361224,23.289488553010585,93.8915385019236,1,4
8510,148.6613324232333,34.68238316907077,51.43196290186972,1,4
8511,116.55583211360484,24.45708768103124,36.854599024077,1,3
8512,285.18837809523995,25.38450443787366,46.98360233641145,0,4
8513,111.30251611943724,41.77934819391326,61.16756901081388,0,3
8514,50.09181781415681,32.380617151193896,67.88680244796566,0,2
8515,82.21286757797887,18.08596748412464,54.594390371213535,1,3
8516,71.68996007657893,24.32587757197865,80.6828943632242,0,3
8517,149.62238386899145,17.28175129498254,66.75627056853654,1,4
8518,87.45153718637219,31.68389800341436,73.20385072093498,1,3
8519,154.81835165590854,20.19804589127969,89.03351396889843,1,4
8520,200.78802748403663,40.71345450075319,89.25508562181223,1,4
8521,233.1896357139773,32.319420793694995,36.28066498416785,0,4
8522,213.04733438016925,16.78126925793284,69.86757958661198,1,4
8523,61.677214936908285,24.026269908729567,77.3312688833328,0,2
8524,34.76991577282613,33.4901300170838,31.66823626086809,1,1
8525,162.73504773037527,25.064949545814848,87.42158696471347,1,4
8526,59.673537362443554,30.395300057818677,34.4375889609065,1,2
8527,25.480116531453977,42.28086884048207,83.94235386198858,0,1
8528,158.12830289382515,25.50107911518835,32.91726052987595,0,4
8529,98.03825553233864,25.07618587409364,79.34228294488008,1,3
8530,226.84470358155116,39.59270523938096,31.8518383109331,0,4
8531,94.2574891645254,24.562695687503098,50.3063448686775,0,3
8532,293.61514111674416,17.338750324211766,31.48129067776576,1,4
8533,227.55695737821245,20.428348627124848,41.65720770613038,1,4
8534,17.30796644665864,43.46400752388903,98.76118218827877,0,1
8535,152.66182210688285,42.99878377733164,28.61405248555069,0,4
8536,168.7861503642331,21.744362723344437,52.51718611343105,1,4
8537,208.5908132044793,31.60505619296057,74.15354727084183,1,4
8538,149.33903911012746,19.121043012690087,27.567885631782865,1,4
8539,145.03307952437194,35.24032885534608,28.72263899356267,0,4
8540,110.38158350328384,20.55917388029432,31.46102980190997,1,3
8541,81.43841516975212,16.49371268764812,71.59891024264186,0,3
8542,283.8600635930204,39.74690421626398,92.74695343833652,1,4
8543,95.27900089031158,24.76201148170877,86.07915631749212,0,3
8544,19.0263973740992,18.255672106802912,98.64441914859934,1,1
8545,50.18542178802368,40.01711852586676,66.2510307679515,1,2
8546,257.1829908123869,37.87192432638445,96.91818436945486,0,4
8547,175.99003773701517,35.512753512959044,44.394733217236166,0,4
8548,233.6341648131197,42.33746129533588,53.72036750768526,1,4
8549,242.63446384190829,29.67678260611905,51.683309437290376,1,4
8550,246.970931763322,18.84169492760393,23.788598422312344,1,4
8551,165.1841123233826,16.840392296853587,86.37642148324467,1,4
8552,53.13617870973146,24.55323053878976,21.97745509538949,1,2
8553,44.469825670842525,17.604924904122488,78.39010008680094,1,2
8554,172.1953261125337,31.06528321041256,52.565182612421125,1,4
8555,109.95430610570293,15.434970534694736,20.499817286152727,0,3
8556,167.4144723737302,28.31289904528128,43.19575222902395,1,4
8557,149.54335327135942,20.35380869560756,47.69021567350619,0,4
8558,180.65942390926452,26.048041316014743,97.17619768480122,0,4
8559,9.6335372209696,35.25102224312067,72.88632780859649,1,1
8560,9.851004189037004,25.528913131521044,63.48572732049122,1,1
8561,216.47855125455263,25.240196616006457,30.164045136212643,1,4
8562,57.93817314681596,44.72252198518506,51.28834716102535,0,2
8563,195.6595386576169,36.56444168178859,22.86114828802944,1,4
8564,163.97277323743634,30.41585135550154,80.93483347778941,0,4
8565,294.53834142138703,32.38126952992738,33.022136175499824,0,4
8566,250.6217636649187,33.60547894556433,67.55485607571208,1,4
8567,123.94035639940483,15.737261968225258,75.95132306050549,0,3
8568,184.9238460279495,17.407937715757427,49.32073021655885,1,4
8569,35.186837167641606,34.47568054069956,70.60745216795534,1,1
8570,115.9158128887143,25.93406576544941,81.13862893173462,0,3
8571,220.1663223269623,16.66332120695775,34.729903608479056,1,4
8572,186.80147523859608,23.925397381548784,68.06882630699877,1,4
8573,145.34139731320735,18.908502612641705,78.71065083526952,1,4
8574,52.958731215800725,42.48941526678964,48.56384715333007,0,2
8575,240.9437778472634,21.087761776593453,32.99929264932362,1,4
8576,81.94998132347308,19.31073592182157,42.88928168995388,0,3
8577,246.14372449857285,33.785064512658494,94.64597334718631,1,4
8578,183.48271883849804,30.65735790830498,48.59583638127496,1,4
8579,111.81942838463624,32.277973621073755,28.61604702071056,0,3
8580,12.18156658799745,28.078444441209456,26.61812061194631,1,1
8581,69.72565330331307,29.015079327963885,34.4396052595075,0,3
8582,266.72127764644915,38.363926675413886,30.20098685518014,1,4
8583,245.39230316871524,21.597665544770024,59.6034927965709,1,4
8584,172.4559938802294,26.89587908493702,47.80411553404871,0,4
8585,139.8967391886381,43.73476154783848,87.31245237466113,0,4
8586,194.14280379903275,20.69957103558136,90.4862825944974,1,4
8587,139.87443835299044,23.81320785125601,57.86235103102239,0,4
8588,193.29145221574208,20.74700772857972,91.08216836516756,0,4
8589,92.22122989804735,15.61486489074407,56.03693109848079,1,3
8590,251.54916537344252,23.09489775125011,71.35696991562868,1,4
8591,210.57536803958,16.394023378867175,33.00278661182006,0,4
8592,98.99268852830754,19.640553792199,24.20660494575004,1,3
8593,249.1998344470324,25.88046210202844,32.80681411238379,1,4
8594,146.20275925595368,15.621636512068749,40.14761886763252,0,4
8595,52.39165942123845,37.5886969779215,80.07855144322762,0,2
8596,23.313738601058,38.8676704130864,33.880419396917645,1,1
8597,209.8817242911661,27.342414072550888,30.452375642882565,0,4
8598,259.5362412624032,44.53997938122808,94.20875033035588,0,4
8599,242.2325965783631,35.369817444230975,75.10419378751536,0,4
8600,196.6953090666456,37.31165243942248,57.86444685826244,0,4
8601,42.41251668143041,20.769012709984004,27.597471457260685,1,2
8602,28.213222792996064,40.123128684651405,88.1432729257085,0,1
8603,103.5088869035176,43.35139194064519,28.660674463109157,1,3
8604,256.47326711963063,22.089304997213752,68.88372253942846,0,4
8605,288.5208810919993,35.593928831591406,73.41411940971895,1,4
8606,72.40825645412137,37.40823145989994,52.01110441199898,0,3
8607,228.628701174516,24.15507515428647,92.89733800036602,1,4
8608,172.16076507216172,29.25027007716889,24.056048936721552,1,4
8609,9.54221012338282,17.92617280742172,85.44935246389514,1,1
8610,162.87490497988193,20.19284411878524,64.30355186065597,0,4
8611,241.78212089680656,16.847115709415842,68.89629795260927,1,4
8612,82.83683500320795,31.80496471635881,98.94604499858802,1,3
8613,269.20848719113826,33.75788691831808,66.61182424942581,0,4
8614,70.87812206239107,42.48358750301199,83.76223884499144,0,3
8615,22.94193979321629,31.265544318708045,32.28246125758166,0,1
8616,47.98179283186921,22.818341124243,84.74316736878542,1,2
8617,251.1008606162755,16.784206397733563,80.88583257793331,1,4
8618,125.19177571185848,41.54859158252511,97.44880586941478,1,4
8619,239.0836690864973,29.365742355841604,94.85685079754565,1,4
8620,159.36991829687852,37.11965968326963,37.11892364091244,0,4
8621,144.16773743832945,15.439480457867669,57.19465034114626,0,4
8622,242.0739454477396,29.64416767993253,92.91865425382828,0,4
8623,127.04628351371278,24.77167869499496,71.26120557661156,0,4
8624,240.60981931991049,15.909938178414803,57.09603154182961,1,4
8625,30.19864948903368,38.27018421217375,28.71510092806645,0,1
8626,190.89324466177692,30.387049586808395,48.14060537889837,0,4
8627,210.7761169655954,24.99540728973393,73.21919593228633,1,4
8628,269.7292188425228,39.17395451722198,82.15315855603976,1,4
8629,67.29717561485849,28.407703555504995,55.77335312074021,0,3
8630,181.26596402785543,15.10493869104904,24.46755944088664,1,4
8631,129.97696910676692,43.33342896114976,70.65377458156243,1,4
8632,114.83149666320872,22.67048221387157,93.72691137799066,1,3
8633,32.01406656358724,39.917265661900245,59.71285991243867,1,1
8634,40.26999917848267,39.49246152243819,94.27397610314344,0,2
8635,251.09653843429388,19.87121794082194,48.32805789300336,1,4
8636,224.9260296976686,29.220080436443297,90.90926159491354,0,4
8637,114.70233908733016,16.20596935495479,82.90718021057471,0,3
8638,248.54597441688924,25.63655018665386,96.9393239952002,0,4
8639,24.229855447073533,36.9293653010886,83.28169881683424,0,1
8640,187.4321751099506,22.11208410331073,45.718379970437496,0,4
8641,260.4528158142865,18.5138379222693,92.0454021839454,0,4
8642,251.6592693093748,30.213706528050267,73.57848611689113,1,4
8643,111.83482798255795,31.109591531208963,32.96554605929898,1,3
8644,223.5701559170967,35.274867939634746,23.677206379148814,0,4
8645,128.24044365596328,37.77413240407772,49.26764833186282,1,4
8646,252.0414493169848,35.87428593793965,82.94913197853418,1,4
8647,159.2285850465069,40.36236624884552,69.45716763575354,1,4
8648,229.45711473151235,21.687193928461195,62.17017277834736,1,4
8649,23.571474687501517,32.09300238649489,20.29821076722065,0,1
8650,177.00779148265886,25.80286072263976,54.84005616789939,1,4
8651,165.0852532408016,43.86337071004927,32.617871098019904,1,4
8652,182.99301652054805,28.20838570244472,56.36539176905502,1,4
8653,208.69248237467704,43.7914179940067,99.34162575902693,1,4
8654,275.4326910102426,38.07196962177318,90.36310584959432,0,4
8655,235.7046245328093,36.553915862060975,44.85044832852648,0,4
8656,65.89139743047141,29.74691135765481,67.48059143703455,0,3
8657,247.7688807876288,28.301344027668065,60.16761867311342,0,4
8658,36.62390328452869,30.79644562555221,30.403760417174624,0,2
8659,186.65957570252087,23.808991887808595,99.18452126521476,1,4
8660,264.82614247378297,42.135298195154,54.01401252906327,1,4
8661,30.336616264471186,38.82991965796099,60.45272296574635,1,1
8662,254.90779599307817,39.04187562975132,71.80794498487519,0,4
8663,239.5862202690737,27.994607863483083,35.32356265044943,1,4
8664,151.13263015172123,17.132668447326513,37.77812818876824,1,4
8665,92.66928068862124,35.49231953778836,35.40467401571499,0,3
8666,121.63146842146315,26.232407519142352,50.75724347732227,1,3
8667,290.59744071006355,41.11290937352476,35.974156516617626,1,4
8668,60.50926684555391,38.41015315349591,94.11167743539112,1,2
8669,173.8812863489686,19.35984425969268,77.14512370801927,1,4
8670,24.97222436360516,33.05147191615543,91.82684553783808,1,1
8671,65.36791925675166,35.76641777781553,87.87873042481586,0,3
8672,228.9949164223562,32.04412739473084,76.25215612507452,0,4
8673,90.77971210815817,30.42126528465784,39.41969512601275,0,3
8674,295.7298211688204,21.83589225017824,69.22550914291695,0,4
8675,150.245112928152,22.07720533263553,34.90390885082139,1,4
8676,154.96179759232285,38.04024415927664,30.59808388082221,1,4
8677,10.894421800720576,15.560693566906714,70.6060193562085,1,1
8678,286.9580248731798,38.36730188116729,69.9700474830648,0,4
8679,52.27003226532538,30.80396209617417,32.529771361559064,1,2
8680,161.5021796431328,43.08667957154508,48.19421579583452,1,4
8681,118.70238298761949,44.919646431687696,25.302493908546325,0,3
8682,124.67541022338172,34.904536953268845,77.25864909488419,1,4
8683,192.9900498108325,27.36771583260411,98.9996521118035,1,4
8684,198.62660312774324,29.252577256820835,79.19249243400273,1,4
8685,46.28658445742906,21.126462829545236,87.5321735660353,1,2
8686,149.87599593656768,17.97702971974443,58.10745938277755,0,4
8687,237.14323474255707,32.362901799064055,27.646726493340022,0,4
8688,132.98594506566886,39.16485293899802,78.12852180042424,1,4
8689,49.741341247974034,22.852995531876395,40.52161601046517,0,2
8690,93.9650829470072,27.589584307360496,51.06351626060237,0,3
8691,63.71386923152106,31.643209853309425,76.24793999694747,0,2
8692,37.74524037445112,42.23693459910172,92.38276209564658,1,2
8693,113.27433823060612,19.15893682986168,58.89992391993998,1,3
8694,162.28087295942254,22.10649506188988,96.92844584765294,1,4
8695,21.82545758298953,42.555913553573546,61.59228226352033,1,1
8696,181.147011668455,16.186067794640753,29.80083587705125,1,4
8697,297.90733205088225,34.68346902179576,61.47469966603179,0,4
8698,289.2374796060251,34.18577649653855,88.85021647503737,0,4
8699,248.75204459974765,26.49763300897692,63.04361064994559,1,4
8700,79.90233384072091,29.044940370213546,79.82042782899337,1,3
8701,6.722278943810189,40.64753854441684,63.83660894863003,1,0
8702,250.0625108648553,19.94946190040337,63.68436482983203,0,4
8703,16.71606959361397,21.94702434836781,42.78087210378122,1,1
8704,61.68842444123111,30.370512343196715,36.10083876445973,1,2
8705,163.33596463403532,27.292362690000903,42.31350366757231,1,4
8706,53.51341174309307,32.23117492635551,55.267031273905054,0,2
8707,250.1364993895926,42.625175582813874,84.76720885653587,0,4
8708,233.1479088779487,42.5130605321351,86.31928858430884,1,4
8709,226.73085172117493,21.900550191449756,33.07022528581744,0,4
8710,244.83828476927297,24.064338385465213,64.22839313234468,1,4
8711,65.91053407938362,19.86206043891089,53.28221783707424,1,3
8712,218.6677128449248,42.8337111439178,65.67485805105306,1,4
8713,106.5844507775294,26.935923905945856,71.80987096136212,1,3
8714,200.05342787051984,28.491154346510317,42.36895941750848,1,4
8715,36.60651858935243,39.07922342332379,93.53939055532732,0,2
8716,211.67597401935447,30.38920418430876,94.8358524001614,1,4
8717,291.63231837023386,18.592664466645363,28.42861940394232,1,4
8718,13.080109595614877,28.135461283280897,76.24147848929752,0,1
8719,28.14867035012543,33.91572129835895,22.658564935595876,0,1
8720,37.091030201404166,36.576272632711095,23.72510383258275,0,2
8721,129.16917148239037,34.360555583486814,96.62399312664176,1,4
8722,87.23405547991611,18.5754215769709,75.58825078962525,0,3
8723,242.0760460622081,24.13033575485455,45.963330387844,1,4
8724,142.13617176028848,37.00693934889646,73.59021341967124,0,4
8725,145.36120280656573,41.40570583008224,87.66680405229452,0,4
8726,215.1114303976061,16.41559245186779,89.67227811290431,0,4
8727,108.59069476072372,16.266873242099315,21.641582321933228,1,3
8728,105.96217422613906,34.302135880171875,85.45824059282114,0,3
8729,227.07791628824413,31.44138462489843,88.25621720479461,1,4
8730,234.01252375102945,19.66017151553142,67.6456163918821,0,4
8731,4.319631759845855,31.44874745090881,58.39230748400179,1,0
8732,43.1371427522199,44.23462030502553,28.879913375810126,0,2
8733,63.929454344543934,33.92700661189875,39.16910717351193,0,2
8734,105.4801406273629,28.47423468149156,59.23880957323392,0,3
8735,87.43442502958591,39.82597463818726,89.20637689388082,1,3
8736,200.55601451648292,21.384674569564545,84.25074854394583,0,4
8737,248.44057014088744,27.4297929248074,59.674366473498914,1,4
8738,57.62609470680725,30.83303675432542,82.85016182643832,0,2
8739,168.8940181805845,30.136196761522665,81.25867000131615,0,4
8740,110.3448753243108,42.62917407633457,66.32122810932859,0,3
8741,151.73336251381855,23.78004321740028,37.626036274557336,0,4
8742,186.22735253501816,16.69511162188859,47.84030150078796,0,4
8743,268.0799456046033,42.49131613541226,33.12516401539345,1,4
8744,57.68780034818421,21.51202971415028,20.572040513820745,0,2
8745,26.101976116818104,26.370839219301224,26.44203450731492,0,1
8746,188.16357571360567,30.926748735542315,80.77005075144997,0,4
8747,118.23925463178794,44.2764141164464,22.678892061399814,1,3
8748,48.87080798789657,31.05805324885794,51.988211105130006,1,2
8749,35.12615020645341,28.432299196454373,98.86242653375622,1,1
8750,167.67293606220895,32.5091543855294,83.61913742481761,1,4
8751,90.14117835845867,44.12424479751414,80.04940840313313,1,3
8752,299.2279138757934,39.53833796269321,41.976701437852284,1,4
8753,121.7702457992142,20.06904408935766,71.33841724886867,0,3
8754,63.68598262955481,39.09780044712628,59.89694781475063,0,2
8755,188.65471353518333,40.23297179411665,69.90595210546799,1,4
8756,73.27646690715207,35.72082311875399,54.86528951947976,1,3
8757,148.22581296934834,34.71700377501793,62.47704322425118,0,4
8758,144.77285511630222,28.226310025434127,99.07169992141452,1,4
8759,136.06728891472116,34.25086161358361,46.345028400637176,0,4
8760,238.82570888087247,37.12724916456773,37.316221878746376,0,4
8761,64.98390043985516,18.68460744222897,55.87955542645784,0,3
8762,271.29219152114104,22.71989880550307,61.94564084872424,0,4
8763,237.4021509640603,20.82245636898882,26.85030689949807,0,4
8764,99.93670927299712,40.23635510718043,84.47776177428561,0,3
8765,54.18075188404156,35.40007774595303,53.76422301559141,0,2
8766,83.86050735202238,28.523356187255292,53.05494670648261,0,3
8767,99.7908740727235,39.78167251465405,72.70718757466105,0,3
8768,167.079950642114,36.50344019977532,81.85954666789058,0,4
8769,13.91045064409504,42.4077924463589,98.87522158225094,1,1
8770,274.30773895561595,17.30420988293747,33.881575879620414,1,4
8771,29.60245699833329,30.27472144623706,47.64445467628608,0,1
8772,83.78201823001045,36.20243710728765,33.460581498921115,0,3
8773,32.78623138588998,21.22479560414537,90.4684022581807,0,1
8774,77.00184795769805,24.81378695914092,63.87945909297465,0,3
8775,251.3021455826425,27.5692875395948,88.1952076564227,0,4
8776,184.5527434149727,38.82976854811767,98.81802328378797,1,4
8777,68.1969675268442,29.80728603171585,64.01653446675807,1,3
8778,261.5275589398013,29.78610098543368,29.452145535257355,1,4
8779,240.21361776554545,27.92662855656436,48.90141767173415,1,4
8780,226.09478469647416,21.85767267888946,22.895143781493104,1,4
8781,254.28980951571387,42.69214606838294,87.94407575489981,1,4
8782,185.89490445549453,24.534033619700264,21.430955328552024,0,4
8783,150.4312080633697,32.02396982309702,67.3747992103953,1,4
8784,112.18050785141682,19.4633920656692,28.490662872588626,1,3
8785,67.12920612230951,28.027301762971412,20.60462731153298,0,3
8786,167.22349729406844,42.114105485076536,40.49203538091238,0,4
8787,266.8477037142265,44.86395715531776,64.14817544300499,1,4
8788,178.19453669769752,25.85255570200401,26.00703297636437,0,4
8789,275.882058516191,19.619716389430067,69.19103063841558,1,4
8790,107.07521087794906,24.43354580191185,73.75937769099244,1,3
8791,208.5413917582493,24.817253051610585,97.57584800907615,0,4
8792,194.59964173879237,34.33526382846953,91.96296643104982,1,4
8793,201.13015321882256,29.88470173483681,65.34328820630681,1,4
8794,193.5126036722378,38.05379184796891,83.46918469679949,0,4
8795,66.49640248113504,36.03909853492444,49.09128653175935,1,3
8796,43.07726948494469,22.539261717757388,66.85697728508453,0,2
8797,293.5884768696176,38.52767069657334,52.268333594920186,1,4
8798,13.588538652750358,40.42385600744448,46.963340936964606,0,1
8799,140.32094610848108,32.95170569262005,78.21115886999549,0,4
8800,127.52409514255856,42.83003127745728,43.73364354293968,0,4
8801,108.00568746452286,38.4884436820365,50.444181600406175,1,3
8802,234.59515607301284,32.86187720619597,49.37372568646236,0,4
8803,223.6050864937548,42.18497991939991,89.63227417489848,0,4
8804,271.5674770589821,33.01075440721617,33.63235759608009,0,4
8805,118.64625785607666,30.635733820120205,50.51806335725172,0,3
8806,169.25385837883792,25.68775021233308,91.02958333830576,1,4
8807,267.69211420263616,41.485899917833365,21.224354070286672,1,4
8808,298.15441885661534,18.68181512618465,95.82935962624909,0,4
8809,290.7883087096065,29.20508142652369,91.91203358363867,1,4
8810,215.35316138062024,31.122399956250653,53.427851712729215,0,4
8811,42.96826734305388,31.642473203093303,72.24202243729036,1,2
8812,6.955803537907979,34.5566949145573,99.28533284976037,1,0
8813,247.5655069208825,30.17386872761447,64.39587016494215,1,4
8814,252.28260734754764,22.70454442919781,27.751895315648667,0,4
8815,223.90827247904087,40.70833188418499,88.29128108243293,0,4
8816,83.97704579976603,34.725759835065844,30.73212916457665,1,3
8817,191.945357879558,40.74563441130918,40.58173244847704,0,4
8818,94.87453254458228,23.281304729411303,89.88122824473892,0,3
8819,135.19447383027742,34.11170684708465,40.482336946994906,0,4
8820,114.73052549415314,36.42521235229185,79.60687445221993,0,3
8821,274.0920260370167,26.502154811035155,55.81389430070903,1,4
8822,70.24719922316267,39.36732354620703,80.77991565058542,0,3
8823,173.28327137212506,15.075263245268902,38.58817960313501,0,4
8824,108.29445871015776,32.84759250642665,53.56524199671214,1,3
8825,198.9213335742677,33.40705411056391,45.4529070873256,0,4
8826,169.3689423532425,31.015292791159062,39.92352335856278,0,4
8827,277.1933044097822,33.90145460758349,45.15438925917408,1,4
8828,30.48364551036396,20.016805710698108,45.83937591187775,0,1
8829,66.19225192702902,35.54344445407128,96.4302554925062,1,3
8830,229.9043891493168,25.07366888509996,62.65842660912824,0,4
8831,110.63605196845302,28.561612277277533,56.9641750662026,1,3
8832,49.73513586861718,24.993280919888058,60.26548559228152,1,2
8833,150.99637777361633,29.21808610498456,99.6904780858735,1,4
8834,195.64261848341587,33.64707679535243,72.28712839130029,1,4
8835,13.448014246049578,40.15030412686653,76.27893131710303,1,1
8836,87.48656681023341,29.503051729206632,45.08974636322597,0,3
8837,242.82676130881288,24.6967148281081,57.72301679742956,1,4
8838,156.07336998305829,29.638256367761528,34.72523115993077,1,4
8839,10.613764551995995,35.664109922115465,74.81515645525329,1,1
8840,84.58530158241025,25.40102150177387,47.55956206025759,1,3
8841,191.7421967938264,27.428462241702185,79.86306926094949,0,4
8842,59.80784087340743,31.88519451026209,37.05290481079505,1,2
8843,248.2174218658243,23.8202779148205,52.28024225612032,0,4
8844,202.97277212509923,21.27253978633325,57.69474719691271,1,4
8845,141.41371828433793,19.21176851589786,33.32202830161607,1,4
8846,274.68713432003545,25.57829949378223,25.567287555299934,0,4
8847,117.5402312773985,16.450287193141712,45.36541578547777,1,3
8848,70.52202316922558,32.50447580128505,63.59137148209448,0,3
8849,198.42089775801023,20.27728097992573,72.21431588541918,1,4
8850,171.98855624104456,26.321843769901285,54.02170745829042,0,4
8851,100.57437027936754,23.07668446195117,60.02220904840364,1,3
8852,103.09936839719316,33.91169899025248,63.45543795277291,1,3
8853,119.46309259023052,40.51036984400599,60.95286568388615,0,3
8854,87.34157024381078,33.99903128965035,27.22628444189004,0,3
8855,213.07242190827677,31.275147860201816,52.400082617170185,0,4
8856,195.4075215153616,35.07251217966126,36.3465138661726,0,4
8857,132.2332957639178,15.899719132805997,62.69887794318034,0,4
8858,119.35640273377116,18.685339828863597,80.64610018250058,0,3
8859,109.51538080791153,17.847817079131328,66.35890394444345,1,3
8860,85.04049641767605,17.94591497246352,37.7457481173482,1,3
8861,25.708998947117813,22.81451145589644,36.62055084780146,0,1
8862,80.46140565675016,30.96156781149616,22.959850433256918,0,3
8863,96.36040460791952,18.44044735970241,54.110470572247245,0,3
8864,164.305201879603,43.05348723568168,54.628922892994495,0,4
8865,232.13655272341487,40.62770407963247,38.91490762688187,1,4
8866,118.7106434502095,44.14933061498946,81.14067741458084,0,3
8867,283.42707175562754,16.27500135265472,50.9189357282756,0,4
8868,248.20498903234872,40.542073412679486,73.55211184603192,1,4
8869,295.44055436512355,39.11202226324468,71.2056265779023,0,4
8870,262.8609123124445,42.06317593807381,68.37923651162998,0,4
8871,185.01778479281376,30.838325029794262,92.64529283871786,0,4
8872,179.54378634501566,38.6366721232702,21.27120926309753,1,4
8873,38.85783802626512,16.53860638027957,25.44298486747549,0,2
8874,216.71977466747032,17.276333684519663,77.77125202799898,0,4
8875,180.06205727780142,18.55596722848765,48.2820735183315,0,4
8876,152.07963101879542,42.44366589894624,98.92179162580338,0,4
8877,207.98606176718656,16.835080481653467,37.313017802604975,0,4
8878,133.2143528513981,18.004485800973328,34.673523047340296,1,4
8879,157.15789872248587,42.91231207888581,67.05774596752943,1,4
8880,119.5056914409769,18.221777454968347,42.354022311093686,0,3
8881,215.21126801120693,41.09268896176121,47.2394388055217,1,4
8882,262.98329116436645,38.6781236418686,93.68194591862748,1,4
8883,252.2534817397808,16.208459655964628,22.09941349181812,1,4
8884,235.80758161484064,15.6554219066889,62.50075359337725,0,4
8885,4.136311363365275,31.031651505407797,46.7919542415628,0,0
8886,273.5641391632378,44.91526211300302,47.67935807626313,0,4
8887,82.46271621701818,41.36490480296959,39.82470479106529,1,3
8888,266.3921828890128,24.300763001138534,30.788006942253247,1,4
8889,59.09043092681296,26.589277023462103,22.758532938004727,0,2
8890,131.89372542742117,26.637179887143034,99.01564049919632,1,4
8891,224.8196382980741,37.02536447715045,72.82928200907367,0,4
8892,192.08368358315172,25.233982579871505,82.176424532829,0,4
8893,124.77658140882896,19.43391184125782,25.20018394399517,1,4
8894,203.58715702208352,37.41322225750651,21.18699308038217,0,4
8895,164.68485301399184,28.74046854735314,68.02309498555556,1,4
8896,82.72089199065968,17.30336171059401,77.90651113868148,0,3
8897,193.89883364914192,38.70156805476182,51.5893012980292,0,4
8898,61.27412590335701,32.55933791850688,51.020408694714206,0,2
8899,208.19648527774964,29.68107975806353,50.75836170620461,0,4
8900,0.9332632869728408,35.200295014418394,32.220467836881674,1,0
8901,164.63175412853093,30.16103048461099,80.31308089605884,0,4
8902,120.3202882668423,34.452604439654976,37.215418587231085,1,3
8903,90.9311321405842,41.024656360959646,45.95283967810329,1,3
8904,154.71239017039125,33.40543104333376,73.70077900524669,0,4
8905,193.59348976076643,34.78801493562825,20.008376863851485,0,4
8906,289.5936798640395,33.41568208262024,81.30057487679835,1,4
8907,249.9193469664293,30.9353933289989,91.92757986134065,0,4
8908,215.14496492514323,20.159172329264145,24.129390021061432,1,4
8909,143.69007350374392,25.070329306765963,67.32990451682278,1,4
8910,117.64323589930628,35.793269020743665,52.67671758514723,1,3
8911,9.758896375799164,27.76428320105332,26.27707131147778,1,1
8912,107.72907091771444,27.183870357330697,74.57847898562353,0,3
8913,254.51314160178492,37.77807852391674,68.98548981338692,1,4
8914,115.207374592887,15.167065818709837,71.41282617731345,0,3
8915,138.47549971864393,35.36983440736016,85.07962920296353,0,4
8916,81.55032720747143,29.67679531470046,42.953518048786265,0,3
8917,82.23982764401002,26.302877437390563,74.16544571475055,1,3
8918,18.56152826752452,25.21609834720769,79.46541556666219,1,1
8919,184.14117768594025,20.18626485945509,33.505197167995114,0,4
8920,134.4208209136039,25.02756248245809,96.56535000499532,1,4
8921,181.7882422472384,26.742554163311183,47.19848357505063,1,4
8922,164.06607000865583,28.123467582745047,77.09665811853424,0,4
8923,239.65337618915245,35.16901916032583,80.3216101028706,1,4
8924,225.30357369344185,28.607130582690147,60.32247354451005,0,4
8925,231.4361559413638,38.88852912670052,30.297384490468,0,4
8926,149.77170208250266,34.192139921351234,42.05303459340613,0,4
8927,106.16440540617916,20.68791238482268,38.739756186298095,0,3
8928,280.0309771598858,23.315195183115403,61.491386393407055,0,4
8929,16.280932114966184,17.377475593241563,40.901509679760565,1,1
8930,45.7863923550691,43.37165264769966,63.74163815662384,0,2
8931,125.87972765299192,41.596514436878,43.05654035096264,0,4
8932,184.18729577040332,17.543886763528114,20.078330694152005,0,4
8933,2.4601124420164933,32.2222804754238,49.06053870260892,0,0
8934,215.79684579334256,43.81205456582455,68.54806825513222,0,4
8935,167.6179628369744,37.41428369838467,81.89574212298503,1,4
8936,145.41082760307756,29.75436581912018,22.269156878397997,0,4
8937,127.04851164836046,22.23308966719905,40.66504005412742,1,4
8938,155.84610952218736,23.37111225243887,98.83696960381342,0,4
8939,48.53572034452428,37.08713864014082,40.945231082444,0,2
8940,32.613521783094754,38.417258197315405,82.17581252307478,0,1
8941,86.89124362555152,30.86079973054298,60.74988947260355,0,3
8942,212.85143759559745,18.628461045501144,29.77391872442829,0,4
8943,176.4863651506489,43.01605120879783,71.47201031960427,0,4
8944,144.0369052857038,40.34288203700204,97.3072681803496,0,4
8945,171.4562897687881,19.216163370822684,90.94632261991988,0,4
8946,167.77740391180296,16.701827508865566,75.22342302709652,0,4
8947,92.1125776469776,31.07603048249201,60.97186135549649,1,3
8948,29.236784173417757,23.524278531885777,45.54664044396385,0,1
8949,269.0347105989152,23.49749128243704,48.557330125315154,0,4
8950,179.97337878717437,17.616647782512352,47.69653927096702,0,4
8951,209.3243999042555,43.60157505814162,93.76655846149804,0,4
8952,139.19916731008652,39.90499378979534,36.904996722274966,1,4
8953,226.9441739929688,18.415037756277503,50.24238733471718,0,4
8954,175.34917919360015,41.29796302952491,54.55705884990196,1,4
8955,16.14033662915707,35.48868167889411,52.71207963002168,0,1
8956,267.0291106181073,24.763233954858254,20.335859827241567,1,4
8957,91.66084403636606,41.13751663245395,41.67788615324726,0,3
8958,41.36723322640064,32.94066563345875,59.88548420444949,1,2
8959,26.41230231129473,40.46009533003158,80.83946521149471,1,1
8960,216.13209415263324,29.07803773461757,65.55791883044698,0,4
8961,211.19051004130796,30.019531204854825,50.78896036676944,1,4
8962,210.0486374439812,23.730300882328685,73.21127015189616,0,4
8963,274.7258318044698,26.630780758341245,73.2714566299928,1,4
8964,104.68290659929544,32.03256207384664,39.83397461990447,0,3
8965,168.33991690767695,43.41177671125852,28.301931773812107,1,4
8966,185.84867489830484,33.00353279904404,84.25468066771526,0,4
8967,293.84454856993875,19.421345753411806,62.3825903466954,0,4
8968,93.70384311557754,15.209885564294602,34.121980955775186,0,3
8969,286.8993599711821,40.5296356652604,40.96568526230442,0,4
8970,44.620299924714416,25.92976270098459,81.31395940672297,1,2
8971,229.2004368083526,24.44897818919499,72.26179076856445,1,4
8972,189.86577000612385,39.02193368827146,95.61332512288868,1,4
8973,245.06881118159623,43.36092897269506,57.19579318784725,1,4
8974,8.605672091954142,37.44135265055869,24.174930389790603,0,1
8975,23.439312881716745,20.21541938734297,76.03382939381058,0,1
8976,20.90873387074376,26.741348807731267,40.39286039750064,1,1
8977,177.88783664918634,37.78195657304222,45.90836427660638,0,4
8978,180.8808202726614,42.2077744401172,35.73186030134144,0,4
8979,271.83146680649287,44.958001918489806,44.71483196404175,1,4
8980,140.28105435553348,30.346827214145573,86.35843804907876,1,4
8981,20.41471650148918,39.67574455025849,66.1370644008695,0,1
8982,62.85882048675463,16.39894928332152,28.7322994617898,1,2
8983,2.421928445352872,23.57474249264904,66.9282938713252,0,0
8984,233.0143575385215,26.14540210042468,70.68506844430377,0,4
8985,244.6798310642324,44.26571535845682,90.78589530342954,1,4
8986,299.3821248852408,15.101809446445817,88.77163548780985,0,4
8987,123.65833471592828,24.240622132877792,25.03000929918301,1,3
8988,5.789512620477755,42.91236778838712,89.33584759811173,0,0
8989,70.41896444711166,24.200347051320332,24.070778720749686,1,3
8990,176.33066029898876,21.752002974437303,32.3297587370114,0,4
8991,288.58289011582093,36.9026553430795,28.92400016607401,1,4
8992,31.07356544123829,37.36016678999596,34.53577924978137,1,1
8993,36.471906048222834,29.165336479425257,84.2609595388552,0,2
8994,210.52769558368288,43.4075240959627,74.88954757227518,1,4
8995,200.16211650646488,21.081212386255256,74.95699498626584,1,4
8996,75.15190659354992,42.40247501938792,93.77020949431756,0,3
8997,243.94343730435568,37.66524229575887,51.3480825951975,1,4
8998,38.63362664323896,26.04625022562142,20.26299544897708,1,2
8999,277.72255343302794,39.20725859170122,71.18147616551802,0,4
9000,60.30957909972642,18.996065292412617,89.4459509140519,0,2
9001,24.405711816901498,18.929474795796818,98.1008144448836,1,1
9002,101.85662594215638,42.898116097422175,49.11141842527763,1,3
9003,56.352386560363485,17.84341523536235,85.77217507544758,1,2
9004,158.08236751080986,15.12238820548214,87.93821714709284,0,4
9005,206.05396121151784,26.67091474754706,31.555027286979403,0,4
9006,147.27647354348736,18.115529232963837,70.51988442045322,1,4
9007,198.18219954329328,40.891094797327526,33.85120793126954,1,4
9008,109.47615431999532,42.68080540328799,55.73046545229551,0,3
9009,8.376779171591997,29.472790930692383,90.3413535364545,0,1
9010,292.2192372675447,27.76414599030111,83.15736897259819,0,4
9011,245.8240513619986,31.17117830832276,65.62715656253974,1,4
9012,22.025647225388425,21.785838745349587,84.69673314745059,1,1
9013,134.75291884690031,23.93897584261008,32.22620070752129,0,4
9014,190.5057210215624,18.029315114520145,35.59354940693032,1,4
9015,57.17828117179137,28.393502733340902,36.70918332455501,0,2
9016,173.39658340883145,33.35074867600978,82.08108443171395,0,4
9017,160.0945854353061,42.90671203174806,91.27724036318094,0,4
9018,62.47955656041143,37.17219511880275,65.02690563522951,0,2
9019,42.36309278323598,36.6919120065956,96.63772997885404,0,2
9020,227.68868688559124,24.239968862823066,78.24242009643685,0,4
9021,96.77593384489012,41.648798925301335,65.09470670721831,0,3
9022,73.212160152673,43.408670900399926,68.92724214821834,1,3
9023,221.3635058417966,42.96788809626111,87.96273225971339,0,4
9024,220.82060760689455,16.164090795731553,27.214456593671528,1,4
9025,82.92049690086874,33.13051908912065,33.44139895987078,0,3
9026,261.7705383755561,34.29675317175885,41.30359870200653,1,4
9027,206.47504952170272,23.851954806495108,91.58206847922418,0,4
9028,103.72926534646145,44.7723654947379,95.59559768965242,0,3
9029,128.24689505539766,23.735623764556767,48.49364387749296,1,4
9030,218.01290577918533,21.498349745431675,93.90857808089945,0,4
9031,63.4751498686476,29.524369513295756,63.74782407737192,1,2
9032,140.62823774256722,24.694421393110304,57.86189953430075,0,4
9033,196.06750267742987,42.72088379609833,86.62117423436798,0,4
9034,161.84956440261396,28.20230193944318,63.686674950867975,1,4
9035,182.498503771348,27.3044866401775,56.35858390943046,0,4
9036,163.8637498430339,33.775863903255,21.27708034162677,0,4
9037,59.76823313700604,17.4334401375337,21.03181299231266,0,2
9038,123.0616034917864,37.70198840449565,70.20731200995691,0,3
9039,159.5956486432637,38.05196465414615,25.87335446775329,1,4
9040,234.01882270378383,29.22077504183003,78.95562469890106,0,4
9041,196.1712711508628,43.67093823001285,69.78731706336015,0,4
9042,127.97728355578045,32.380173323872434,56.61836261697235,0,4
9043,292.31994964774367,35.85709362734973,76.78429144893494,0,4
9044,32.33865650391755,42.73034866509303,99.44570755755588,0,1
9045,62.041460566490514,34.99036030274377,39.70854189060163,0,2
9046,102.3937830094992,27.954780231766414,64.56445601178085,0,3
9047,68.57162309637305,15.74313526899445,87.42847249657513,1,3
9048,187.6325990418034,36.84897946895428,21.349992363180768,0,4
9049,11.865218800876576,43.94598034803136,36.28066629620098,1,1
9050,53.23103528202478,29.107053706079817,61.676692492791176,1,2
9051,88.00417129758131,25.193059133647925,64.17968199460003,0,3
9052,205.00373252379492,30.577782792413352,26.90666112418862,1,4
9053,262.7594647743384,36.85311617053978,52.59436205331301,1,4
9054,239.54753116591635,15.02071423446148,61.58278063889448,1,4
9055,54.62427997507646,41.61635168195561,53.83805590482758,1,2
9056,169.62172753232073,41.59088579034966,76.04770046430346,0,4
9057,9.006793603406171,31.238938008261265,81.7091110915494,0,1
9058,93.16103260585837,18.67136298526824,56.82092954054216,1,3
9059,241.795138448498,35.15417383840864,54.05277822704906,1,4
9060,136.9997141230019,19.1353698888994,76.42909366288983,0,4
9061,44.98239668275037,30.22641454298042,64.4241887109698,1,2
9062,131.5660144464938,17.80889915943351,89.63515572911751,1,4
9063,59.40987763866848,32.67196014892504,58.49169211317384,0,2
9064,117.95743735918884,24.54207975353962,65.94619805377303,1,3
9065,146.350041824353,39.92974244212509,30.304416251256665,0,4
9066,104.86743375330852,38.99838378625245,86.87977934759485,0,3
9067,281.09068513015825,44.95421626423323,53.78337053470421,1,4
9068,168.7590892669146,22.725095241130944,77.52506342314574,1,4
9069,252.867802184069,16.85403278338741,54.35861992649048,0,4
9070,228.2185641166741,28.290097954465345,20.08097837895405,1,4
9071,198.34989278033297,17.502100048997125,52.03282002131217,0,4
9072,149.06662449077467,20.354991451972893,31.80017560628528,1,4
9073,0.6521351344762505,32.919004240846576,51.88920634413336,1,0
9074,184.04028016562515,32.763925540328955,45.70751521821279,0,4
9075,106.78723590074932,16.29982433189071,36.203790294048105,0,3
9076,35.32865004039564,28.28714254254836,29.90176777330193,0,1
9077,133.38787908362332,30.90656078601725,78.28489777995247,0,4
9078,220.66599668499143,23.0407271345996,80.3888241839735,1,4
9079,288.5033384096112,41.16129545626482,41.1998004173726,0,4
9080,112.2314673366246,19.83295942939266,59.61521797734551,0,3
9081,162.816989611493,22.617054150186437,57.12567579681849,0,4
9082,255.3733150090755,19.70983245098259,48.41980568456015,0,4
9083,100.19982598500444,18.496399016116744,42.21097454374039,0,3
9084,42.677173491244616,41.36937552021378,34.8825394145355,0,2
9085,84.56454936980671,23.335774952099456,89.83140960549142,1,3
9086,269.7368489425164,36.67572058403569,86.66499901258756,1,4
9087,47.817932538551325,27.83947079175749,53.374352818937325,1,2
9088,98.76631830203462,34.076204422017504,77.69610052220405,1,3
9089,139.39209315010217,42.84528588516628,59.86656659193749,0,4
9090,254.133967047276,40.33823601129748,26.830661223418268,1,4
9091,281.3139850958924,17.069591772607136,85.79124067544409,0,4
9092,127.74309288997644,40.35607605837653,37.541723521127885,1,4
9093,279.58621450605466,28.554705458420912,76.54540085825147,1,4
9094,48.437728457326365,25.50437180639656,62.19183719321328,1,2
9095,47.05568756891112,35.17163776384885,75.24319758516,1,2
9096,284.7752458904393,43.50623619297744,57.69624445791701,1,4
9097,152.90404005849936,17.824064927644123,76.20489187815893,0,4
9098,55.77235060618618,38.04231090750717,22.625004235606895,0,2
9099,146.39711117266856,21.105240922738663,23.268235128072963,0,4
9100,234.96334661371543,26.404083684809965,91.70719721724078,1,4
9101,248.0761097170571,41.2146904878975,79.97552127772457,1,4
9102,259.1907769947727,31.37397552037018,86.27740159063217,1,4
9103,170.87127092622555,17.02369943851279,56.52683095370513,0,4
9104,260.0838043103641,30.24145650410215,56.77174895063019,0,4
9105,153.0090626409764,38.68925704924273,62.72032284408584,0,4
9106,182.1179707173232,30.8664176329678,39.49296374078804,0,4
9107,227.6159406814936,20.006677169371567,78.6801998790849,1,4
9108,127.63058781315254,28.35123225172596,86.35635227204484,1,4
9109,22.074446141632432,42.73036104118948,92.57792741243168,0,1
9110,105.04990705730928,34.74611970282339,61.36270787003989,1,3
9111,187.1832650387881,36.89659519525768,53.16612045818735,0,4
9112,57.69971089184306,38.57809522348351,86.47465954759697,1,2
9113,44.515609049892014,17.720802725800045,80.21326240514998,1,2
9114,87.92416337743128,32.44609677809892,89.38185757673541,0,3
9115,9.633438683346409,26.27745579555924,72.45848459619269,1,1
9116,223.02686942607596,19.174774910162917,90.66506427782932,1,4
9117,77.61468065650163,21.081286749120714,27.1233332836257,1,3
9118,37.27151899097986,38.43481421174204,74.36492621483967,0,2
9119,209.7388247890306,19.844673158693183,27.103607078977745,0,4
9120,252.87840376298635,24.37255821665158,79.91261146348117,1,4
9121,5.962678758533535,23.54620014789244,70.2755096106352,0,0
9122,70.07993122236745,16.45891091743703,21.279361726526123,0,3
9123,283.56969746087503,28.86475347718076,67.94087888587556,0,4
9124,115.57624077983256,37.977895265076256,31.702384684693907,1,3
9125,281.5776190145794,15.66457898246699,31.392913582325583,0,4
9126,82.26376151120321,18.37654351439688,32.03704093252942,0,3
9127,65.4202906715796,36.60560038792704,58.70588817974739,1,3
9128,64.23252351839876,32.80742972018741,29.24162032255001,1,2
9129,25.56859812748148,36.45742842146046,30.052459876218222,0,1
9130,268.9296865527377,21.903118646314155,40.49343889071012,1,4
9131,293.9505067898704,39.11306349892215,20.06865790622082,1,4
9132,286.3526421814914,29.3961318033083,42.0631813565893,1,4
9133,255.6084419481822,33.309059225365715,69.47262134416263,0,4
9134,254.06637229529252,17.764602516025086,68.12564484762925,1,4
9135,198.3256401506963,21.15094750079464,97.56269185317169,1,4
9136,247.86411358518407,38.20073644830924,29.57040631838219,0,4
9137,62.502709302914326,21.71725323566336,89.24570651724633,1,2
9138,116.37378911613855,17.77589482564376,51.29518079172708,0,3
9139,192.2508879884244,32.91609846756301,50.96290303693166,1,4
9140,262.4313997684789,31.438095484851985,47.90487068994749,1,4
9141,198.1408387106351,33.23681786949879,29.97892251543668,0,4
9142,251.70658750026175,33.54916489089274,58.28040296791579,0,4
9143,142.18485475478923,30.005920375935112,82.99023754776111,0,4
9144,215.19112131151329,29.81321761705967,90.03459257181584,1,4
9145,293.994241912526,42.72496695868388,97.02874065018902,1,4
9146,46.04656713892732,31.016451746392207,82.82339885603619,0,2
9147,278.076207694767,33.51900607241576,69.84733645238151,0,4
9148,156.70918435257082,23.00908175816234,59.80270237647977,1,4
9149,192.9654092190174,41.13279602406573,89.99178012811167,1,4
9150,263.36070207315385,15.731042779774896,79.16108854865283,0,4
9151,122.89625176569508,31.716802868933232,32.90065407772113,1,3
9152,125.6077724670152,26.51550885594326,74.60403942369652,0,4
9153,158.1545509041301,33.117125866814305,54.48308783440095,1,4
9154,5.730625349055174,25.805161493141405,67.66397419374518,1,0
9155,148.99985428300525,36.53063735152941,91.86824670539433,1,4
9156,87.3261794982691,15.609943289202924,72.20564389871232,1,3
9157,278.3862547175344,27.176683163074287,95.0979428141024,0,4
9158,26.320589625909395,39.937907992272415,89.30957402112607,0,1
9159,137.79613860594054,22.50602153338308,30.31210009307582,0,4
9160,284.2404511132083,16.58252635140966,20.932153102316317,0,4
9161,270.31057509554324,29.89572223695506,50.75291269191051,0,4
9162,210.40453271236507,44.2960038158037,89.22639906869674,0,4
9163,176.80831559882242,16.9247568460541,38.4100794168135,1,4
9164,84.21928113985204,17.101694782493798,75.31199375195968,0,3
9165,110.08713382573644,32.85349694840035,58.07962953784085,0,3
9166,27.04045942623817,22.502031386343877,79.68622083432535,0,1
9167,235.8324893274713,27.30693700911676,33.19815031823658,1,4
9168,97.16093037114352,39.91521458998172,39.12728311867106,0,3
9169,200.3345697090622,20.965460525475493,39.40195755973334,1,4
9170,107.27843315958404,36.57899810944299,63.877265080656855,0,3
9171,139.2991324188788,30.134565398026687,43.16995662440215,0,4
9172,166.5007417129185,42.14873077242815,84.93778982677506,0,4
9173,240.55572251718107,44.18886000880692,47.74353752833356,1,4
9174,63.34691326220412,29.54882356960188,72.86809190323099,1,2
9175,119.62961604895692,32.53941177346401,95.88015088774442,0,3
9176,39.02447156754527,37.3752762221266,68.55389741446567,0,2
9177,22.72815147637779,24.56022425616015,39.37228177710743,1,1
9178,181.4023068506376,21.802210515697404,86.43653385083819,0,4
9179,56.7273133076708,43.94055517329016,21.003401655746718,1,2
9180,17.939802577829646,27.978461736587345,40.522972914483375,1,1
9181,269.1293793619216,15.047724795473211,50.99923908382272,1,4
9182,160.29432593561876,40.13154895575251,35.678308909429575,0,4
9183,40.38846222089539,32.98992483873257,68.32144740312089,1,2
9184,16.027838234264912,20.056756881609125,64.64004935522013,0,1
9185,35.95801602409684,15.90419079531237,52.519725475101566,1,2
9186,141.4011720961842,23.74447293125193,43.550355732351605,0,4
9187,200.53957655066927,42.83661286420994,54.71257946896176,0,4
9188,192.38402249581367,43.00473510106837,43.29618053701883,0,4
9189,43.32692587934955,24.330104589063545,37.70068066226818,0,2
9190,190.04668555131263,40.0779297846215,48.10161058474772,0,4
9191,121.45968726527984,28.25535969771287,68.18684655606319,0,3
9192,139.4231352898395,34.63034247409783,71.87126853752504,1,4
9193,240.42912187359516,25.0333162761327,43.78777288509007,1,4
9194,99.7498118038915,30.47917788812955,95.79184290636648,1,3
9195,44.09971414900613,23.8133833965098,40.95673839340832,1,2
9196,262.0359400699021,16.83343087069388,76.97056881426374,0,4
9197,63.6391727599014,19.181345585746165,26.51840455184,1,2
9198,88.20896116639281,23.720234834197115,73.18756368787042,1,3
9199,211.97701767078672,44.28761351928389,56.79589989271082,1,4
9200,205.06509511728217,43.97016450749975,65.52862757147163,1,4
9201,240.1200063851486,39.82990027453593,34.72581276110923,1,4
9202,55.15999243438232,21.97518153288261,54.68511748637049,1,2
9203,105.68396799426098,28.24806421625468,81.30222852457229,1,3
9204,37.764971686878326,28.19348515472113,81.36678662412662,1,2
9205,162.31174415058126,26.609197344545517,39.004476898527685,0,4
9206,87.77117776161036,16.346409152692367,48.20794200904232,1,3
9207,206.6806923025688,31.03582122672953,20.30508443136812,0,4
9208,0.1033103953623215,17.184359763745828,27.19697394705408,1,0
9209,17.904899537873774,39.05756042153831,30.13842821190039,1,1
9210,129.768090155803,35.73921428534345,43.492106071672005,0,4
9211,287.4552467926705,25.58211019930604,80.72123893939735,1,4
9212,267.2554162077549,34.4140914663739,60.82001057247895,0,4
9213,298.20270841859497,21.991110196772944,83.40865092417995,0,4
9214,125.04906745921346,22.95750194869897,80.39245660776345,1,4
9215,13.970545882125462,24.424005507762143,66.97105676061403,1,1
9216,91.78684260592873,38.91034799805989,59.98881609568628,0,3
9217,202.73125565218544,21.320740405382534,94.5056689239424,0,4
9218,40.549142930224576,31.88343682458116,65.54161780915321,1,2
9219,89.99165362800031,21.01401343264455,58.62591876925677,1,3
9220,16.849849363457604,23.551122751872448,89.52966476318689,0,1
9221,142.49011151707026,22.06443878959474,25.715097180184465,0,4
9222,62.67620330852638,34.350140132198575,72.48210556143233,1,2
9223,27.374408069700703,30.80186833367341,29.04218001277915,1,1
9224,123.36474284474372,36.638974377166605,85.58573023088837,1,3
9225,105.36762131224648,21.598303119989573,83.4132948039711,1,3
9226,161.2553210836477,15.274456071781117,60.28800274025972,1,4
9227,224.71159659409173,35.415287013910046,72.88353200687942,0,4
9228,33.77062092795157,18.44561875485228,81.80973530433317,0,1
9229,237.33767706300256,22.38915673271868,58.66430960130934,0,4
9230,7.886993962554034,24.17058457383668,92.47663310314618,1,1
9231,132.93057074875435,37.40406276872604,54.96240074069034,0,4
9232,176.2290860657646,33.77675431972281,91.36180121381558,1,4
9233,287.0996019419393,20.527963095774865,66.61952390787283,1,4
9234,172.1769080608949,32.936634318592255,54.09946111516325,0,4
9235,47.62475798141658,36.244439853318354,20.3278027450082,0,2
9236,155.26254160317274,26.666916083705143,43.644473644518,1,4
9237,118.73518415742484,22.37858742083556,89.43371938733267,0,3
9238,143.8066702800731,35.36948318744368,54.29702312509562,1,4
9239,59.129104397726174,33.32673600424492,53.717482173922974,1,2
9240,150.24811269338156,17.337364754124604,59.15285448536834,1,4
9241,45.01192928726305,35.00038920701263,42.90432252180623,0,2
9242,223.21292420726093,29.65553798505896,59.324101580597606,0,4
9243,178.17187806767936,37.60106870933183,50.06104931520614,1,4
9244,23.55830747753499,20.721526256394803,92.75540243460104,0,1
9245,266.88434037869393,22.74649253704129,65.11734169572433,1,4
9246,184.9138813846915,31.29938217292564,86.73207753139397,1,4
9247,94.83211653834942,29.452005836765974,74.94992764610726,1,3
9248,13.692719858193092,26.590961131694897,37.00823872448783,0,1
9249,189.66800873148992,37.38099943289366,89.41324877607114,0,4
9250,112.03207840450104,31.94254690884847,26.981663791081907,1,3
9251,272.2854314635463,36.30815561682356,55.89102884583114,1,4
9252,10.463349814252364,19.597648869573472,39.13243404256357,1,1
9253,11.730730602673,36.86964885436612,63.004433810576366,1,1
9254,284.78978607208063,28.84584324300876,44.00396635558373,0,4
9255,289.46218370385185,16.01303807053761,77.8261007379699,0,4
9256,8.32266803179158,22.03474661989497,94.95349609230432,1,1
9257,214.80997048239823,15.77269175221734,76.72719825721894,0,4
9258,66.44845569865214,28.706235659731316,48.42482934206444,0,3
9259,210.41782988582176,24.77639281665256,68.00559693263631,0,4
9260,260.6198389973951,44.62348679739754,91.08208734384968,0,4
9261,30.24944365868262,41.05512350870589,41.60227118295245,0,1
9262,71.6299250286126,39.77012581029448,29.45638109906166,0,3
9263,7.223300497948449,30.033496470937365,30.461119088879357,1,0
9264,13.14895363333224,39.212624980523,59.58824082746781,0,1
9265,8.885357465332255,23.006089423882656,78.57090089038743,1,1
9266,240.20470692792435,31.819484035395742,72.58061936691252,0,4
9267,89.487803529233,26.7875418395823,56.31116003877455,0,3
9268,147.96343187159673,20.14025734568189,78.34384321450905,0,4
9269,236.3532790791049,17.17840294105212,70.71759649128137,0,4
9270,148.4830988120154,31.746551489148445,70.25846044806781,0,4
9271,128.75881878737883,17.929174046406185,36.19011178353639,1,4
9272,3.471961946837643,36.54009290057947,45.00667464210255,0,0
9273,170.41185076102684,42.64405436178467,47.55394602313682,1,4
9274,37.42292344112592,19.86318329134683,84.65526066271163,0,2
9275,229.39447223730787,29.128157355306847,82.00883927722889,0,4
9276,77.32131714450587,37.16323779179476,40.21382059319235,0,3
9277,202.2562232425965,23.605189830990803,24.412181944798384,1,4
9278,193.86705834740383,42.62293558898811,81.42270473651644,1,4
9279,185.002680879006,41.65396676609733,52.78929430354548,1,4
9280,80.08560226115779,18.112630671890336,37.584253519222734,0,3
9281,80.12693315267045,15.821993145955204,29.36134964568764,1,3
9282,258.9144130323989,44.29375448938205,21.02517204708008,0,4
9283,3.842199789128098,43.694250743133935,54.21837078511089,1,0
9284,54.45679003618737,27.66856813397889,47.18110515094604,1,2
9285,183.0512752925955,16.516899723179172,75.71761205658262,1,4
9286,245.1138763209509,33.566266582380834,98.13323457499266,0,4
9287,107.5036526018576,23.802303221659688,36.54260956929232,0,3
9288,196.03303758324003,43.101689607016624,39.44289122991499,0,4
9289,167.1469258860709,38.839857751629104,46.98420614915172,0,4
9290,19.36203134461062,34.4878135240033,57.275010790664425,1,1
9291,186.52505907920343,23.535115425405856,75.81589562724284,0,4
9292,244.17104168174805,36.03805738325153,48.16252174708853,0,4
9293,297.7344960898228,23.675048002776123,28.33604343766233,0,4
9294,8.892021795516857,16.12892952455628,78.42733097981925,0,1
9295,198.0174517751604,30.253037628608222,83.57133424142825,1,4
9296,124.36486594438864,29.66053634366073,39.81189244703313,0,3
9297,2.936366611861585,37.890179190787,30.94049949938452,1,0
9298,184.3082831125534,40.97021647063334,62.22408411726002,1,4
9299,36.72818956669065,25.634054660827864,36.66514406970772,0,2
9300,113.57005505674098,28.48419030611013,49.93307466789028,0,3
9301,78.41012774652069,29.112012589335844,82.18889761030803,1,3
9302,108.3490206813298,24.726722531171383,37.5685634547671,0,3
9303,147.80867445028488,37.30160770875571,84.50074088949688,0,4
9304,107.76285974685436,30.663035556188984,73.92159902530483,1,3
9305,165.81956117686175,42.4186732316592,37.578069099032064,0,4
9306,71.59490706985613,34.50932315686758,62.11236808368667,1,3
9307,190.60853022851447,21.35689676681917,69.12566100050137,1,4
9308,256.12890123745603,19.94425946241109,36.02208302509148,0,4
9309,67.22011407456372,26.17153013748876,31.595946865001352,1,3
9310,152.36316475668676,25.4077962077092,62.49343475410117,0,4
9311,194.6069353649666,27.213954745875306,75.50729329085287,1,4
9312,169.38783936402484,20.507732109133265,57.20550720572386,1,4
9313,109.6948338576678,44.34668010079468,25.603139882553627,0,3
9314,192.6599124017245,19.371293186061862,94.01701653574383,1,4
9315,8.473861863022869,34.57946322672963,75.59723566836084,0,1
9316,110.97186959892991,15.392077051937694,69.69570286295159,0,3
9317,159.78366439230095,27.208831149570397,71.49016095445418,1,4
9318,6.183947650759403,24.27550197285109,51.88844807264555,0,0
9319,152.29464890528993,26.46073913218256,98.75203994448816,0,4
9320,196.2763382296885,29.94232034319341,30.61433693748096,1,4
9321,227.76230931391356,33.01125004572953,79.13131019865813,1,4
9322,34.01222442282912,32.505340343829005,53.67007682136791,1,1
9323,297.1694624675085,33.92141010363339,90.4876838086501,1,4
9324,181.85031040052863,40.336430476613714,77.38090193736383,1,4
9325,108.958137783699,41.60151466843954,64.98017786877539,0,3
9326,74.72785633701415,37.11750901682393,95.01549075105444,1,3
9327,171.86905850502438,17.36826728773212,92.99546887517894,0,4
9328,264.5134941499712,43.83877174529803,24.18671967617965,0,4
9329,156.16961884240942,43.42194259041139,35.40704373915142,0,4
9330,198.44161668148809,36.35111383636061,74.08372679236629,1,4
9331,107.30893186216804,30.523172142057717,93.74715412048675,1,3
9332,116.44568642669178,22.518550750076766,54.42640020281141,1,3
9333,85.8525317315676,37.69053418496628,23.06441962883264,1,3
9334,211.69118831047192,41.335805361488674,71.46378079840298,1,4
9335,107.75626602496952,34.955628026698136,35.57495977929149,1,3
9336,57.21492121237177,33.872178985853125,64.18573866533471,1,2
9337,110.82017134987136,20.790141137117587,50.77466068996426,1,3
9338,256.14816234982686,25.73389568682569,64.64216312816248,1,4
9339,221.47561307307703,36.694086660975366,94.59490555707198,0,4
9340,100.39225333906916,15.506962165536702,58.86404723543776,0,3
9341,272.0426894510107,34.23792831566658,22.762305901769857,1,4
9342,22.449790535240087,38.00010903030744,66.4734389023555,0,1
9343,14.926137424092968,25.041134588123448,46.05964241402543,1,1
9344,38.241106435572384,17.285033076023673,82.25079075166441,0,2
9345,34.93642675758093,39.57358136651996,57.59427762357404,1,1
9346,26.350294503702155,19.255104884550683,79.30965902653138,1,1
9347,198.4027835993977,26.124033179093207,92.7056796278651,1,4
9348,180.2527138966272,36.2176231520334,48.98191930179608,1,4
9349,194.2816531745144,39.50957962954301,99.15023299126428,0,4
9350,206.509816248609,40.87145755465548,31.98502927518281,1,4
9351,227.06392574420397,30.91251574833347,71.51453455145509,0,4
9352,62.15307824592311,29.27615089367597,22.781408250499588,1,2
9353,186.69105397043995,40.449518310540896,37.04453326809087,0,4
9354,174.014597800912,31.892312851424133,70.70228731652601,1,4
9355,283.0980077410421,32.359521852456936,23.69533916488773,0,4
9356,69.71031727189457,28.01920103981402,28.142966823068694,1,3
9357,17.616880312299422,26.18441915763119,43.28084759321712,0,1
9358,196.04852091436297,29.416225718694875,66.05097087858007,0,4
9359,222.05185207101357,25.945424810883814,21.27860443129193,1,4
9360,84.9588017422652,25.30639349907716,58.588340606224975,1,3
9361,171.2545292819007,44.80993026023682,70.05949989960838,0,4
9362,17.860819660245177,25.086404822155444,52.20182310658636,0,1
9363,288.0134523504867,22.69151242598001,25.41118459831261,0,4
9364,32.97749198975058,25.6177226952788,68.86997081571369,0,1
9365,20.27116084559871,32.72344021908319,68.4668317531574,1,1
9366,13.233047848385716,42.32971459869495,60.48338840276024,1,1
9367,128.1815719510058,38.635927505932834,75.4516380476432,1,4
9368,29.147923037157007,40.267234172271046,36.62413865226274,0,1
9369,223.39447228667257,40.77025832051573,74.28325938804463,1,4
9370,269.6622481879217,42.61585189340602,32.91637917202021,0,4
9371,78.06567969745711,22.0521369872664,51.41549048278296,1,3
9372,188.6319357754197,28.750980931123067,25.40533170228785,1,4
9373,12.701534103545333,26.5559299972934,85.53018656641653,1,1
9374,115.96934150783862,26.45630983840501,63.05867368119527,1,3
9375,87.8826340283185,34.568509551065546,97.68393618909506,0,3
9376,68.58572893210764,27.054091809532306,95.3861280861665,0,3
9377,193.4170468886097,33.48990917751611,99.88489089854814,0,4
9378,39.068383907560886,26.468380911834235,28.101293622579178,1,2
9379,258.2131569890965,24.333845481732688,68.52643028293296,0,4
9380,199.4507719106204,25.592315353295422,52.60601693073284,1,4
9381,213.2205536064174,39.1127116804128,62.61316699228992,0,4
9382,280.6032925973004,33.03153108686673,44.70138928026546,1,4
9383,282.7118614507544,44.21993199049844,23.84550704467439,0,4
9384,165.49569714577075,39.979686791391984,76.62002156855958,1,4
9385,148.61394518579414,29.573418250021238,97.26536590665364,0,4
9386,100.61448246807304,22.27129005282228,62.5905460867524,1,3
9387,214.67148306074048,35.217273343654355,46.36639603695162,0,4
9388,161.46266609394388,36.79938081935807,95.06225989855784,0,4
9389,279.8625239220374,28.92527939375877,49.17332235798848,0,4
9390,71.58778461378161,21.89766397232072,93.16233541923064,1,3
9391,93.07580587514722,31.71714953589796,88.45526838600566,1,3
9392,94.82713422599062,22.6148775707834,62.29688045989932,1,3
9393,241.7995363670121,43.19994952891313,74.14981333347657,1,4
9394,29.7120995526457,33.866527441011584,76.02539548924884,0,1
9395,136.69473629669392,23.757928850076446,71.2873364021806,1,4
9396,128.2742210919142,21.471920650035734,32.85999639775669,0,4
9397,21.94188630412758,36.501698501553626,75.42209693654564,1,1
9398,123.23909956330414,36.23379840725259,20.257446728934703,1,3
9399,154.0133949851944,32.91396694525724,76.80294547034104,0,4
9400,19.53140775147397,33.429030755376644,64.38689077001607,0,1
9401,152.9586385334002,33.116070084768694,40.78083377142708,1,4
9402,287.7713714050203,25.803103404315515,84.30114757950787,0,4
9403,293.6742969484597,43.122432300224204,52.42231511012167,0,4
9404,159.50393357694335,29.37835392788753,58.86217476929059,1,4
9405,154.52907978088768,15.609837004367694,22.213964389370773,0,4
9406,85.65244992491743,25.45084027164976,52.10557486132209,1,3
9407,299.13464151363047,18.908477359427984,33.38902339865278,0,4
9408,82.26875130756781,25.901513731436506,42.09146494677949,0,3
9409,135.8703901319869,33.24787455107198,40.17115989493915,1,4
9410,0.8802173408029579,15.679934235657724,23.6816634987275,1,0
9411,104.76968727274108,41.10601593683605,56.83956361980943,0,3
9412,21.43209018264717,33.30927355404526,61.80739305039111,1,1
9413,223.1474311155397,23.861156287769845,65.68501029450533,1,4
9414,168.30433590897968,24.336155217728447,56.97758163938839,1,4
9415,171.65156318629695,28.970045295484525,89.56215152136589,0,4
9416,85.9533857699109,22.442754180053804,23.014379608691414,0,3
9417,244.46888707589207,15.130257832828386,69.10468846346083,1,4
9418,0.9812775993750522,15.796723445377896,89.29053437122265,0,0
9419,100.08035374925764,25.7322201591606,23.28321927298884,0,3
9420,197.8492471376603,18.72665029825825,59.70455995393915,0,4
9421,272.3767612250763,15.670910239412455,67.12217543055186,0,4
9422,70.38478707756992,40.77807810104521,35.272459966134235,1,3
9423,162.33001551822542,23.2241194092856,40.20000870655195,0,4
9424,161.39742615999631,30.09367731500404,82.84746700346817,1,4
9425,262.2523107131099,20.382272525748697,65.39182253676162,0,4
9426,15.155066867952703,16.401749167312868,45.26229577936504,0,1
9427,127.3426683212122,37.34598898465744,81.18041778218162,1,4
9428,54.73970243757946,18.748705639403504,79.73724593633966,1,2
9429,6.459780089579414,15.77150707210976,47.63214282467112,1,0
9430,44.10928215614484,32.61690984790229,59.09181043594192,0,2
9431,292.94120185445973,15.404027172643488,73.16151468300777,0,4
9432,64.45455285608037,28.08857834430965,47.45993743056127,0,2
9433,280.50923200074,23.665081454334484,70.32075288009416,1,4
9434,61.5763027892825,24.582539548132587,40.08589845854184,0,2
9435,279.38856821534534,15.116971293420892,43.36166619906072,0,4
9436,196.38628056009432,43.93038241148386,44.85381146995551,1,4
9437,33.96557325057803,30.50889307450614,94.8843816332411,0,1
9438,174.57454653797333,32.175363991250514,86.69377136861198,1,4
9439,95.55421126208358,34.983674547360835,65.21327804713344,0,3
9440,114.94594679342106,38.92565373149301,65.10977675292312,1,3
9441,132.05128735049192,33.237273489275275,24.491721764411388,0,4
9442,126.81210675910036,37.86594316479927,71.96064506164092,0,4
9443,199.23266714490867,28.46205883088627,46.24958858625988,1,4
9444,230.51042057722893,26.138254212134648,68.98394897040637,0,4
9445,98.7533067603364,39.694017224465554,87.2186998216989,1,3
9446,277.3091885057069,40.95931572520389,23.639864468798784,1,4
9447,281.53989420566296,19.134200093608012,68.56508027287447,1,4
9448,12.20713114534302,31.279805608801837,65.13604916534103,1,1
9449,4.472636664905549,35.509272914584784,36.54132441835469,0,0
9450,127.5198990453183,17.507962098959005,71.71463591717432,1,4
9451,177.19357529629755,42.88790450228255,64.38681871562328,0,4
9452,83.37142423561849,30.603293181513923,81.38560992178544,0,3
9453,77.82412532573231,34.363722519502566,28.84948545194796,1,3
9454,203.5001489127572,20.34728244271061,55.48858829632165,1,4
9455,180.51128539667093,22.93304069866282,99.83463470145382,0,4
9456,50.14406249793289,18.63003650043607,75.14246785635763,0,2
9457,265.35028897954766,22.919961655616667,74.74385781091908,0,4
9458,203.99282104832096,29.77190295875396,45.42968802818744,1,4
9459,108.7728747507025,40.00888798371889,27.51104833769464,0,3
9460,205.087406997345,31.011702450610905,95.95955001888166,0,4
9461,33.79592603034478,22.33390794693288,28.437712237487503,0,1
9462,140.47683737221683,16.33863224672184,99.41650484834652,1,4
9463,50.69532286786779,33.65909507721014,30.06247779375485,1,2
9464,12.429373838530989,27.60479692099944,33.672587882074225,0,1
9465,101.49788108648993,44.5306160045121,44.66935640400257,1,3
9466,45.22064504423498,38.39279656235079,60.990015479163056,1,2
9467,190.05538708614745,39.25088457820108,83.23213216886127,1,4
9468,202.2203682053131,15.367050686411904,97.68066415478712,1,4
9469,44.607691867981,38.33385998712171,48.7059904765946,1,2
9470,7.383901681027883,20.838399320264784,21.63304745801274,1,0
9471,237.84316849054807,32.57387616864918,69.33436183966427,0,4
9472,0.617106218568686,28.42264716947156,76.86318889990157,1,0
9473,103.17392675513662,32.1481155173304,51.79553724285333,0,3
9474,148.37498941370094,19.003305882689887,34.67808391811387,0,4
9475,245.59265656152985,28.70675044233439,44.481247579042986,0,4
9476,251.5675928238422,16.108340578549893,72.46397674559304,1,4
9477,217.48183218313665,16.229980444788925,59.53462958143746,1,4
9478,74.15928676196935,34.7321439232221,79.47392229218032,1,3
9479,216.05608029575123,43.5509512041654,37.45361956186514,1,4
9480,73.9617593630825,38.321787561143495,87.3588494642973,0,3
9481,64.3824575195105,29.07467341712931,32.47079345573795,0,2
9482,164.13838626915972,16.676122202771186,46.39323431299552,1,4
9483,203.6563331502188,16.350604483713127,67.29661038841769,1,4
9484,15.915529773504176,19.736767833241743,78.94905533219756,1,1
9485,18.006780337382533,44.2743151180208,41.294517696321805,1,1
9486,235.25120604503692,26.959831993234893,95.84957883854727,1,4
9487,257.84917528964394,40.30221875617936,76.488902655754,1,4
9488,181.3322749025682,36.15427316845791,37.41400254071298,1,4
9489,128.6484029120658,33.16285977648199,78.06124285028562,0,4
9490,253.59494387975576,43.434783349612246,75.7066955774313,1,4
9491,218.64510983259905,21.912347118570658,80.21472574492472,0,4
9492,173.8782595293806,28.64668987407461,93.27045797811488,1,4
9493,95.927136584629,40.94168897023786,76.93737483033594,1,3
9494,59.39851849704488,31.552839229267317,48.152823430728574,0,2
9495,125.6019117814547,22.39335418878333,83.24139821973637,1,4
9496,86.04677278806346,21.267492505268304,75.66894062418342,1,3
9497,101.77757632033828,37.58643003126903,65.94073486868623,1,3
9498,154.68931659360973,15.383666827562662,48.30663146641807,1,4
9499,50.728187085482936,42.42576232208649,93.68393411266236,1,2
9500,241.85300402214764,15.55253964345609,61.02037942019558,1,4
9501,43.65883851443023,33.92967140642112,70.2482701629788,0,2
9502,144.2980918262857,33.14243884326022,53.22904704218196,0,4
9503,223.79140142413095,32.35233453164344,82.46522470518289,1,4
9504,145.5062123068789,29.230291526002667,47.28316051096846,0,4
9505,108.30661907659164,40.57290998065834,84.85075132071609,1,3
9506,142.46739174682529,34.779986108714525,28.63531429372646,1,4
9507,254.60120966224216,38.4558684449818,76.71695152996709,0,4
9508,297.12950948518727,18.465654179375694,58.15057193848588,1,4
9509,189.34298678683064,16.496959123723272,75.90028503375265,1,4
9510,238.03321279461025,15.85585526789336,62.51165144373344,0,4
9511,4.3466058477866,19.41617956420778,30.74450621628816,1,0
9512,264.1093228573718,35.01023670763247,58.159323404034026,0,4
9513,286.21492797837544,29.820652672235124,97.16471765317507,1,4
9514,172.55080252727114,37.56756768486213,80.38724809894308,1,4
9515,226.14145861806597,20.751910102263224,44.01514256171577,1,4
9516,153.82342288802246,26.008891259113845,95.52913183254763,0,4
9517,85.86112213667691,41.65492645648635,82.3157021751286,0,3
9518,255.67439159490385,43.071436380856,49.1557696862527,0,4
9519,179.05101359878253,42.65187464967515,68.28591726209481,1,4
9520,173.8149251374221,39.54915132602288,54.13484832291117,1,4
9521,197.73966115236192,35.647076357936754,27.73523151135709,0,4
9522,256.8009497486545,42.41033682082392,84.48235250894592,0,4
9523,219.5718377312893,36.42544775497917,35.286250010201734,1,4
9524,63.33725826472357,43.618087461764816,56.6430636927236,0,2
9525,140.04706332219587,15.743649961106652,76.21104967108624,0,4
9526,294.08949959586187,42.64926257683732,94.57709510614932,1,4
9527,166.3682141288324,31.672216084181244,25.018087235765016,1,4
9528,281.4736060412396,18.35393255461375,51.458684542723006,0,4
9529,244.0108458939168,21.44733809211884,69.17181799090842,0,4
9530,199.80703254262764,40.56477851744741,82.34474443615562,1,4
9531,104.80956079792657,30.18350864539548,93.67449408804008,0,3
9532,91.2958042576317,44.4845317048571,20.03978520424985,1,3
9533,193.0263195892764,18.52593328514913,70.22107061590219,0,4
9534,129.76837225392325,27.37510391700388,20.55495401557306,1,4
9535,239.6260868450181,24.9562332924228,82.98042300326374,0,4
9536,228.1370218620588,30.484063081947653,31.973327761149708,0,4
9537,93.63914602155428,34.00313456609155,91.56965114756208,1,3
9538,210.8186349185286,34.84888408144963,32.409938859683095,1,4
9539,148.36505702915522,15.03887639735334,81.14631855300641,0,4
9540,96.98763024419912,17.66881301344704,43.14431422511613,1,3
9541,123.889977829392,16.051915009678556,64.58031054642032,1,3
9542,268.60556016367855,40.93797439194832,68.67473880837058,0,4
9543,107.85530763676216,24.398767594789668,36.54085189177094,1,3
9544,86.21978199583741,26.01190325629093,43.895750682084376,1,3
9545,105.54216621304134,28.51113746840078,28.60062259497532,1,3
9546,64.38553086260751,40.47913191760728,20.42312043016657,0,2
9547,163.3904962188986,15.424987828864047,39.15744308128505,1,4
9548,44.23093089675967,18.558548231395516,61.28018846712297,1,2
9549,245.2331359310749,35.55489366422701,77.08778075399852,0,4
9550,67.67407417368783,43.91677568122791,83.48477000735454,0,3
9551,179.4165082618937,34.28359263891023,25.581276858931368,0,4
9552,37.50764967596807,22.83370405402569,41.79303092391131,0,2
9553,293.53594446429787,30.59593286359852,81.61791829933316,1,4
9554,136.37263766809414,44.24941426744303,58.46950999343272,0,4
9555,246.65140222764435,30.842296397033728,34.57495898612414,0,4
9556,230.59435069499511,26.205228891846076,51.37712063171929,1,4
9557,214.10791414370365,26.502766645161607,41.60273527199648,1,4
9558,248.2094613613829,44.01100525775192,24.052280420337667,0,4
9559,30.13908259791175,36.567495801951175,81.09017164784547,1,1
9560,203.54915924158863,35.61518566866142,43.33549287361269,1,4
9561,79.74817058213435,21.961629650722404,95.61050623464476,1,3
9562,235.7614992199769,31.78453913290723,91.05000323568149,1,4
9563,287.0606279543666,25.702355955669404,77.30219841869663,1,4
9564,270.4468589528087,22.20604577561849,46.13075097810472,1,4
9565,34.48566674209983,41.866568580423134,42.39388421448402,1,1
9566,110.8657262018463,26.494674262878405,58.02171841267211,1,3
9567,109.29682715927991,23.48361487414193,48.36820002621127,0,3
9568,36.68887990785918,42.951611898251045,92.0926659220368,1,2
9569,29.437816004048237,20.920391893683764,29.879611142498767,0,1
9570,115.4670404907545,37.36514354149568,77.9574060492034,1,3
9571,297.6214651489534,34.582414333927886,68.87174354606861,0,4
9572,170.68279531988256,42.61453285116856,84.50409530690942,0,4
9573,186.5344885812769,39.96141412701834,63.39898614001653,0,4
9574,141.30567300560472,36.15885653818924,70.36325420923815,0,4
9575,198.69916569120684,24.437149820912868,97.01925055731805,1,4
9576,286.99862422343085,29.86707033811648,27.356924215932928,0,4
9577,176.60938608431755,43.33487284041539,28.389252705365067,1,4
9578,19.51153791635798,15.696078917444806,51.488614778231806,0,1
9579,147.8671707504596,38.82995471460117,57.81862347207942,0,4
9580,297.82538197558534,22.55431051361638,35.98976336501301,0,4
9581,116.22081617827898,20.550508298813757,26.61342375862951,0,3
9582,178.16437116434165,21.966738432669587,21.774100525132773,1,4
9583,31.9910290286451,16.792529744905416,81.1673800356671,1,1
9584,42.35414962097007,44.75939472858504,58.80459149310602,1,2
9585,262.4044359461888,41.09607429675435,87.47227438665352,1,4
9586,90.10338847548344,30.63167905896682,48.86697880308567,1,3
9587,91.6353820063779,36.45309535671276,76.275690402238,0,3
9588,116.16389880069843,31.69786088770523,59.08164178905284,1,3
9589,289.94360187135675,39.34736833352497,68.96559988905523,1,4
9590,25.31714881106293,40.342955746710345,49.61574728968923,1,1
9591,245.62923076540048,21.98371284459604,26.493581635787255,0,4
9592,102.46736293979592,28.79243311950737,95.78988657691804,1,3
9593,254.84040779564248,34.045432025687134,86.88718823348914,0,4
9594,297.5266948513627,44.35322491824825,44.95134185239792,0,4
9595,104.60022306352435,35.480681372884945,96.69623484351553,1,3
9596,38.80690986370657,41.92905032232472,44.03909851320928,0,2
9597,43.31264939487848,40.38336152961263,55.43920161734962,1,2
9598,227.6222672847558,32.461891910356925,80.41085285511016,1,4
9599,43.47646570144096,41.809660801856666,44.72033986659043,0,2
9600,78.12647056039098,26.322651834757032,45.96063829085847,1,3
9601,61.319503098623926,26.378505913449345,52.80657270181336,1,2
9602,106.70356920929476,38.42896929728007,57.471148768213126,0,3
9603,22.30997254490624,19.03630996905033,29.88929934507421,0,1
9604,257.02274472217744,24.17475652375257,21.399332641551432,0,4
9605,258.0438935402981,33.25717352620027,93.53257542840431,0,4
9606,123.87986954480694,27.60196796600846,48.25509056183945,0,3
9607,183.62627070704255,43.22171129664686,28.135088124122987,0,4
9608,192.5854712712914,43.755182088574095,80.7337121712035,1,4
9609,224.77743460377863,30.07743926441368,43.60485367983127,0,4
9610,156.20702626321534,31.17185671097044,34.533125936115766,1,4
9611,153.1008136325058,36.73881275471314,97.0088826288533,0,4
9612,189.39113319846325,28.717947757025208,93.64343131632876,1,4
9613,210.91451870096327,20.702954038214305,28.45966863495921,1,4
9614,104.00711310877551,37.40907505868792,91.94281678572436,0,3
9615,99.11114198064452,37.13357668058995,91.269402080262,1,3
9616,80.91552122877276,22.349433101753384,70.7499642334781,0,3
9617,164.65396659382455,39.98749559343023,62.37904007121451,0,4
9618,108.04670686673172,33.409475892604824,37.395081424104674,1,3
9619,162.09398031228957,22.089048309460964,29.710742032469515,1,4
9620,121.79542974807649,34.56117432506113,68.5095240768025,1,3
9621,251.02025476579823,22.008285788716822,85.75658053783141,0,4
9622,21.93907192363822,22.956988622400534,75.09150836340436,0,1
9623,171.66317808140238,40.44027920409468,34.464033893388475,1,4
9624,172.68712517615933,42.88474707719457,43.2014912201368,1,4
9625,115.11519316160997,22.706479750746333,63.71340697516155,0,3
9626,126.30626836894297,42.84153111255557,69.99940140347698,0,4
9627,240.03940826487857,22.163965395070605,25.78020900058845,0,4
9628,84.20211307810045,18.518020966277568,69.12413105957432,1,3
9629,261.42113742784886,16.746716342137834,78.90555158908981,0,4
9630,268.902991240408,22.263397224979,34.50862788862607,0,4
9631,195.1857913206588,26.55739622031706,39.697497204245,1,4
9632,231.85731411242952,42.82645140327914,40.71172721429714,0,4
9633,183.88425850634653,22.26473999118086,95.18482020606838,0,4
9634,157.57773412397748,25.9639603485268,52.56128966303916,1,4
9635,290.0033262750689,37.024676242307166,62.445716510765294,0,4
9636,84.79648926823926,24.062222639618447,77.94514797736193,1,3
9637,46.24528399293364,35.53104455038742,49.71682107095755,0,2
9638,86.24560894275459,27.962334577455074,28.4444437555484,1,3
9639,184.38768251383357,20.893348579775168,72.34574965749765,1,4
9640,55.55503143034311,37.02176702907408,73.38185332589805,0,2
9641,272.64421296789425,15.811165000700525,40.84382520009712,0,4
9642,123.3073201996178,23.770044752189367,22.818312788057742,0,3
9643,254.98886348755303,25.68544617505136,73.22825233963012,1,4
9644,74.77096335864502,28.74654764962908,76.27404419585777,1,3
9645,93.95050652482426,35.39607695928418,22.08519140582117,1,3
9646,17.767019151748976,28.782149825581108,75.45466147649742,0,1
9647,77.33030765567219,32.829723368586485,95.1142855252858,1,3
9648,147.0941456889904,32.87337235253452,34.30282264112839,0,4
9649,283.8410753169727,26.19814949688023,61.70590036815567,0,4
9650,116.67089216744944,43.01913797264096,75.74211637666943,1,3
9651,191.92316384500376,43.67561492629328,38.40635216930942,1,4
9652,128.3130352406364,32.45552652283398,80.12391133300378,1,4
9653,14.03755523038237,17.15072640886296,89.44707437104682,0,1
9654,151.0597877690108,29.733826927678077,85.16407686158661,0,4
9655,19.774094011176256,20.532579803820216,40.71191324754811,0,1
9656,265.1099773792608,29.49643565618711,84.337315266807,0,4
9657,225.9110885852742,20.65449463495625,53.0674595521907,1,4
9658,113.59544137570984,36.11565736946653,41.31707398577967,0,3
9659,192.06559985738693,17.412873601990274,33.43771737399415,0,4
9660,33.60844659399963,43.59912229187772,92.71851540053495,0,1
9661,210.7664960887953,20.861276683000582,54.15180332133022,0,4
9662,246.81972269744085,34.81969008147736,89.25849495062454,1,4
9663,246.5236945614704,42.50887052188468,32.76359911438344,0,4
9664,85.28326430719675,22.436589419521876,81.35947729224951,1,3
9665,79.12385858304799,43.0289069711139,28.801067823191172,0,3
9666,156.41930637080355,26.66023996980818,21.40519568639542,0,4
9667,290.3316485789545,43.8159245175777,99.60394461811303,1,4
9668,276.1568932818256,44.140915744035766,25.88298666055928,1,4
9669,107.89154452679452,20.642397152077194,56.923236165026765,1,3
9670,233.94885185491324,39.93262010793163,90.27083063441049,0,4
9671,276.39532922743723,20.80263038500651,85.55036384526055,0,4
9672,78.2779397152815,21.793218609932445,57.69405703644865,0,3
9673,249.08869488088197,17.523795120701948,68.8678805338759,0,4
9674,80.36868807275297,19.696108394945337,70.37649213302555,1,3
9675,102.9846377661632,33.96656904741324,28.78599864085245,0,3
9676,59.64620725522624,28.47758190155359,42.79232754717171,1,2
9677,152.12393972181405,38.728327115065056,44.078652894487725,1,4
9678,252.99326827837237,24.959904444798664,50.25025204277348,0,4
9679,158.41564123065368,44.05873701903177,41.91340281167783,1,4
9680,37.03200290792926,16.49617622458124,40.11987691690581,0,2
9681,75.532779668151,16.888078632073245,48.38284101747725,1,3
9682,168.85856018440168,36.04124696454409,50.33812063225455,1,4
9683,174.95623667116806,41.62616654918579,58.9779245406929,1,4
9684,173.07177106346094,38.86500574902448,33.882832171863164,0,4
9685,23.10104775186479,29.69451263600741,83.06693308151758,0,1
9686,226.10876779042627,23.0892408391506,88.8534160296512,0,4
9687,272.828459696702,15.403545879141449,39.85319067924654,1,4
9688,153.15568431896995,30.283543617593267,29.864058169433207,1,4
9689,215.64878603155887,29.269085919278297,77.78495850107561,1,4
9690,274.20464761096537,25.3273769841072,93.93960981783476,1,4
9691,192.7868264844048,32.34218363917455,22.811867133836856,1,4
9692,202.29771732931533,36.8644409214382,21.154878322745656,1,4
9693,216.4213240151864,36.02664708684728,34.67403691074693,0,4
9694,78.15073543621955,22.897585253526465,74.78339882463493,1,3
9695,174.8033624150482,32.559110658437795,97.18248062647132,0,4
9696,252.65253436333688,19.46323435751995,80.0304764127461,1,4
9697,88.8488190782252,18.64805531665064,65.84260802922091,0,3
9698,269.1511498790581,38.57567508777353,76.04395143004382,0,4
9699,186.1145849296896,35.81237706286608,38.45586490337514,1,4
9700,126.95245542991688,38.03786701894886,75.08415584520964,1,4
9701,186.95488842008788,19.573868226126628,45.7155962782914,0,4
9702,120.55797170672292,42.4385576811138,37.79377062661426,0,3
9703,251.4106805544524,18.99334839667076,38.92447988098414,0,4
9704,144.69557402027914,41.10110904593186,73.4230201484917,1,4
9705,270.364007926301,25.571378739177938,81.37805777602335,1,4
9706,152.94242425434794,18.16302279102418,66.54416884468375,1,4
9707,198.11051689121612,23.603068816965777,25.108420911404707,0,4
9708,299.3233263020552,20.44344042641649,23.04074669643696,1,4
9709,44.089752302562346,29.720091560751424,37.37334800625366,1,2
9710,221.0187446200217,43.49236044119306,42.91749619391881,0,4
9711,41.66166837478007,24.83613484747556,52.38559142729477,1,2
9712,251.65990972931883,33.36296957046341,26.082246189552265,1,4
9713,178.9360143486035,41.751626272198905,78.01270127538602,0,4
9714,281.4478681819378,33.90221789088696,76.91985269707934,1,4
9715,259.7869805834605,25.86597422609293,47.73420749261119,0,4
9716,22.461611240647027,44.72517381527638,65.04020194947284,1,1
9717,41.19076250365828,20.62240804321601,28.073275549511443,1,2
9718,180.3512785820476,30.69768044686524,53.21749142400847,0,4
9719,155.49439198262246,38.90116496210392,88.60518059840446,0,4
9720,50.569539184033374,15.01946608731673,72.84979704972781,0,2
9721,38.80776848149494,36.06129756427311,28.315502053910464,0,2
9722,169.19723503248397,22.99496690117816,87.80624249738838,1,4
9723,14.676464392499843,20.09180168075632,74.45569835352396,1,1
9724,262.1205908860317,23.225833901048745,56.24450352687389,1,4
9725,242.12487594078613,44.004492775193526,75.36728312105177,0,4
9726,235.6109915133268,41.758057777190565,33.825620434425545,1,4
9727,4.79914411222232,21.41263369391108,64.03891762180389,0,0
9728,14.292283023821383,18.510803193553336,69.43416028524221,0,1
9729,164.9517363452186,25.92457813543403,94.21958583544912,1,4
9730,298.3277066682533,32.770094403002204,25.351336864131294,1,4
9731,102.69486029140552,41.014338857433614,49.98261714086791,1,3
9732,103.3124449216032,43.98270375120234,94.94517679447468,1,3
9733,40.283390058595,37.53460104519296,37.37768441028746,1,2
9734,202.3007411218504,32.970216381049674,85.05602626581309,1,4
9735,194.0030066982017,19.269960783930507,20.128442796759664,1,4
9736,30.39672491374772,17.22085129119933,22.070725587798847,0,1
9737,140.2236861205053,32.88080635587603,46.20983082024938,0,4
9738,200.12247264659229,31.17192317300781,81.48029686642181,1,4
9739,148.0548408965781,40.38264323202306,28.331477538808727,0,4
9740,202.30907455942665,24.67817552565312,50.62829149024943,1,4
9741,244.8811192294469,16.190725720494303,30.517453498359632,1,4
9742,205.7446299365303,27.711248072731,37.88748555531265,0,4
9743,184.8342707491572,44.075469118132176,60.23953537028782,1,4
9744,256.07707708334794,38.86724714809569,45.53109935673695,0,4
9745,270.17657036093647,16.013165209268195,36.95301167840661,1,4
9746,116.66593115274124,41.24036711694527,51.4797584869542,0,3
9747,51.97496631716578,29.15068468863952,76.08439714189048,0,2
9748,245.3581212024152,25.943040954538677,29.553448528079077,1,4
9749,64.12593218984495,25.40218622408375,58.36755562886062,0,2
9750,278.68520092472573,32.854327591165934,41.97757668911517,1,4
9751,6.863383566571035,30.91798255322288,50.28966988319653,1,0
9752,276.3813547857911,34.69881732504789,85.72441431265544,1,4
9753,176.75489778361882,32.2092439512014,94.37839837635428,1,4
9754,232.4226349538644,19.31833724525156,39.43823240967678,0,4
9755,119.54777611932134,22.717080262749548,70.39767654635921,0,3
9756,297.514887572664,40.23088716305502,74.1341823893738,0,4
9757,68.26542826988712,34.8977554408689,87.39887991859462,1,3
9758,79.30309879145243,28.45201876244224,91.92339748009574,0,3
9759,15.42973321124188,20.47804295501596,57.43934380272208,0,1
9760,282.1420089184315,15.230731079319357,98.60605161988002,0,4
9761,136.80879107960283,24.356622095658544,97.66631788776505,0,4
9762,202.45572441580475,16.645408707800062,60.51743766707751,0,4
9763,206.2322182388522,29.46852399262365,63.36256965175074,0,4
9764,262.35062768480327,39.654043582746255,73.4199871640719,1,4
9765,199.4775751939228,23.56195984146892,49.90529153758349,0,4
9766,168.60635469125614,40.432624846651485,72.96351311282488,0,4
9767,213.09555725731303,36.13693188259768,61.142831492376686,1,4
9768,225.29123970093795,18.757869880645963,22.834941262179136,0,4
9769,55.77838387454459,34.3368567380875,88.21831493414008,1,2
9770,32.9001116930259,19.550394219166296,95.23566409256068,0,1
9771,22.454655145668934,34.64372760824756,22.09832628375967,1,1
9772,112.216048356761,19.281434541843183,83.1409455045828,1,3
9773,149.40007195132355,26.77534098046698,50.86506087528218,0,4
9774,184.69496948695823,31.99782810714581,66.85054400231394,1,4
9775,287.410355906883,16.511225142718253,59.99959575685726,1,4
9776,99.23634606210187,19.599250345635824,64.10485206664376,0,3
9777,228.26221562318236,24.612264751567395,59.61490438064676,0,4
9778,159.40728587846547,28.86960257315584,88.27002971903005,1,4
9779,66.02697962607506,40.75461881764304,74.6805347756249,0,3
9780,184.5916287386277,20.618192650619463,53.0109804436662,0,4
9781,290.15285348691106,25.42412851507577,75.08548649204391,1,4
9782,37.29248977538172,29.273287088405414,97.20382552671052,1,2
9783,152.1839293647687,23.873356679681063,26.42466096427461,0,4
9784,15.482506245158469,33.77243336162613,51.04719772464457,0,1
9785,96.36488966890867,22.698073043279106,89.63632258590367,1,3
9786,186.18080327819737,38.1705126333973,79.12440886491787,1,4
9787,252.3170808092264,30.1546228455355,94.79431115586812,0,4
9788,219.0985265178213,17.589146503833305,23.18479100985914,1,4
9789,138.85703346464217,33.809966856958724,89.02204873702297,1,4
9790,272.766827131244,32.07730511396272,83.34390159638974,1,4
9791,90.8143995071312,25.15792062620018,85.20312128658982,0,3
9792,226.1950230675499,15.33471235167064,67.78101824897206,1,4
9793,142.20270652429875,21.021046265231178,24.15336280964846,0,4
9794,269.5907264018327,27.171285866470576,63.13039431606691,0,4
9795,239.2298464961281,20.99742101379892,52.62009095918936,1,4
9796,270.44089839212853,32.32473362819033,62.1633402121476,1,4
9797,64.27435468262202,36.3697468177877,79.22367788970736,1,2
9798,200.4451296348624,40.68052970252506,67.67685076094087,1,4
9799,221.539022424492,34.40947856051246,43.40503118874322,1,4
9800,222.7242795847781,35.67027663764438,67.96058744563372,0,4
9801,151.20013514020127,33.25325595691574,26.651075446481947,1,4
9802,3.375156704385762,44.56458172838112,20.429279297385587,1,0
9803,78.42923516072247,22.830017072397247,52.12224218340385,0,3
9804,96.99026250131432,22.987760415382752,80.57490888725884,1,3
9805,255.6109851845285,18.79000924265579,85.81073847910707,1,4
9806,252.26574513126607,29.57052977608597,63.98714506459963,0,4
9807,31.40403121133498,17.884851108927656,89.44055090200841,0,1
9808,284.9507645313773,23.104397906943117,30.07318804502221,1,4
9809,54.737245995447296,29.48042786314175,97.12846842413926,0,2
9810,124.30783539027634,43.72786847790052,93.74082692062552,1,3
9811,64.54708983322662,43.91438981520502,67.93898003982208,1,3
9812,258.09974064880726,37.31220702409667,24.69776992274424,0,4
9813,224.8206095577936,26.677504847270548,56.33622902470453,1,4
9814,106.0586420663412,40.95483820129638,34.34183688979891,0,3
9815,204.56358780781665,41.26367405722921,70.27402147285402,0,4
9816,55.3100652514627,42.30592142389657,35.19721557522229,1,2
9817,114.68912771280048,34.200751446456394,58.54381283393055,1,3
9818,113.13227650143246,21.053783868236412,36.4501541488152,0,3
9819,71.38100451641934,17.732423183120453,34.5476104263215,0,3
9820,262.8936148748648,42.4432651212039,39.833886075363374,0,4
9821,203.65372064373787,16.666383243648088,22.335716441279445,0,4
9822,83.98179316913979,23.876701783139843,77.28919419038925,0,3
9823,72.6362281887112,29.608853011132112,44.538110108005576,1,3
9824,5.386041299771716,15.659300786204277,75.84864431507043,0,0
9825,103.9746761377064,42.20736776034732,72.27825747474776,0,3
9826,158.03138499459547,23.61362984616705,25.28901268985493,0,4
9827,83.31328257251293,15.855143967617256,44.96278064986672,1,3
9828,210.137482928931,44.80769991679556,65.34884266465022,0,4
9829,123.52485870337988,24.341795424525458,93.47209551916866,1,3
9830,94.89535110320035,41.30294722456118,52.105576835880186,0,3
9831,281.71729763709936,28.604233617626427,60.38332361723314,0,4
9832,78.84026318644172,34.893777031649975,80.01270428002805,1,3
9833,119.4772860289969,22.23270448612064,84.26363790522903,0,3
9834,114.68723655623158,30.08625980931066,93.8672402949409,1,3
9835,72.35950370137449,22.729535772750808,59.77515498756582,1,3
9836,65.24302194312502,43.53251643795311,35.507034360149234,1,3
9837,90.71400564402109,16.82836237248739,81.15369838408483,0,3
9838,259.2708509793543,23.24021782514542,30.0460211684296,1,4
9839,230.12486616878715,41.79326629649636,53.467384973808834,1,4
9840,204.2998542480157,29.40107872521851,70.25704398816136,0,4
9841,137.13089779274804,33.0025233571251,75.34849491496591,0,4
9842,152.32619538978105,34.55080114486928,78.64221737727416,0,4
9843,80.1416536480381,17.1278253532069,35.48259132323351,0,3
9844,22.29477415077529,15.532162227257553,98.53193610976406,0,1
9845,99.31216701614468,43.1352315513392,34.2734861295168,0,3
9846,148.67512679770985,23.14508535890642,27.68587242049733,1,4
9847,17.193913955799733,26.409393313065863,73.1240321543092,0,1
9848,26.46999061713193,35.46279512170649,92.79999998852688,1,1
9849,78.90756986537018,22.08911631218164,64.75069731994901,1,3
9850,110.12411207782849,36.992141105025546,67.63859476117915,0,3
9851,117.99504333561156,28.7472654648981,63.07877983474552,1,3
9852,35.36581988640154,40.698294158621735,23.41985552743114,1,1
9853,67.74640636043664,23.35621907296447,74.50492579946898,0,3
9854,78.49417561908261,21.11467441389896,48.65592964347786,0,3
9855,20.290462860373857,39.950650616246165,94.8539036250762,0,1
9856,97.82991017690918,24.78978194978501,34.943203803889105,1,3
9857,21.666471826652167,27.35605938001515,44.16926253730245,1,1
9858,211.03735293290103,38.8112349806398,60.38837991056376,0,4
9859,115.81432996719312,34.06729612123725,58.18840348952073,0,3
9860,98.0257168135124,28.251776712968077,52.02437933435634,1,3
9861,37.95665145108207,22.49671526713674,45.152235014983056,1,2
9862,67.95109663346875,37.926029065552925,31.774778927934683,0,3
9863,69.81156268173709,20.41293103470171,85.67374982988845,1,3
9864,295.5612644619909,42.84838801759284,55.901582981774766,1,4
9865,250.604813852548,19.50948207368992,65.83652472792467,1,4
9866,4.578687490029488,39.14801075841888,63.72422909086144,1,0
9867,185.05097723054396,27.72746600184401,66.03911573185631,0,4
9868,76.77302892657713,20.58018698800536,76.38722974757468,1,3
9869,31.31307864587528,27.071368147103136,70.35047960321899,1,1
9870,211.6799289359264,21.646554485998006,41.91223339188517,1,4
9871,39.48166484050477,19.07980952507542,64.29679408260884,1,2
9872,133.1222338589207,22.174661967916755,39.56103244327569,1,4
9873,189.6495494519773,41.02195417614758,67.10691679265081,0,4
9874,166.3484268464966,18.178271624394725,54.554769616194505,0,4
9875,293.2887294908229,44.17618763303672,23.153470263727264,1,4
9876,235.7227839367568,15.149953610630304,78.71885498946405,0,4
9877,232.2580128382469,34.74714463173729,41.9733134189596,1,4
9878,106.67861822430936,40.69535954514258,93.61554841070534,1,3
9879,2.5186476252425094,43.018729443802926,42.44457933294693,1,0
9880,220.3232789012065,19.31956780370264,99.72981945081372,1,4
9881,299.9196252887017,35.9462548935702,57.03609342456983,0,4
9882,121.76373232308468,18.22047648466942,22.11258556712425,1,3
9883,295.65554968713525,25.57834481623301,26.101518546920992,1,4
9884,42.51243286030393,36.95779072520981,26.567041258445517,0,2
9885,88.95370549101523,25.37919678489201,24.49715368054357,1,3
9886,51.2180795227412,24.40124184843204,41.423151973646384,1,2
9887,142.55279187804473,18.481638564072245,45.96710633199871,1,4
9888,239.09442045216613,16.99314282984264,28.90286912804085,0,4
9889,102.19850746138616,18.458339738452715,55.05051878411092,1,3
9890,271.8686811455614,41.264243248356735,49.22806573474036,0,4
9891,163.44912399893553,15.335955761427758,70.90591966562388,1,4
9892,139.62732412256318,35.78597608605867,35.669164760145094,0,4
9893,236.1107526585829,38.058726896648935,93.1188392173872,1,4
9894,30.43304911253537,32.03664912382287,61.27926230462106,0,1
9895,232.1257413632024,36.92326083549446,69.89864315862539,0,4
9896,72.88560005184802,34.56809007075301,23.161627072033863,0,3
9897,84.24376415497127,28.66675467284078,64.72709590938814,1,3
9898,179.83613199602397,26.48131283628801,49.448016360932,1,4
9899,270.5803275138616,43.23995965215521,93.93376390522629,0,4
9900,173.52208493125946,44.158139777114044,90.85146524382851,0,4
9901,194.6848046383461,34.53814210875089,71.01189600173736,1,4
9902,232.97837688158225,20.918965196954154,81.42810806445935,1,4
9903,77.79742769774603,28.436974873133625,71.56745256927542,1,3
9904,248.17010184124277,29.89612470247821,21.357448928594955,0,4
9905,125.38804472014492,37.73910157381985,76.25012357385341,0,4
9906,52.69670804734875,35.03331393966958,34.16726110749558,0,2
9907,105.03542383833748,30.444432882836853,74.60567639761757,0,3
9908,73.8393335154676,35.410936733614705,20.840542738413667,0,3
9909,68.61408154069376,15.72170540201322,44.87254467139267,1,3
9910,84.76895961574984,38.29905965653092,61.3542383259346,1,3
9911,54.279244422626846,21.348967020208327,46.65364802886226,1,2
9912,200.31052712479288,34.692274186834474,75.51898016240519,0,4
9913,173.99752711053517,18.419197564110277,61.81676310003567,0,4
9914,194.5325678950285,18.433825077741044,96.77339047693482,0,4
9915,103.11741714844813,16.06972931510106,48.62499388087229,1,3
9916,230.9200207722133,42.30698430460535,77.74874652406271,1,4
9917,38.88262228624942,33.13676273075436,86.8673331537594,0,2
9918,171.34101283840806,25.85885808687445,40.28942296875803,1,4
9919,82.63589167394217,38.63333223057926,80.33051806359364,0,3
9920,158.2829702092834,33.78246601873997,51.46511999863961,1,4
9921,97.09115257207176,33.60241553738821,30.298172130659715,0,3
9922,237.15352952738857,29.6112838308902,20.291766194601067,0,4
9923,267.3815516514284,15.23780336004626,79.50060421097,0,4
9924,222.77436701148935,22.7538751927482,34.89952631027502,1,4
9925,52.67511385477404,18.27230083800249,24.095490736826044,1,2
9926,82.4600695165087,34.87229557058328,59.776727003171295,0,3
9927,275.8074196555248,22.45862465360993,47.735842770353294,1,4
9928,131.16603829746035,28.50499992153621,75.3445363581373,1,4
9929,282.35412280478005,25.602908948696488,28.58914363127002,1,4
9930,117.73550665868004,19.29596213776092,30.612253570415795,0,3
9931,285.5323981771991,43.75110698648157,52.32861666404808,0,4
9932,277.7216963199993,43.00257934881648,61.63265372551352,0,4
9933,198.15806699598488,17.53824558109922,85.93551349772981,1,4
9934,2.648114538450852,39.82096060583989,66.85001527479515,1,0
9935,120.10040459278108,29.651210481491194,92.20779561167856,1,3
9936,273.3705389086787,38.21207653742554,37.4214268910687,1,4
9937,265.5330867324344,19.53471392741301,67.69756127987074,1,4
9938,56.2163400288341,18.96822413332631,72.41907278340786,1,2
9939,119.7547487907308,41.722725026856125,78.06440413722565,0,3
9940,250.6529783638415,41.93458475523183,99.09205585829298,1,4
9941,173.3633559750163,28.977364882608263,57.44270579296749,1,4
9942,254.18977003386016,41.10473392844694,49.54556638903156,1,4
9943,247.9702153345689,35.02376854510891,88.17653401230623,1,4
9944,272.24460208574493,20.55029227832976,34.14327240682524,0,4
9945,35.16617645837451,24.868627940464464,22.96224778238182,1,1
9946,43.5645424360547,19.081819515260097,55.487124282506656,1,2
9947,24.842708690715757,38.21846006792799,39.77646836292817,0,1
9948,280.58065232862947,44.55752174087249,51.72203210040726,0,4
9949,142.54871531336795,31.391349796980347,98.88666491570568,0,4
9950,19.297585044734443,34.67593242344678,47.87905841754019,1,1
9951,96.45897075421236,37.3827770440091,76.63725667147042,1,3
9952,105.42379233899004,21.72777307291471,40.0321607800372,1,3
9953,242.8679470430272,25.080037429003028,44.273835501294045,1,4
9954,220.64306765127688,27.36963633972704,39.45241547682062,0,4
9955,206.8161148687707,32.83764936436417,65.77286961806008,1,4
9956,6.55906577741362,40.51477734446327,38.08868689571469,0,0
9957,273.20873892791366,22.626106337697184,77.46912821294123,1,4
9958,64.66658007472248,29.12666402183367,74.4219358828611,0,3
9959,188.71842140780333,37.54601733614135,53.70157407915223,1,4
9960,18.54571290342575,17.621549985138728,22.04616168302444,0,1
9961,24.45782756161635,30.386803749785354,21.81209057810945,0,1
9962,2.8731888390366445,19.33139110097175,62.62454536871466,0,0
9963,169.77829336359918,31.17446690182048,87.13590628453522,0,4
9964,188.8139008850714,38.0346828394631,67.90989371007917,0,4
9965,15.138690969968629,22.108422331348194,54.85203692680594,0,1
9966,87.14546542921167,40.48435336454115,90.5695066785994,1,3
9967,255.43632425340505,25.0441233024525,35.75963592214224,1,4
9968,30.392510046874232,20.723545906733104,48.75395434530429,1,1
9969,64.96414936599936,28.95970185212556,65.22475614964907,0,3
9970,127.31736254172812,41.28225246315616,43.33355753187089,0,4
9971,252.6822307899348,17.067991835223086,99.81699854879852,0,4
9972,76.45471634256127,24.82714398649936,56.1856733548196,1,3
9973,299.14110460900264,34.594895069073395,24.137777867292165,1,4
9974,106.57854394155852,25.727426060867565,34.086673500193726,0,3
9975,115.93459754508692,17.124719841978468,62.5984694619747,0,3
9976,36.6318612692383,24.959969063414214,64.00449597484874,1,2
9977,204.05937025695923,39.628781584095904,98.73154137557556,0,4
9978,73.03955483534448,44.04112567515078,67.99731347410149,0,3
9979,188.6602785885139,16.19337592193155,73.33018562873741,1,4
9980,66.94731852087797,32.07851452905208,37.09782159473615,0,3
9981,116.36168016794038,18.159102990805444,28.549190530803603,1,3
9982,257.00162758632524,35.41189587468018,68.16080065184701,0,4
9983,221.671773442221,15.236766780241528,89.19039812824828,0,4
9984,46.37726998311703,15.442248771221198,66.98983614321745,1,2
9985,182.3124502122304,38.30639479291722,55.422657454769634,0,4
9986,188.5921955021428,17.233059680918934,66.25653130573033,0,4
9987,27.17054205055831,24.15545022861193,57.50172627885768,0,1
9988,139.74169630078077,43.74121272311493,31.35052608122537,0,4
9989,78.20051870028237,44.55741352342414,79.29475402023213,0,3
9990,140.13904282904488,19.842085856582003,62.6430530771738,0,4
9991,233.1212973968625,31.827057643075506,51.94583008465246,0,4
9992,47.47786794309591,31.774464854708995,64.7710801633605,1,2
9993,36.99126167641313,28.5714207159784,39.29815635626679,0,2
9994,80.79494853173188,42.741004747919874,54.23661723763458,0,3
9995,285.682635103975,37.62101727372481,69.79561608029826,0,4
9996,224.3472633554899,37.93580807045832,38.095485893378566,0,4
9997,5.836758844363976,23.08708295308029,79.9196067731652,1,0
9998,120.301452745013,28.02959316604916,61.680872948526925,1,3
9999,77.21939372411556,29.622710954263592,88.93653683348126,1,3
